Location,Property,"Staff & Location - Employee Number","Submission Date","Submitted By","Assigned To"
"Sec 21 - Bartlett","Stearns Crossing (Retail)",547,"02/15/2016 06:34 AM","SnowPlus Staff","Chad Meyer"
"Sec 04 - Aurora West / Batavia","West Aurora Plaza",866,"02/15/2016 05:33 AM","SnowPlus Staff",
"Sec 04 - Aurora West / Batavia","West Aurora Plaza",866,"02/15/2016 05:33 AM","SnowPlus Staff",
"Sec 04 - Aurora West / Batavia","West Aurora Plaza",866,"02/15/2016 05:33 AM","SnowPlus Staff",
"Sec 04 - Aurora West / Batavia","West Aurora Plaza",866,"02/15/2016 05:33 AM","SnowPlus Staff",
"Sec 22 - Elgin","1360 Madeline",653,"02/15/2016 05:29 AM","SnowPlus Staff","Freddy Martin"
"Sec 16 - Carol Stream West","235 Tubeway",961,"02/15/2016 05:27 AM","SnowPlus Staff","Leo Vargas"
"Sec 22 - Elgin","2700 Alft",653,"02/15/2016 04:45 AM","SnowPlus Staff","Freddy Martin"
"Sec 07 - Bensenville","877 Supreme",986,"02/15/2016 04:30 AM","SnowPlus Staff","Ernie Vargas"
"Sec 29 - Naperville West","International Paper",806,"02/15/2016 04:21 AM","SnowPlus Staff","Scott Erickson"
"Sec 24 - Elmhurst","777 Church",1076,"02/15/2016 04:10 AM","SnowPlus Staff","Jim Jungles"
"Sec 29 - Naperville West","International Paper",806,"02/15/2016 03:57 AM","SnowPlus Staff","Scott Erickson"
"Sec 28 - Naperville East","2012 Corporate",806,"02/15/2016 03:56 AM","SnowPlus Staff","Scott Erickson"
"Sec 28 - Naperville East","Canterra Commons",806,"02/15/2016 03:54 AM","SnowPlus Staff","Scott Erickson"
"Sec 24 - Elmhurst","777 Church",979,"02/15/2016 03:53 AM","SnowPlus Staff","Jim Jungles"
"Sec 24 - Elmhurst","777 Church",1028,"02/15/2016 03:52 AM","SnowPlus Staff","Jim Jungles"
"Sec 25 - Glendale Heights","180 Exchange",87,"02/15/2016 03:49 AM","SnowPlus Staff","Paul Steinhauer"
"Sec 13 - Romeoville","Buffalo Wild Wings and Retail",899,"02/15/2016 03:33 AM","SnowPlus Staff","Mike Jungles"
"Sec 11 - Bolingbrook South","505 Crossroads",1012,"02/15/2016 03:30 AM","SnowPlus Staff","Tom Ustaszewski"
"Sec 11 - Bolingbrook South","505 Crossroads",1075,"02/15/2016 03:28 AM","SnowPlus Staff","Tom Ustaszewski"
"Sec 33 - University Park","UTI Michelin",102,"02/15/2016 03:27 AM","SnowPlus Staff","Scott Senne"
"Sec 25 - Glendale Heights","180 Exchange",962,"02/15/2016 03:26 AM","SnowPlus Staff","Paul Steinhauer"
"Sec 25 - Glendale Heights","180 Exchange",962,"02/15/2016 03:24 AM","SnowPlus Staff","Paul Steinhauer"
"Sec 25 - Glendale Heights","180 Exchange",962,"02/15/2016 03:23 AM","SnowPlus Staff","Paul Steinhauer"
"Sec 19 - Elk Grove Village","1501 Pratt",107,"02/15/2016 03:14 AM","SnowPlus Staff","Ernie Vargas"
"Sec 24 - Elmhurst","11700 Grand",1028,"02/15/2016 03:11 AM","SnowPlus Staff","Jim Jungles"
"Sec 24 - Elmhurst","11700 Grand",979,"02/15/2016 03:09 AM","SnowPlus Staff","Jim Jungles"
"Sec 19 - Elk Grove Village","900 Thorndale",728,"02/15/2016 02:49 AM","SnowPlus Staff","Ernie Vargas"
"Sec 24 - Elmhurst","949 - 853 Larch",1076,"02/15/2016 02:36 AM","SnowPlus Staff","Jim Jungles"
"Sec 13 - Romeoville","Buffalo Wild Wings and Retail",686,"02/15/2016 02:20 AM","SnowPlus Staff","Mike Jungles"
"Sec 11 - Bolingbrook South","400 Crossroads",1012,"02/15/2016 02:19 AM","SnowPlus Staff","Tom Ustaszewski"
"Sec 11 - Bolingbrook South","400 Crossroads",1075,"02/15/2016 02:19 AM","SnowPlus Staff","Tom Ustaszewski"
"Sec 25 - Glendale Heights","1601 & 1625 Fullerton",87,"02/15/2016 02:18 AM","SnowPlus Staff","Paul Steinhauer"
"Sec 35 - Woodridge Industrial","2300 Internationale",1012,"02/15/2016 02:07 AM","SnowPlus Staff","Doug Hendon"
"Sec 35 - Woodridge Industrial",Xcell,1012,"02/15/2016 02:07 AM","SnowPlus Staff","Doug Hendon"
"Sec 35 - Woodridge Industrial",Xcell,1012,"02/15/2016 02:07 AM","SnowPlus Staff","Doug Hendon"
"Sec 35 - Woodridge Industrial","2300 Internationale",1075,"02/15/2016 02:06 AM","SnowPlus Staff","Doug Hendon"
"Sec 12 - Bolingbrook Southwest","710 Theodore",3044,"02/15/2016 02:03 AM","SnowPlus Staff","Adam Halm"
"Sec 05 - Bedford Park","7301 - 7361 Meade",328,"02/15/2016 02:00 AM","SnowPlus Staff","Enick Morris"
"Sec 07 - Bensenville","975-1001 Bryn Mawr",3022,"02/15/2016 01:50 AM","SnowPlus Staff","Ernie Vargas"
"Sec 07 - Bensenville","571-599 Edgewood",728,"02/15/2016 01:47 AM","SnowPlus Staff","Ernie Vargas"
"Sec 25 - Glendale Heights","1601 & 1625 Fullerton",692,"02/15/2016 01:44 AM","SnowPlus Staff","Paul Steinhauer"
"Sec 10 - Bolingbrook West","1375 Weber",985,"02/15/2016 01:42 AM","SnowPlus Staff","Donato Garcia"
"Sec 10 - Bolingbrook West","901 Carlow",960,"02/15/2016 01:41 AM","SnowPlus Staff","Donato Garcia"
"Sec 25 - Glendale Heights","699 Regency",87,"02/15/2016 01:34 AM","SnowPlus Staff","Paul Steinhauer"
"Sec 31 - Roselle","5700 Turnberry",547,"02/15/2016 01:24 AM","SnowPlus Staff","Chad Meyer"
"Sec 18 - Mt. Prospect-Glenview","1000 Milwaukee",999,"02/15/2016 01:23 AM","SnowPlus Staff","Bobby Gomez"
"Sec 23 - Rosemont","Columbia Center I & II",979,"02/15/2016 01:19 AM","SnowPlus Staff","Jim Jungles"
"Sec 23 - Rosemont","Columbia Center I & II",1028,"02/15/2016 01:16 AM","SnowPlus Staff","Jim Jungles"
"Sec 16 - Carol Stream West","235 Tubeway",963,"02/15/2016 01:15 AM","SnowPlus Staff","Leo Vargas"
"Sec 07 - Bensenville","950-990 Supreme",987,"02/15/2016 01:08 AM","SnowPlus Staff","Ernie Vargas"
"Sec 07 - Bensenville","311 Richert",728,"02/15/2016 01:07 AM","SnowPlus Staff","Ernie Vargas"
"Sec 25 - Glendale Heights","699 Regency",692,"02/15/2016 01:00 AM","SnowPlus Staff","Paul Steinhauer"
"Sec 07 - Bensenville","201 Hansen",728,"02/15/2016 12:54 AM","SnowPlus Staff","Ernie Vargas"
"Sec 32 - Schaumburg","930 National",115,"02/15/2016 12:36 AM","SnowPlus Staff","Brandon Temesuary"
"Sec 07 - Bensenville","626-630 Thomas",3022,"02/15/2016 12:35 AM","SnowPlus Staff","Ernie Vargas"
"Sec 07 - Bensenville","877 Supreme",986,"02/15/2016 12:29 AM","SnowPlus Staff","Ernie Vargas"
"Sec 08 - Berkeley","5000 Proviso",1076,"02/15/2016 12:17 AM","SnowPlus Staff","Jim Jungles"
"Sec 10 - Bolingbrook West","1290 Remington",985,"02/15/2016 12:15 AM","SnowPlus Staff","Donato Garcia"
"Sec 25 - Glendale Heights","110 International",87,"02/15/2016 12:13 AM","SnowPlus Staff","Paul Steinhauer"
"Sec 13 - Romeoville","160 South Creek",686,"02/15/2016 12:11 AM","SnowPlus Staff","Mike Jungles"
"Sec 23 - Rosemont","Columbia Center III",1015,"02/15/2016 12:05 AM","SnowPlus Staff","Jim Jungles"
"Sec 35 - Woodridge Industrial","2300 Internationale",1012,"02/15/2016 12:04 AM","SnowPlus Staff","Doug Hendon"
"Sec 35 - Woodridge Industrial","2300 Internationale",1075,"02/15/2016 12:04 AM","SnowPlus Staff","Doug Hendon"
"Sec 16 - Carol Stream West","189 Easy",963,"02/14/2016 11:57 PM","SnowPlus Staff","Leo Vargas"
"Sec 35 - Woodridge Industrial",Xcell,1075,"02/14/2016 11:56 PM","SnowPlus Staff","Doug Hendon"
"Sec 13 - Romeoville","160 South Creek",899,"02/14/2016 11:54 PM","SnowPlus Staff","Mike Jungles"
"Sec 23 - Rosemont","Columbia Center III",1028,"02/14/2016 11:53 PM","SnowPlus Staff","Jim Jungles"
"Sec 13 - Romeoville","160 South Creek",899,"02/14/2016 11:51 PM","SnowPlus Staff","Mike Jungles"
"Sec 13 - Romeoville","160 South Creek",899,"02/14/2016 11:47 PM","SnowPlus Staff","Mike Jungles"
"Sec 07 - Bensenville","595-601 Supreme",986,"02/14/2016 11:44 PM","SnowPlus Staff","Ernie Vargas"
"Sec 10 - Bolingbrook West","1290 Remington",960,"02/14/2016 11:32 PM","SnowPlus Staff","Donato Garcia"
"Sec 04 - Aurora West / Batavia","2401 Kaneville Rd",961,"02/14/2016 11:27 PM","SnowPlus Staff",
"Sec 07 - Bensenville","659-699 Supreme",3023,"02/14/2016 11:26 PM","SnowPlus Staff","Ernie Vargas"
"Sec 22 - Elgin",Chase,653,"02/14/2016 11:25 PM","SnowPlus Staff","Freddy Martin"
"Sec 22 - Elgin","2770 Aflt",653,"02/14/2016 11:23 PM","SnowPlus Staff","Freddy Martin"
"Sec 18 - Mt. Prospect-Glenview","1000 Milwaukee",51,"02/14/2016 11:22 PM","SnowPlus Staff","Bobby Gomez"
"Sec 04 - Aurora West / Batavia","2401 Kaneville Rd",961,"02/14/2016 11:20 PM","SnowPlus Staff",
"Sec 26 - Itasca","909 Irving Park",877,"02/14/2016 11:19 PM","SnowPlus Staff","Don Down"
"Sec 07 - Bensenville","201 Hansen",728,"02/14/2016 11:17 PM","SnowPlus Staff","Ernie Vargas"
"Sec 17 - Lombard / Oakbrook","2301-2311 22nd St",819,"02/14/2016 11:17 PM","SnowPlus Staff","Greg Skonie"
"Sec 10 - Bolingbrook West","1101-1109 Windham  2 bldgs",985,"02/14/2016 11:16 PM","SnowPlus Staff","Donato Garcia"
"Sec 22 - Elgin","1675 Holmes",3021,"02/14/2016 11:15 PM","SnowPlus Staff","Freddy Martin"
"Sec 07 - Bensenville","659-699 Supreme",107,"02/14/2016 11:15 PM","SnowPlus Staff","Ernie Vargas"
"Sec 22 - Elgin","2770 Aflt",653,"02/14/2016 11:15 PM","SnowPlus Staff","Freddy Martin"
"Sec 21 - Bartlett","Stearns Crossing (Retail)",547,"02/14/2016 11:13 PM","SnowPlus Staff","Chad Meyer"
"Sec 25 - Glendale Heights","80 International",87,"02/14/2016 11:05 PM","SnowPlus Staff","Paul Steinhauer"
"Sec 33 - University Park","DSC Logistics",102,"02/14/2016 11:03 PM","SnowPlus Staff","Scott Senne"
"Sec 18 - Mt. Prospect-Glenview","1471 Business Center",999,"02/14/2016 11:02 PM","SnowPlus Staff","Bobby Gomez"
"Sec 09 - Bolingbrook North","581 Territorial",361,"02/14/2016 11:01 PM","SnowPlus Staff","Tom Ustaszewski"
"Sec 23 - Rosemont","Columbia Center III",1015,"02/14/2016 10:55 PM","SnowPlus Staff","Jim Jungles"
"Sec 23 - Rosemont","Columbia Center III",1015,"02/14/2016 10:52 PM","SnowPlus Staff","Jim Jungles"
"Sec 25 - Glendale Heights","139 Army Trail",962,"02/14/2016 10:51 PM","SnowPlus Staff","Paul Steinhauer"
"Sec 27 - Joliet","3311 & 3325 Corporate",3029,"02/14/2016 10:46 PM","SnowPlus Staff","Bob Inabnit"
"Sec 34 - Woodridge Retail","Art Van - Woodridge",309,"02/14/2016 10:46 PM","SnowPlus Staff","Dan Castro"
"Sec 20 - Elk Grove Village North","951 Fargo",412,"02/14/2016 10:39 PM","SnowPlus Staff","Ernie Vargas"
"Sec 20 - Elk Grove Village North","951 Fargo",412,"02/14/2016 10:39 PM","SnowPlus Staff","Ernie Vargas"
"Sec 05 - Bedford Park","Art Van - Cicero",328,"02/14/2016 10:38 PM","SnowPlus Staff","Enick Morris"
"Sec 07 - Bensenville","645-651 Supreme",986,"02/14/2016 10:37 PM","SnowPlus Staff","Ernie Vargas"
"Sec 14 - Bolingbrook East","333 Gilbralter",3044,"02/14/2016 10:37 PM","SnowPlus Staff","Mike Esposito"
"Sec 04 - Aurora West / Batavia","2401 Kaneville Rd",961,"02/14/2016 10:36 PM","SnowPlus Staff",
"Sec 15 - Carol Stream East","545 Fullerton",3048,"02/14/2016 10:29 PM","SnowPlus Staff","Cody Moutvic"
"Sec 16 - Carol Stream West","225 Westgate",963,"02/14/2016 10:26 PM","SnowPlus Staff","Leo Vargas"
"Sec 16 - Carol Stream West","Wheaton Sports Center",864,"02/14/2016 10:17 PM","SnowPlus Staff","Leo Vargas"
"Sec 31 - Roselle","Maines Foods",547,"02/14/2016 09:59 PM","SnowPlus Staff","Chad Meyer"
"Sec 01 - Addison","350 Rohlwing - Vanport Warehousing",673,"02/14/2016 09:57 PM","SnowPlus Staff","Wally Sternberg"
"Sec 32 - Schaumburg","Bed Bath & Beyond",115,"02/14/2016 09:50 PM","SnowPlus Staff","Connor Young"
"Sec 35 - Woodridge Industrial","10220 Werch",1012,"02/14/2016 09:50 PM","SnowPlus Staff","Doug Hendon"
"Sec 35 - Woodridge Industrial","10220 Werch",1075,"02/14/2016 09:49 PM","SnowPlus Staff","Doug Hendon"
"Sec 32 - Schaumburg","Art Van Schaumburg",115,"02/14/2016 09:47 PM","SnowPlus Staff","Brandon Temesuary"
"Sec 07 - Bensenville","600-608 & 610-620 Supreme ( 2 bdgs)",107,"02/14/2016 09:37 PM","SnowPlus Staff","Ernie Vargas"
"Sec 10 - Bolingbrook West","1101-1109 Windham  2 bldgs",960,"02/14/2016 09:36 PM","SnowPlus Staff","Donato Garcia"
"Sec 34 - Woodridge Retail","Centerpointe Retail Centre",309,"02/14/2016 09:30 PM","SnowPlus Staff","Dan Castro"
"Sec 35 - Woodridge Industrial",Xcell,1012,"02/14/2016 09:11 PM","SnowPlus Staff","Doug Hendon"
"Sec 35 - Woodridge Industrial",Xcell,1012,"02/14/2016 09:10 PM","SnowPlus Staff","Doug Hendon"
"Sec 35 - Woodridge Industrial",Xcell,1075,"02/14/2016 09:10 PM","SnowPlus Staff","Doug Hendon"
"Sec 19 - Elk Grove Village","1201-1251 Mark",879,"02/14/2016 09:10 PM","SnowPlus Staff","Ernie Vargas"
"Sec 34 - Woodridge Retail","Darien Towne Center",309,"02/14/2016 09:05 PM","SnowPlus Staff","Dan Castro"
"Sec 19 - Elk Grove Village","1201-1251 Mark",879,"02/14/2016 09:04 PM","SnowPlus Staff","Ernie Vargas"
"Sec 26 - Itasca",Canon,1035,"02/14/2016 09:02 PM","SnowPlus Staff","Don Down"
"Sec 26 - Itasca",Canon,944,"02/14/2016 09:02 PM","SnowPlus Staff","Don Down"
"Sec 10 - Bolingbrook West","RR Donnelly",985,"02/14/2016 09:00 PM","SnowPlus Staff","Donato Garcia"
"Sec 07 - Bensenville","971-991 Supreme",3022,"02/14/2016 08:51 PM","SnowPlus Staff","Ernie Vargas"
"Sec 07 - Bensenville","855 Woodale",728,"02/14/2016 08:49 PM","SnowPlus Staff","Ernie Vargas"
"Sec 07 - Bensenville","950-990 Supreme",3023,"02/14/2016 08:41 PM","SnowPlus Staff","Ernie Vargas"
"Sec 07 - Bensenville","630-650 Supreme",987,"02/14/2016 08:39 PM","SnowPlus Staff","Ernie Vargas"
"Sec 07 - Bensenville","1141 Ellis",986,"02/14/2016 08:32 PM","SnowPlus Staff","Ernie Vargas"
"Sec 33 - University Park","DSC Logistics",102,"02/14/2016 08:23 PM","SnowPlus Staff","Scott Senne"
"Sec 22 - Elgin","2700 Alft",3021,"02/14/2016 08:17 PM","SnowPlus Staff","Freddy Martin"
"Sec 13 - Romeoville","Buffalo Wild Wings and Retail",899,"02/14/2016 08:09 PM","SnowPlus Staff","Mike Jungles"
"Sec 23 - Rosemont","Columbia Center III",893,"02/14/2016 08:04 PM","SnowPlus Staff","Jim Jungles"
"Sec 31 - Roselle","Maines Foods",547,"02/14/2016 07:57 PM","SnowPlus Staff","Chad Meyer"
"Sec 32 - Schaumburg","Bed Bath & Beyond",115,"02/14/2016 07:18 PM","SnowPlus Staff","Connor Young"
"Sec 16 - Carol Stream West","Wheaton Sports Center",730,"02/14/2016 06:56 PM","SnowPlus Staff","Leo Vargas"
"Sec 33 - University Park","Matteson Retail Center",102,"02/14/2016 06:52 PM","SnowPlus Staff","Scott Senne"
"Sec 16 - Carol Stream West","Fresh Markets",864,"02/14/2016 06:50 PM","SnowPlus Staff","Leo Vargas"
"Sec 13 - Romeoville","160 South Creek",899,"02/14/2016 06:46 PM","SnowPlus Staff","Mike Jungles"
"Sec 22 - Elgin",Chase,3021,"02/14/2016 06:38 PM","SnowPlus Staff","Freddy Martin"
"Sec 15 - Carol Stream East","376 Lies",202,"02/14/2016 06:29 PM","SnowPlus Staff","Cody Moutvic"
"Sec 34 - Woodridge Retail","Darien Towne Center",309,"02/14/2016 06:28 PM","SnowPlus Staff","Dan Castro"
"Sec 32 - Schaumburg","Art Van Schaumburg",115,"02/14/2016 06:26 PM","SnowPlus Staff","Brandon Temesuary"
"Sec 10 - Bolingbrook West","901 Carlow",985,"02/14/2016 06:26 PM","SnowPlus Staff","Donato Garcia"
"Sec 32 - Schaumburg","Art Van Schaumburg",115,"02/14/2016 06:08 PM","SnowPlus Staff","Brandon Temesuary"
"Sec 20 - Elk Grove Village North","Tech Center II",107,"02/14/2016 06:06 PM","SnowPlus Staff","Ernie Vargas"
"Sec 21 - Bartlett","Stearns Crossing (Retail)",547,"02/14/2016 06:02 PM","SnowPlus Staff","Chad Meyer"
"Sec 34 - Woodridge Retail","Art Van - Woodridge",309,"02/14/2016 05:54 PM","SnowPlus Staff","Dan Castro"
"Sec 32 - Schaumburg",Sunstar,115,"02/14/2016 05:45 PM","SnowPlus Staff","Connor Young"
"Sec 33 - University Park","DSC Logistics",102,"02/14/2016 05:35 PM","SnowPlus Staff","Scott Senne"
"Sec 09 - Bolingbrook North","500 & 510 Territorial & 1 Northpointe Ct",361,"02/14/2016 05:35 PM","SnowPlus Staff","Tom Ustaszewski"
"Sec 10 - Bolingbrook West","901 Carlow",985,"02/14/2016 05:22 PM","SnowPlus Staff","Donato Garcia"
"Sec 13 - Romeoville","Buffalo Wild Wings and Retail",899,"02/14/2016 05:14 PM","SnowPlus Staff","Mike Jungles"
"Sec 32 - Schaumburg","Bed Bath & Beyond",115,"02/14/2016 05:07 PM","SnowPlus Staff","Connor Young"
"Sec 09 - Bolingbrook North","605 Territorial",361,"02/14/2016 04:46 PM","SnowPlus Staff","Bill Gabris"
"Sec 09 - Bolingbrook North","595 Territorial",361,"02/14/2016 04:46 PM","SnowPlus Staff","Bill Gabris"
"Sec 09 - Bolingbrook North","581 Territorial",361,"02/14/2016 04:46 PM","SnowPlus Staff","Tom Ustaszewski"
"Sec 09 - Bolingbrook North","850 Veterans",361,"02/14/2016 04:45 PM","SnowPlus Staff","Bill Gabris"
"Sec 09 - Bolingbrook North","1055 Remington",361,"02/14/2016 04:36 PM","SnowPlus Staff","Bill Gabris"
"Sec 32 - Schaumburg","Art Van Schaumburg",115,"02/14/2016 04:30 PM","SnowPlus Staff","Brandon Temesuary"
"Sec 34 - Woodridge Retail","Centerpointe Retail Centre",328,"02/14/2016 04:29 PM","SnowPlus Staff","Dan Castro"
"Sec 16 - Carol Stream West","Fresh Markets",864,"02/14/2016 04:20 PM","SnowPlus Staff","Leo Vargas"
"Sec 23 - Rosemont","Columbia Center III",893,"02/14/2016 04:16 PM","SnowPlus Staff","Jim Jungles"
"Sec 09 - Bolingbrook North","750 Veterans",361,"02/14/2016 04:15 PM","SnowPlus Staff","Tom Ustaszewski"
"Sec 07 - Bensenville","971-991 Supreme",107,"02/14/2016 03:58 PM","SnowPlus Staff","Ernie Vargas"
"Sec 13 - Romeoville","160 South Creek",899,"02/14/2016 03:51 PM","SnowPlus Staff","Mike Jungles"
"Sec 01 - Addison","775 Belden",3053,"02/14/2016 03:48 PM","SnowPlus Staff","Wally Sternberg"
"Sec 32 - Schaumburg","Bed Bath & Beyond",115,"02/14/2016 03:45 PM","SnowPlus Staff","Connor Young"
"Sec 09 - Bolingbrook North","850 Veterans",361,"02/14/2016 03:42 PM","SnowPlus Staff","Bill Gabris"
"Sec 33 - University Park","Matteson Retail Center",102,"02/14/2016 03:42 PM","SnowPlus Staff","Scott Senne"
"Sec 29 - Naperville West",Kellogg,806,"02/14/2016 03:39 PM","SnowPlus Staff","Scott Erickson"
"Sec 20 - Elk Grove Village North","Regent O'Hare Building A",107,"02/14/2016 03:37 PM","SnowPlus Staff","Ernie Vargas"
"Sec 22 - Elgin",Chase,653,"02/14/2016 03:34 PM","SnowPlus Staff","Freddy Martin"
"Sec 09 - Bolingbrook North","606-612 Territorial",361,"02/14/2016 03:26 PM","SnowPlus Staff","Tom Ustaszewski"
"Sec 31 - Roselle","Maines Foods",547,"02/14/2016 03:25 PM","SnowPlus Staff","Chad Meyer"
"Sec 10 - Bolingbrook West","1290 Remington",985,"02/14/2016 03:25 PM","SnowPlus Staff","Donato Garcia"
"Sec 28 - Naperville East","Canterra Commons",806,"02/14/2016 03:23 PM","SnowPlus Staff","Scott Erickson"
"Sec 10 - Bolingbrook West","1290 Remington",985,"02/14/2016 03:23 PM","SnowPlus Staff","Donato Garcia"
"Sec 10 - Bolingbrook West","1290 Remington",985,"02/14/2016 03:22 PM","SnowPlus Staff","Donato Garcia"
"Sec 20 - Elk Grove Village North","Tech Center II",107,"02/14/2016 03:20 PM","SnowPlus Staff","Ernie Vargas"
"Sec 22 - Elgin","901 Weseman",653,"02/14/2016 03:05 PM","SnowPlus Staff","Freddy Martin"
"Sec 32 - Schaumburg",Sunstar,115,"02/14/2016 03:02 PM","SnowPlus Staff","Connor Young"
"Sec 09 - Bolingbrook North","605 Territorial",361,"02/14/2016 02:49 PM","SnowPlus Staff","Bill Gabris"
"Sec 09 - Bolingbrook North","605 Territorial",361,"02/14/2016 02:49 PM","SnowPlus Staff","Bill Gabris"
"Sec 09 - Bolingbrook North","595 Territorial",361,"02/14/2016 02:49 PM","SnowPlus Staff","Bill Gabris"
"Sec 09 - Bolingbrook North","581 Territorial",361,"02/14/2016 02:49 PM","SnowPlus Staff","Tom Ustaszewski"
"Sec 13 - Romeoville","Buffalo Wild Wings and Retail",899,"02/14/2016 02:47 PM","SnowPlus Staff","Mike Jungles"
"Sec 33 - University Park","DSC Logistics",102,"02/14/2016 02:43 PM","SnowPlus Staff","Scott Senne"
"Sec 22 - Elgin","1385 Madeline",653,"02/14/2016 02:42 PM","SnowPlus Staff","Freddy Martin"
"Sec 09 - Bolingbrook North","750 Veterans",361,"02/14/2016 02:37 PM","SnowPlus Staff","Tom Ustaszewski"
"Sec 10 - Bolingbrook West","901 Carlow",985,"02/14/2016 02:36 PM","SnowPlus Staff","Donato Garcia"
"Sec 10 - Bolingbrook West","901 Carlow",985,"02/14/2016 02:35 PM","SnowPlus Staff","Donato Garcia"
"Sec 09 - Bolingbrook North","605 Territorial",361,"02/14/2016 02:34 PM","SnowPlus Staff","Bill Gabris"
"Sec 09 - Bolingbrook North","850 Veterans",361,"02/14/2016 02:34 PM","SnowPlus Staff","Bill Gabris"
"Sec 09 - Bolingbrook North","655 Remington",361,"02/14/2016 02:34 PM","SnowPlus Staff","Bill Gabris"
"Sec 09 - Bolingbrook North","1055 Remington",361,"02/14/2016 02:34 PM","SnowPlus Staff","Bill Gabris"
"Sec 23 - Rosemont","Columbia Center III",893,"02/14/2016 02:31 PM","SnowPlus Staff","Jim Jungles"
"Sec 32 - Schaumburg","Bed Bath & Beyond",115,"02/14/2016 02:30 PM","SnowPlus Staff","Connor Young"
"Sec 16 - Carol Stream West","Wheaton Sports Center",730,"02/14/2016 02:28 PM","SnowPlus Staff","Leo Vargas"
"Sec 07 - Bensenville","860-888 Thomas",107,"02/14/2016 02:27 PM","SnowPlus Staff","Ernie Vargas"
"Sec 09 - Bolingbrook North","850 Veterans",361,"02/14/2016 02:26 PM","SnowPlus Staff","Bill Gabris"
"Sec 34 - Woodridge Retail","Centerpointe Retail Centre",328,"02/14/2016 02:21 PM","SnowPlus Staff","Dan Castro"
"Sec 34 - Woodridge Retail","Centerpointe Retail Centre",328,"02/14/2016 02:17 PM","SnowPlus Staff","Dan Castro"
"Sec 07 - Bensenville","630-650 Supreme",107,"02/14/2016 02:13 PM","SnowPlus Staff","Ernie Vargas"
"Sec 09 - Bolingbrook North","1055 Remington",361,"02/14/2016 02:10 PM","SnowPlus Staff","Bill Gabris"
"Sec 09 - Bolingbrook North","850 Veterans",361,"02/14/2016 02:10 PM","SnowPlus Staff","Bill Gabris"
"Sec 09 - Bolingbrook North","605 Territorial",361,"02/14/2016 02:09 PM","SnowPlus Staff","Bill Gabris"
"Sec 09 - Bolingbrook North","605 Territorial",361,"02/14/2016 02:08 PM","SnowPlus Staff","Bill Gabris"
"Sec 09 - Bolingbrook North","595 Territorial",361,"02/14/2016 02:08 PM","SnowPlus Staff","Bill Gabris"
"Sec 09 - Bolingbrook North","655 Remington",361,"02/14/2016 02:08 PM","SnowPlus Staff","Bill Gabris"
"Sec 09 - Bolingbrook North","655 Remington",361,"02/14/2016 02:08 PM","SnowPlus Staff","Bill Gabris"
"Sec 09 - Bolingbrook North","750 Veterans",361,"02/14/2016 02:07 PM","SnowPlus Staff","Tom Ustaszewski"
"Sec 09 - Bolingbrook North","500 & 510 Territorial & 1 Northpointe Ct",361,"02/14/2016 02:07 PM","SnowPlus Staff","Tom Ustaszewski"
"Sec 09 - Bolingbrook North","606-612 Territorial",361,"02/14/2016 02:07 PM","SnowPlus Staff","Tom Ustaszewski"
"Sec 09 - Bolingbrook North","606-612 Territorial",361,"02/14/2016 02:07 PM","SnowPlus Staff","Tom Ustaszewski"
"Sec 09 - Bolingbrook North","850 Remington",361,"02/14/2016 02:07 PM","SnowPlus Staff","Tom Ustaszewski"
"Sec 07 - Bensenville","971-991 Supreme",107,"02/14/2016 02:07 PM","SnowPlus Staff","Ernie Vargas"
"Sec 09 - Bolingbrook North","850 Remington",361,"02/14/2016 02:06 PM","SnowPlus Staff","Tom Ustaszewski"
"Sec 21 - Bartlett","Stearns Crossing (Retail)",547,"02/14/2016 02:06 PM","SnowPlus Staff","Chad Meyer"
"Sec 09 - Bolingbrook North","581 Territorial",361,"02/14/2016 02:06 PM","SnowPlus Staff","Tom Ustaszewski"
"Sec 09 - Bolingbrook North","340 Remington",361,"02/14/2016 02:06 PM","SnowPlus Staff","Tom Ustaszewski"
"Sec 09 - Bolingbrook North","550 West North Frontage Rd",361,"02/14/2016 02:06 PM","SnowPlus Staff","Tom Ustaszewski"
"Sec 20 - Elk Grove Village North","Tech Center II",107,"02/14/2016 02:04 PM","SnowPlus Staff","Ernie Vargas"
"Sec 20 - Elk Grove Village North","Regent O'Hare Building E & F",107,"02/14/2016 02:03 PM","SnowPlus Staff","Ernie Vargas"
"Sec 16 - Carol Stream West","Fresh Markets",730,"02/14/2016 02:01 PM","SnowPlus Staff","Leo Vargas"
"Sec 16 - Carol Stream West","Wheaton Sports Center",730,"02/14/2016 02:00 PM","SnowPlus Staff","Leo Vargas"
"Sec 34 - Woodridge Retail","Darien Towne Center",309,"02/14/2016 01:57 PM","SnowPlus Staff","Dan Castro"
"Sec 12 - Bolingbrook Southwest","775 Prologis",648,"02/14/2016 01:55 PM","SnowPlus Staff","Adam Halm"
"Sec 04 - Aurora West / Batavia","West Aurora Plaza",866,"02/14/2016 01:55 PM","SnowPlus Staff",
"Sec 04 - Aurora West / Batavia","West Aurora Plaza",866,"02/14/2016 01:54 PM","SnowPlus Staff",
"Sec 04 - Aurora West / Batavia","West Aurora Plaza",866,"02/14/2016 01:54 PM","SnowPlus Staff",
"Sec 33 - University Park","Matteson Retail Center",102,"02/14/2016 01:53 PM","SnowPlus Staff","Scott Senne"
"Sec 10 - Bolingbrook West","RR Donnelly",985,"02/14/2016 01:53 PM","SnowPlus Staff","Donato Garcia"
"Sec 32 - Schaumburg","Art Van Schaumburg",115,"02/14/2016 01:48 PM","SnowPlus Staff","Brandon Temesuary"
"Sec 22 - Elgin",Chase,653,"02/14/2016 01:19 PM","SnowPlus Staff","Freddy Martin"
"Sec 01 - Addison","775 Belden",3053,"02/10/2016 01:12 AM","SnowPlus Staff","Wally Sternberg"
"Sec 01 - Addison","710 Belden",3053,"02/10/2016 12:53 AM","SnowPlus Staff","Wally Sternberg"
"Sec 01 - Addison","350 Rohlwing - Vanport Warehousing",3053,"02/10/2016 12:05 AM","SnowPlus Staff","Wally Sternberg"
