Location,Property," - Employee Number"," - Bags of Salt Used? "," - Bags of Calcium Used? "," - How many Guys Servicing Property?"," - Total Man Hours of all Guys?","Submission Date","Submitted By","Assigned To"
"Sec 29 - Naperville West","220 Frontenac",989,2,0,2,1,"01/12/2016 03:58 PM","SnowPlus Staff","Mito Sopko"
"Sec 03 - Aurora","3505 Thayer",989,1,0,2,1,"01/12/2016 03:56 PM","SnowPlus Staff","Mito Sopko"
"Sec 03 - Aurora","3901 Liberty",989,2,0,2,2,"01/12/2016 03:55 PM","SnowPlus Staff","Mito Sopko"
"Sec 03 - Aurora","4394 Liberty",989,2,0,2,2,"01/12/2016 03:54 PM","SnowPlus Staff","Mito Sopko"
"Sec 03 - Aurora","858 Meridian",989,2,0,2,2,"01/12/2016 03:53 PM","SnowPlus Staff","Mito Sopko"
"Sec 03 - Aurora","4151 McCoy",989,3,0,2,3,"01/12/2016 03:53 PM","SnowPlus Staff","Mito Sopko"
"Sec 03 - Aurora","4222 Meridian Pkwy",989,1,0,2,1,"01/12/2016 03:52 PM","SnowPlus Staff","Mito Sopko"
"Sec 24 - Elmhurst","777 Church",205,5,0,2,4,"01/12/2016 02:19 PM","SnowPlus Staff","Jim Jungles"
"Sec 24 - Elmhurst","949 - 853 Larch",205,4,0,2,4,"01/12/2016 02:18 PM","SnowPlus Staff","Jim Jungles"
"Sec 24 - Elmhurst","11700 Grand",205,5,0,2,4,"01/12/2016 02:17 PM","SnowPlus Staff","Jim Jungles"
"Sec 23 - Rosemont","3708 River",205,22,0,2,10,"01/12/2016 02:15 PM","SnowPlus Staff","Jim Jungles"
"Sec 23 - Rosemont","Columbia Center III",205,8,0,2,16,"01/12/2016 02:14 PM","SnowPlus Staff","Jim Jungles"
"Sec 23 - Rosemont","Columbia Center I & II",205,10,0,2,8,"01/12/2016 02:13 PM","SnowPlus Staff","Jim Jungles"
"Sec 20 - Elk Grove Village North","1723 Marshall",205,2,0,3,3,"01/12/2016 02:12 PM","SnowPlus Staff","Ernie Vargas"
"Sec 20 - Elk Grove Village North","1500 Higgins Rd",205,2,0,3,4,"01/12/2016 02:11 PM","SnowPlus Staff","Ernie Vargas"
"Sec 20 - Elk Grove Village North","Regent O'Hare Building Industrial Center",205,5,0,3,4,"01/12/2016 02:10 PM","SnowPlus Staff","Ernie Vargas"
"Sec 20 - Elk Grove Village North","Regent O'Hare Building E & F",205,3,0,3,4,"01/12/2016 02:09 PM","SnowPlus Staff","Ernie Vargas"
"Sec 20 - Elk Grove Village North","Regent O'Hare Building A",205,2,0,3,4,"01/12/2016 02:08 PM","SnowPlus Staff","Ernie Vargas"
"Sec 20 - Elk Grove Village North","Regent O'Hare Building B",205,2,0,3,4,"01/12/2016 02:08 PM","SnowPlus Staff","Ernie Vargas"
"Sec 20 - Elk Grove Village North","Tech Center I",205,2,0,3,4,"01/12/2016 02:07 PM","SnowPlus Staff","Ernie Vargas"
"Sec 20 - Elk Grove Village North","1800 Landmeier",205,2,0,3,4,"01/12/2016 02:06 PM","SnowPlus Staff","Ernie Vargas"
"Sec 20 - Elk Grove Village North","Tech Center II",205,2,0,3,4,"01/12/2016 02:06 PM","SnowPlus Staff","Ernie Vargas"
"Sec 20 - Elk Grove Village North","951 Fargo",205,2,0,3,3,"01/12/2016 02:05 PM","SnowPlus Staff","Ernie Vargas"
"Sec 19 - Elk Grove Village","1601 Pratt",205,4,0,3,5,"01/12/2016 02:04 PM","SnowPlus Staff","Ernie Vargas"
"Sec 19 - Elk Grove Village","1501 Pratt",205,4,0,3,4,"01/12/2016 02:03 PM","SnowPlus Staff","Ernie Vargas"
"Sec 19 - Elk Grove Village","1201 Kirk",205,3,0,3,3,"01/12/2016 02:02 PM","SnowPlus Staff","Ernie Vargas"
"Sec 19 - Elk Grove Village","2901 Lively",205,3,0,3,3,"01/12/2016 02:01 PM","SnowPlus Staff","Ernie Vargas"
"Sec 19 - Elk Grove Village","2521 Lively",205,2,0,2,3,"01/12/2016 02:00 PM","SnowPlus Staff","Ernie Vargas"
"Sec 19 - Elk Grove Village","1107 Mark",205,2,0,2,3,"01/12/2016 01:59 PM","SnowPlus Staff","Ernie Vargas"
"Sec 19 - Elk Grove Village","1201-1251 Mark",205,4,0,3,5,"01/12/2016 01:58 PM","SnowPlus Staff","Ernie Vargas"
"Sec 19 - Elk Grove Village","1300 Mark",205,2,0,2,3,"01/12/2016 01:57 PM","SnowPlus Staff","Ernie Vargas"
"Sec 19 - Elk Grove Village","1400 Mark",205,2,0,2,3,"01/12/2016 01:57 PM","SnowPlus Staff","Ernie Vargas"
"Sec 19 - Elk Grove Village","1301-1401 Mark",205,4,0,3,5,"01/12/2016 01:56 PM","SnowPlus Staff","Ernie Vargas"
"Sec 19 - Elk Grove Village","2781 Katherine",205,2,0,2,3,"01/12/2016 01:54 PM","SnowPlus Staff","Ernie Vargas"
"Sec 19 - Elk Grove Village","1380-1410 Kirk",205,2,0,2,2,"01/12/2016 01:53 PM","SnowPlus Staff","Ernie Vargas"
"Sec 19 - Elk Grove Village","1290 Thorndale",205,2,0,2,2,"01/12/2016 01:52 PM","SnowPlus Staff","Ernie Vargas"
"Sec 19 - Elk Grove Village","1100 Thorndale",205,3,0,3,3,"01/12/2016 01:51 PM","SnowPlus Staff","Ernie Vargas"
"Sec 19 - Elk Grove Village","2700 Carl",205,2,0,2,3,"01/12/2016 01:50 PM","SnowPlus Staff","Ernie Vargas"
"Sec 19 - Elk Grove Village","2800 Carl",205,2,0,3,3,"01/12/2016 01:49 PM","SnowPlus Staff","Ernie Vargas"
"Sec 19 - Elk Grove Village","900 Thorndale",205,2,0,2,3,"01/12/2016 01:49 PM","SnowPlus Staff","Ernie Vargas"
"Sec 19 - Elk Grove Village","2800 - 2900 Lively",205,2,0,3,3,"01/12/2016 01:48 PM","SnowPlus Staff","Ernie Vargas"
"Sec 18 - Mt. Prospect-Glenview","1471 Business Center",205,3,0,3,6,"01/12/2016 01:46 PM","SnowPlus Staff","Bobby Gomez"
"Sec 18 - Mt. Prospect-Glenview","1000 Milwaukee",205,6,0,3,15,"01/12/2016 01:45 PM","SnowPlus Staff","Bobby Gomez"
"Sec 17 - Lombard / Oakbrook","Eisenhower Buildings",205,32,0,4,40,"01/12/2016 01:44 PM","SnowPlus Staff","Greg Skonie"
"Sec 34 - Woodridge Retail","Art Van - Woodridge",447,8,1,5,15,"01/12/2016 11:09 AM","SnowPlus Staff","Dan Castro"
"Sec 34 - Woodridge Retail","Darien Towne Center",447,26,1,5,30,"01/12/2016 11:06 AM","SnowPlus Staff","Dan Castro"
"Sec 34 - Woodridge Retail","Centerpointe Retail Centre",447,35,2,5,35,"01/12/2016 11:05 AM","SnowPlus Staff","Dan Castro"
"Sec 25 - Glendale Heights","180 Exchange",419,2,0,3,2,"01/12/2016 10:42 AM","SnowPlus Staff","Paul Steinhauer"
"Sec 25 - Glendale Heights","110 International",419,2,0,3,4,"01/12/2016 10:41 AM","SnowPlus Staff","Paul Steinhauer"
"Sec 25 - Glendale Heights","80 International",419,3,0,3,4,"01/12/2016 10:40 AM","SnowPlus Staff","Paul Steinhauer"
"Sec 25 - Glendale Heights","111 International",419,1,0,3,2,"01/12/2016 10:39 AM","SnowPlus Staff","Paul Steinhauer"
"Sec 25 - Glendale Heights","139 Army Trail",419,6,0,3,6,"01/12/2016 10:39 AM","SnowPlus Staff","Paul Steinhauer"
"Sec 25 - Glendale Heights","699 Regency",419,4,0,3,5,"01/12/2016 10:38 AM","SnowPlus Staff","Paul Steinhauer"
"Sec 25 - Glendale Heights","1620 & 1640 Fullerton Ct",419,8,0,3,11,"01/12/2016 10:37 AM","SnowPlus Staff","Paul Steinhauer"
"Sec 25 - Glendale Heights","1601 & 1625 Fullerton",419,6,0,3,6,"01/12/2016 10:35 AM","SnowPlus Staff","Paul Steinhauer"
"Sec 01 - Addison","2171 Executive",419,6,0,3,7,"01/12/2016 10:34 AM","SnowPlus Staff","Wally Sternberg"
"Sec 01 - Addison","710 Belden",419,4,0,3,4,"01/12/2016 10:33 AM","SnowPlus Staff","Wally Sternberg"
"Sec 01 - Addison","775 Belden",419,4,0,3,6,"01/12/2016 10:32 AM","SnowPlus Staff","Wally Sternberg"
"Sec 01 - Addison","780 Belden",419,4,0,3,5,"01/12/2016 10:32 AM","SnowPlus Staff","Wally Sternberg"
"Sec 01 - Addison","Devry University",419,8,0,3,8,"01/12/2016 10:31 AM","SnowPlus Staff","Wally Sternberg"
"Sec 01 - Addison","350 Rohlwing - Vanport Warehousing",419,6,0,3,7,"01/12/2016 10:29 AM","SnowPlus Staff","Wally Sternberg"
"Sec 29 - Naperville West","220 Frontenac",989,3,0,2,4,"01/12/2016 05:41 AM","SnowPlus Staff","Mito Sopko"
"Sec 03 - Aurora","3505 Thayer",989,3,0,2,4,"01/12/2016 05:40 AM","SnowPlus Staff","Mito Sopko"
"Sec 03 - Aurora","3901 Liberty",989,5,0,3,9,"01/12/2016 05:38 AM","SnowPlus Staff","Mito Sopko"
"Sec 03 - Aurora","4394 Liberty",989,3,0,2,6,"01/12/2016 05:36 AM","SnowPlus Staff","Mito Sopko"
"Sec 03 - Aurora","858 Meridian",989,4,0,3,9,"01/12/2016 05:34 AM","SnowPlus Staff","Mito Sopko"
"Sec 03 - Aurora","4151 McCoy",989,6,0,4,12,"01/12/2016 05:33 AM","SnowPlus Staff","Mito Sopko"
"Sec 03 - Aurora","4222 Meridian Pkwy",989,4,0,3,6,"01/12/2016 05:32 AM","SnowPlus Staff","Mito Sopko"
"Sec 32 - Schaumburg","Art Van Schaumburg",813,2,0,2,1,"01/11/2016 06:55 PM","SnowPlus Staff","Brandon Temesuary"
"Sec 32 - Schaumburg",Sunstar,813,10,4,4,20,"01/11/2016 06:55 PM","SnowPlus Staff","Brandon Temesuary"
"Sec 32 - Schaumburg","930 National",813,3,0,2,3,"01/11/2016 06:53 PM","SnowPlus Staff","Brandon Temesuary"
"Sec 32 - Schaumburg","5201 Tollview",813,2,0,2,2,"01/11/2016 06:53 PM","SnowPlus Staff","Brandon Temesuary"
"Sec 32 - Schaumburg","1300 Plum Grove",813,2,0,2,3,"01/11/2016 06:52 PM","SnowPlus Staff","Brandon Temesuary"
"Sec 32 - Schaumburg","Bed Bath & Beyond",813,4,1,3,5,"01/11/2016 06:52 PM","SnowPlus Staff","Brandon Temesuary"
"Sec 32 - Schaumburg","1051 Perimeter",813,3,0,3,4,"01/11/2016 06:51 PM","SnowPlus Staff","Brandon Temesuary"
"Sec 31 - Roselle","50 Gary",813,2,0,2,2,"01/11/2016 06:50 PM","SnowPlus Staff","Chad Meyer"
"Sec 31 - Roselle","100 Gary",813,2,0,2,2,"01/11/2016 06:49 PM","SnowPlus Staff","Chad Meyer"
"Sec 31 - Roselle","200 Gary Service Road",813,3,0,2,4,"01/11/2016 06:49 PM","SnowPlus Staff","Chad Meyer"
"Sec 31 - Roselle","1600 Central",816,2,0,2,2,"01/11/2016 06:48 PM","SnowPlus Staff","Chad Meyer"
"Sec 31 - Roselle","Maines Foods",813,4,0,2,4,"01/11/2016 06:48 PM","SnowPlus Staff","Chad Meyer"
"Sec 31 - Roselle","5700 Turnberry",813,3,0,2,3,"01/11/2016 06:47 PM","SnowPlus Staff","Chad Meyer"
"Sec 21 - Bartlett","Stearns Crossing (Retail)",3,4,0,3,5,"01/11/2016 06:46 PM","SnowPlus Staff","Chad Meyer"
"Sec 26 - Itasca","1376 Industrial",813,3,0,3,3,"01/11/2016 06:45 PM","SnowPlus Staff","Don Down"
"Sec 26 - Itasca","225 Windsor",813,3,0,3,3,"01/11/2016 06:44 PM","SnowPlus Staff","Don Down"
"Sec 26 - Itasca",Canon,813,3,0,3,3,"01/11/2016 06:43 PM","SnowPlus Staff","Don Down"
"Sec 26 - Itasca","690 Hilltop",813,3,0,3,3,"01/11/2016 06:42 PM","SnowPlus Staff","Don Down"
"Sec 26 - Itasca","909 Irving Park",813,3,0,3,3,"01/11/2016 06:42 PM","SnowPlus Staff","Don Down"
"Sec 16 - Carol Stream West","Fresh Markets",813,8,2,3,9,"01/11/2016 06:37 PM","SnowPlus Staff","Leo Vargas"
"Sec 16 - Carol Stream West","189 Easy",813,2,0,2,2,"01/11/2016 06:36 PM","SnowPlus Staff","Leo Vargas"
"Sec 16 - Carol Stream West","Wheaton Sports Center",813,8,3,3,9,"01/11/2016 06:35 PM","SnowPlus Staff","Leo Vargas"
"Sec 16 - Carol Stream West","138-158 Alexandra Way",813,4,0,2,4,"01/11/2016 06:35 PM","SnowPlus Staff","Leo Vargas"
"Sec 16 - Carol Stream West","235 Tubeway",813,3,0,2,3,"01/11/2016 06:34 PM","SnowPlus Staff","Leo Vargas"
"Sec 16 - Carol Stream West","365 North Ave",813,5,2,3,6,"01/11/2016 06:33 PM","SnowPlus Staff","Leo Vargas"
"Sec 16 - Carol Stream West","225 Westgate",813,3,0,2,3,"01/11/2016 06:33 PM","SnowPlus Staff","Leo Vargas"
"Sec 15 - Carol Stream East","221 Covington",813,4,0,2,4,"01/11/2016 06:30 PM","SnowPlus Staff","Cody Moutvic"
"Sec 15 - Carol Stream East","90 West Lake",813,3,0,2,4,"01/11/2016 06:29 PM","SnowPlus Staff","Cody Moutvic"
"Sec 15 - Carol Stream East","417 Village",813,3,0,2,3,"01/11/2016 06:29 PM","SnowPlus Staff","Cody Moutvic"
"Sec 15 - Carol Stream East","545 Fullerton",813,4,0,2,4,"01/11/2016 06:28 PM","SnowPlus Staff","Cody Moutvic"
"Sec 15 - Carol Stream East","437 Tower",813,5,3,3,10,"01/11/2016 06:27 PM","SnowPlus Staff","Cody Moutvic"
"Sec 15 - Carol Stream East","230 Lies",813,3,0,2,4,"01/11/2016 06:27 PM","SnowPlus Staff","Cody Moutvic"
"Sec 15 - Carol Stream East","810 Kimberly",813,3,0,2,3,"01/11/2016 06:26 PM","SnowPlus Staff","Cody Moutvic"
"Sec 15 - Carol Stream East","900 Kimberly",813,3,0,2,4,"01/11/2016 06:25 PM","SnowPlus Staff","Cody Moutvic"
"Sec 15 - Carol Stream East","376 Lies",813,3,0,2,3,"01/11/2016 06:24 PM","SnowPlus Staff","Cody Moutvic"
"Sec 15 - Carol Stream East","125 Army Trail",813,3,0,2,4,"01/11/2016 06:24 PM","SnowPlus Staff","Cody Moutvic"
"Sec 15 - Carol Stream East","175 Wall St",813,3,0,2,4,"01/11/2016 06:23 PM","SnowPlus Staff","Cody Moutvic"
"Sec 15 - Carol Stream East","355 Long View",813,3,0,2,3,"01/11/2016 06:22 PM","SnowPlus Staff","Cody Moutvic"
"Sec 15 - Carol Stream East","700 Kimberly",813,3,0,2,3,"01/11/2016 06:21 PM","SnowPlus Staff","Cody Moutvic"
"Sec 07 - Bensenville","1001 Foster",813,3,0,2,3,"01/11/2016 06:10 PM","SnowPlus Staff","Ernie Vargas"
"Sec 07 - Bensenville","1141 Ellis",813,3,0,2,3,"01/11/2016 06:10 PM","SnowPlus Staff","Ernie Vargas"
"Sec 07 - Bensenville","201 Hansen",813,3,0,2,3,"01/11/2016 06:09 PM","SnowPlus Staff","Ernie Vargas"
"Sec 07 - Bensenville","855 Woodale",813,3,0,2,3,"01/11/2016 06:09 PM","SnowPlus Staff","Ernie Vargas"
"Sec 07 - Bensenville","311 Richert",813,3,0,2,3,"01/11/2016 06:08 PM","SnowPlus Staff","Ernie Vargas"
"Sec 07 - Bensenville","571-599 Edgewood",813,3,0,2,3,"01/11/2016 06:07 PM","SnowPlus Staff","Ernie Vargas"
"Sec 07 - Bensenville","1010 Foster",813,3,0,2,3,"01/11/2016 06:07 PM","SnowPlus Staff","Ernie Vargas"
"Sec 07 - Bensenville","626-630 Thomas",813,3,0,2,3,"01/11/2016 06:06 PM","SnowPlus Staff","Ernie Vargas"
"Sec 07 - Bensenville","975-1001 Bryn Mawr",813,3,0,2,3,"01/11/2016 06:05 PM","SnowPlus Staff","Ernie Vargas"
"Sec 07 - Bensenville","877 Supreme",813,3,0,2,3,"01/11/2016 06:04 PM","SnowPlus Staff","Ernie Vargas"
"Sec 07 - Bensenville","860-888 Thomas",813,3,0,2,3,"01/11/2016 06:03 PM","SnowPlus Staff","Ernie Vargas"
"Sec 07 - Bensenville","560-590 Supreme",813,3,0,2,3,"01/11/2016 06:02 PM","SnowPlus Staff","Ernie Vargas"
"Sec 07 - Bensenville","600-608 & 610-620 Supreme ( 2 bdgs)",813,6,0,2,6,"01/11/2016 06:02 PM","SnowPlus Staff","Ernie Vargas"
"Sec 07 - Bensenville","630-650 Supreme",813,2,0,2,3,"01/11/2016 06:01 PM","SnowPlus Staff","Ernie Vargas"
"Sec 07 - Bensenville","595-601 Supreme",2,3,0,2,3,"01/11/2016 06:00 PM","SnowPlus Staff","Ernie Vargas"
"Sec 07 - Bensenville","645-651 Supreme",813,2,0,2,3,"01/11/2016 05:59 PM","SnowPlus Staff","Ernie Vargas"
"Sec 07 - Bensenville","659-699 Supreme",813,3,0,2,3,"01/11/2016 05:58 PM","SnowPlus Staff","Ernie Vargas"
"Sec 07 - Bensenville","971-991 Supreme",813,2,0,2,3,"01/11/2016 05:56 PM","SnowPlus Staff","Ernie Vargas"
"Sec 07 - Bensenville","971-991 Supreme",813,2,0,2,3,"01/11/2016 05:56 PM","SnowPlus Staff","Ernie Vargas"
"Sec 07 - Bensenville","971-991 Supreme",813,2,0,2,3,"01/11/2016 05:56 PM","SnowPlus Staff","Ernie Vargas"
"Sec 07 - Bensenville","950-990 Supreme",813,2,0,2,3,"01/11/2016 05:54 PM","SnowPlus Staff","Ernie Vargas"
"Sec 07 - Bensenville","950-990 Supreme",813,2,0,2,3,"01/11/2016 05:54 PM","SnowPlus Staff","Ernie Vargas"
"Sec 07 - Bensenville","950-990 Supreme",813,2,0,2,3,"01/11/2016 05:53 PM","SnowPlus Staff","Ernie Vargas"
"Sec 04 - Aurora West / Batavia","2401 Kaneville Rd",813,3,0,2,3,"01/11/2016 05:44 PM","SnowPlus Staff",
"Sec 04 - Aurora West / Batavia","Art Van - Batavia",813,2,0,2,3,"01/11/2016 05:43 PM","SnowPlus Staff",
"Sec 22 - Elgin","901 Weseman",813,3,1,3,5,"01/11/2016 05:36 PM","SnowPlus Staff","Freddy Martin"
"Sec 22 - Elgin","1111 Davis",813,3,0,3,4,"01/11/2016 05:35 PM","SnowPlus Staff","Freddy Martin"
"Sec 22 - Elgin","1675 Holmes",813,3,0,2,3,"01/11/2016 05:34 PM","SnowPlus Staff","Freddy Martin"
"Sec 22 - Elgin","1360 Madeline",813,2,0,3,4,"01/11/2016 04:53 PM","SnowPlus Staff","Freddy Martin"
"Sec 22 - Elgin","1385 Madeline",813,2,0,3,3,"01/11/2016 04:50 PM","SnowPlus Staff","Freddy Martin"
"Sec 22 - Elgin","2700 Alft",813,2,0,2,3,"01/11/2016 04:47 PM","SnowPlus Staff","Freddy Martin"
"Sec 22 - Elgin",Chase,813,10,0,5,26,"01/11/2016 04:46 PM","SnowPlus Staff","Freddy Martin"
"Sec 04 - Aurora West / Batavia","Art Van - Batavia",813,4,0,2,5,"01/11/2016 04:44 PM","SnowPlus Staff",
"Sec 01 - Addison","2171 Executive",419,1,0,2,45,"01/11/2016 04:22 PM","SnowPlus Staff","Wally Sternberg"
"Sec 01 - Addison","710 Belden",419,5,0,2,30,"01/11/2016 04:21 PM","SnowPlus Staff","Wally Sternberg"
"Sec 01 - Addison","775 Belden",419,5,5,2,1,"01/11/2016 04:20 PM","SnowPlus Staff","Wally Sternberg"
"Sec 01 - Addison","780 Belden",419,5,0,2,5,"01/11/2016 04:19 PM","SnowPlus Staff","Wally Sternberg"
"Sec 01 - Addison","Devry University",519,5,5,2,45,"01/11/2016 04:18 PM","SnowPlus Staff","Wally Sternberg"
"Sec 01 - Addison","350 Rohlwing - Vanport Warehousing",419,1,5,2,45,"01/11/2016 04:15 PM","SnowPlus Staff","Wally Sternberg"
"Sec 25 - Glendale Heights","180 Exchange",419,5,0,2,30,"01/11/2016 04:14 PM","SnowPlus Staff","Paul Steinhauer"
"Sec 25 - Glendale Heights","110 International",419,5,0,2,30,"01/11/2016 04:12 PM","SnowPlus Staff","Paul Steinhauer"
"Sec 25 - Glendale Heights","139 Army Trail",419,5,5,2,30,"01/11/2016 04:09 PM","SnowPlus Staff","Paul Steinhauer"
"Sec 25 - Glendale Heights","139 Army Trail",419,5,5,2,30,"01/11/2016 04:09 PM","SnowPlus Staff","Paul Steinhauer"
"Sec 25 - Glendale Heights","699 Regency",419,2,0,2,45,"01/11/2016 04:08 PM","SnowPlus Staff","Paul Steinhauer"
"Sec 25 - Glendale Heights","1620 & 1640 Fullerton Ct",419,1,5,2,45,"01/11/2016 04:05 PM","SnowPlus Staff","Paul Steinhauer"
"Sec 25 - Glendale Heights","1601 & 1625 Fullerton",419,2,5,2,1,"01/11/2016 04:03 PM","SnowPlus Staff","Paul Steinhauer"
"Sec 20 - Elk Grove Village North","951 Fargo",205,1,0,2,1,"01/11/2016 05:05 AM","SnowPlus Staff","Ernie Vargas"
"Sec 20 - Elk Grove Village North","Regent O'Hare Building Industrial Center",205,1,0,2,1,"01/11/2016 05:03 AM","SnowPlus Staff","Ernie Vargas"
"Sec 19 - Elk Grove Village","1601 Pratt",205,1,0,2,1,"01/11/2016 05:02 AM","SnowPlus Staff","Ernie Vargas"
"Sec 19 - Elk Grove Village","1501 Pratt",205,1,0,2,1,"01/11/2016 05:01 AM","SnowPlus Staff","Ernie Vargas"
"Sec 19 - Elk Grove Village","1201 Kirk",205,1,0,2,1,"01/11/2016 05:00 AM","SnowPlus Staff","Ernie Vargas"
"Sec 19 - Elk Grove Village","1201-1251 Mark",205,1,0,2,1,"01/11/2016 04:59 AM","SnowPlus Staff","Ernie Vargas"
"Sec 19 - Elk Grove Village","1301-1401 Mark",205,1,0,2,2,"01/11/2016 04:58 AM","SnowPlus Staff","Ernie Vargas"
"Sec 18 - Mt. Prospect-Glenview","1471 Business Center",205,1,0,2,2,"01/11/2016 04:57 AM","SnowPlus Staff","Bobby Gomez"
"Sec 18 - Mt. Prospect-Glenview","1000 Milwaukee",205,1,0,2,2,"01/11/2016 04:55 AM","SnowPlus Staff","Bobby Gomez"
"Sec 18 - Mt. Prospect-Glenview","1000 Milwaukee",205,1,0,2,2,"01/11/2016 04:55 AM","SnowPlus Staff","Bobby Gomez"
"Sec 24 - Elmhurst","777 Church",205,1,0,2,2,"01/11/2016 04:50 AM","SnowPlus Staff","Jim Jungles"
"Sec 24 - Elmhurst","949 - 853 Larch",205,1,0,2,2,"01/11/2016 04:49 AM","SnowPlus Staff","Jim Jungles"
"Sec 17 - Lombard / Oakbrook","Eisenhower Buildings",205,4,0,2,3,"01/11/2016 04:47 AM","SnowPlus Staff","Greg Skonie"
"Sec 20 - Elk Grove Village North","1723 Marshall",205,1,0,2,2,"01/10/2016 11:58 PM","SnowPlus Staff","Ernie Vargas"
"Sec 16 - Carol Stream West","Fresh Markets",813,6,1,3,9,"01/10/2016 01:37 PM","SnowPlus Staff","Leo Vargas"
"Sec 16 - Carol Stream West","189 Easy",813,3,0,2,4,"01/10/2016 01:36 PM","SnowPlus Staff","Leo Vargas"
"Sec 16 - Carol Stream West","Wheaton Sports Center",813,9,2,3,10,"01/10/2016 01:35 PM","SnowPlus Staff","Leo Vargas"
"Sec 16 - Carol Stream West","138-158 Alexandra Way",813,4,0,2,6,"01/10/2016 01:34 PM","SnowPlus Staff","Leo Vargas"
"Sec 16 - Carol Stream West","235 Tubeway",813,5,0,3,7,"01/10/2016 01:33 PM","SnowPlus Staff","Leo Vargas"
"Sec 16 - Carol Stream West","365 North Ave",813,5,0,3,6,"01/10/2016 01:32 PM","SnowPlus Staff","Leo Vargas"
"Sec 16 - Carol Stream West","225 Westgate",813,4,0,3,6,"01/10/2016 01:31 PM","SnowPlus Staff","Leo Vargas"
"Sec 15 - Carol Stream East","221 Covington",813,2,0,2,1,"01/10/2016 01:15 PM","SnowPlus Staff","Cody Moutvic"
"Sec 15 - Carol Stream East","90 West Lake",813,2,0,2,3,"01/10/2016 01:14 PM","SnowPlus Staff","Cody Moutvic"
"Sec 15 - Carol Stream East","417 Village",813,3,0,2,3,"01/10/2016 01:13 PM","SnowPlus Staff","Cody Moutvic"
"Sec 15 - Carol Stream East","545 Fullerton",813,4,0,2,5,"01/10/2016 01:11 PM","SnowPlus Staff","Cody Moutvic"
"Sec 15 - Carol Stream East","437 Tower",813,10,0,3,10,"01/10/2016 01:11 PM","SnowPlus Staff","Cody Moutvic"
"Sec 15 - Carol Stream East","230 Lies",813,4,0,2,4,"01/10/2016 01:09 PM","SnowPlus Staff","Cody Moutvic"
"Sec 15 - Carol Stream East","810 Kimberly",813,6,0,3,6,"01/10/2016 01:08 PM","SnowPlus Staff","Cody Moutvic"
"Sec 15 - Carol Stream East","900 Kimberly",813,5,0,2,5,"01/10/2016 01:07 PM","SnowPlus Staff","Cody Moutvic"
"Sec 15 - Carol Stream East","376 Lies",813,6,0,3,7,"01/10/2016 01:06 PM","SnowPlus Staff","Cody Moutvic"
"Sec 15 - Carol Stream East","125 Army Trail",813,4,0,2,3,"01/10/2016 12:59 PM","SnowPlus Staff","Cody Moutvic"
"Sec 15 - Carol Stream East","175 Wall St",813,3,0,2,3,"01/10/2016 12:58 PM","SnowPlus Staff","Cody Moutvic"
"Sec 15 - Carol Stream East","355 Long View",813,4,0,2,5,"01/10/2016 12:57 PM","SnowPlus Staff","Cody Moutvic"
"Sec 15 - Carol Stream East","700 Kimberly",813,4,0,2,3,"01/10/2016 12:56 PM","SnowPlus Staff","Cody Moutvic"
"Sec 04 - Aurora West / Batavia","2401 Kaneville Rd",813,10,0,2,8,"01/10/2016 12:37 PM","SnowPlus Staff",
"Sec 04 - Aurora West / Batavia","Art Van - Batavia",813,5,0,2,5,"01/10/2016 12:37 PM","SnowPlus Staff",
"Sec 04 - Aurora West / Batavia","Art Van - Batavia",813,4,0,2,5,"01/10/2016 12:36 PM","SnowPlus Staff",
"Sec 22 - Elgin","2700 Alft",813,5,0,2,4,"01/10/2016 12:31 PM","SnowPlus Staff","Freddy Martin"
"Sec 22 - Elgin",Chase,813,70,0,11,110,"01/10/2016 12:30 PM","SnowPlus Staff","Freddy Martin"
"Sec 22 - Elgin","901 Weseman",813,4,0,3,5,"01/10/2016 11:45 AM","SnowPlus Staff","Freddy Martin"
"Sec 22 - Elgin","1111 Davis",813,3,0,3,4,"01/10/2016 11:43 AM","SnowPlus Staff","Freddy Martin"
"Sec 22 - Elgin","1675 Holmes",813,3,0,3,4,"01/10/2016 11:41 AM","SnowPlus Staff","Freddy Martin"
"Sec 22 - Elgin","1360 Madeline",813,3,0,3,4,"01/10/2016 11:39 AM","SnowPlus Staff","Freddy Martin"
"Sec 22 - Elgin","1385 Madeline",813,4,0,3,4,"01/10/2016 11:38 AM","SnowPlus Staff","Freddy Martin"
"Sec 32 - Schaumburg",Sunstar,813,10,4,4,28,"01/10/2016 11:00 AM","SnowPlus Staff","Brandon Temesuary"
"Sec 32 - Schaumburg","Art Van Schaumburg",813,3,0,2,3,"01/10/2016 10:59 AM","SnowPlus Staff","Brandon Temesuary"
"Sec 32 - Schaumburg","930 National",813,3,0,2,3,"01/10/2016 10:54 AM","SnowPlus Staff","Brandon Temesuary"
"Sec 32 - Schaumburg","5201 Tollview",813,4,0,3,5,"01/10/2016 10:53 AM","SnowPlus Staff","Brandon Temesuary"
"Sec 32 - Schaumburg","1300 Plum Grove",813,4,0,2,5,"01/10/2016 10:52 AM","SnowPlus Staff","Brandon Temesuary"
"Sec 32 - Schaumburg","Bed Bath & Beyond",813,5,0,2,4,"01/10/2016 10:47 AM","SnowPlus Staff","Brandon Temesuary"
"Sec 32 - Schaumburg","1051 Perimeter",813,3,0,2,3,"01/10/2016 10:45 AM","SnowPlus Staff","Brandon Temesuary"
"Sec 26 - Itasca","1376 Industrial",813,3,0,3,4,"01/10/2016 10:33 AM","SnowPlus Staff","Don Down"
"Sec 26 - Itasca","225 Windsor",813,3,0,3,4,"01/10/2016 10:32 AM","SnowPlus Staff","Don Down"
"Sec 26 - Itasca",Canon,813,3,0,3,3,"01/10/2016 10:30 AM","SnowPlus Staff","Don Down"
"Sec 26 - Itasca","690 Hilltop",813,3,0,3,3,"01/10/2016 10:29 AM","SnowPlus Staff","Don Down"
"Sec 26 - Itasca","909 Irving Park",813,3,0,3,3,"01/10/2016 10:28 AM","SnowPlus Staff","Don Down"
"Sec 07 - Bensenville","1001 Foster",813,2,0,2,1,"01/10/2016 10:21 AM","SnowPlus Staff","Ernie Vargas"
"Sec 07 - Bensenville","1141 Ellis",813,3,0,2,3,"01/10/2016 10:20 AM","SnowPlus Staff","Ernie Vargas"
"Sec 07 - Bensenville","201 Hansen",813,6,0,2,5,"01/10/2016 10:19 AM","SnowPlus Staff","Ernie Vargas"
"Sec 07 - Bensenville","855 Woodale",813,3,0,2,3,"01/10/2016 10:18 AM","SnowPlus Staff","Ernie Vargas"
"Sec 07 - Bensenville","311 Richert",813,3,0,2,2,"01/10/2016 10:17 AM","SnowPlus Staff","Ernie Vargas"
"Sec 07 - Bensenville","571-599 Edgewood",813,2,0,2,2,"01/10/2016 10:16 AM","SnowPlus Staff","Ernie Vargas"
"Sec 07 - Bensenville","1010 Foster",813,3,0,2,3,"01/10/2016 10:15 AM","SnowPlus Staff","Ernie Vargas"
"Sec 07 - Bensenville","626-630 Thomas",813,2,0,2,2,"01/10/2016 10:13 AM","SnowPlus Staff","Ernie Vargas"
"Sec 07 - Bensenville","975-1001 Bryn Mawr",813,3,0,2,3,"01/10/2016 10:11 AM","SnowPlus Staff","Ernie Vargas"
"Sec 07 - Bensenville","877 Supreme",813,3,0,2,3,"01/10/2016 10:10 AM","SnowPlus Staff","Ernie Vargas"
"Sec 07 - Bensenville","860-888 Thomas",813,2,0,2,3,"01/10/2016 10:09 AM","SnowPlus Staff","Ernie Vargas"
"Sec 07 - Bensenville","560-590 Supreme",813,3,0,2,3,"01/10/2016 10:08 AM","SnowPlus Staff","Ernie Vargas"
"Sec 07 - Bensenville","600-608 & 610-620 Supreme ( 2 bdgs)",813,6,0,2,5,"01/10/2016 10:06 AM","SnowPlus Staff","Ernie Vargas"
"Sec 07 - Bensenville","630-650 Supreme",813,3,0,2,2,"01/10/2016 10:05 AM","SnowPlus Staff","Ernie Vargas"
"Sec 07 - Bensenville","595-601 Supreme",813,3,0,2,3,"01/10/2016 10:04 AM","SnowPlus Staff","Ernie Vargas"
"Sec 07 - Bensenville","645-651 Supreme",813,3,0,2,3,"01/10/2016 10:03 AM","SnowPlus Staff","Ernie Vargas"
"Sec 07 - Bensenville","659-699 Supreme",813,3,0,2,3,"01/10/2016 10:03 AM","SnowPlus Staff","Ernie Vargas"
"Sec 07 - Bensenville","971-991 Supreme",813,3,0,2,3,"01/10/2016 10:00 AM","SnowPlus Staff","Ernie Vargas"
"Sec 07 - Bensenville","950-990 Supreme",813,2,0,2,2,"01/10/2016 09:59 AM","SnowPlus Staff","Ernie Vargas"
"Sec 21 - Bartlett","Stearns Crossing (Retail)",813,5,0,3,5,"01/10/2016 09:42 AM","SnowPlus Staff","Chad Meyer"
"Sec 31 - Roselle","50 Gary",813,3,0,3,3,"01/10/2016 09:41 AM","SnowPlus Staff","Chad Meyer"
"Sec 31 - Roselle","100 Gary",813,3,0,3,3,"01/10/2016 09:40 AM","SnowPlus Staff","Chad Meyer"
"Sec 31 - Roselle","200 Gary",813,4,0,3,3,"01/10/2016 09:40 AM","SnowPlus Staff","Chad Meyer"
"Sec 31 - Roselle","1600 Central",813,3,0,3,3,"01/10/2016 09:39 AM","SnowPlus Staff","Chad Meyer"
"Sec 31 - Roselle","Maines Foods",813,4,0,3,4,"01/10/2016 09:38 AM","SnowPlus Staff","Chad Meyer"
"Sec 31 - Roselle","5700 Turnberry",813,3,0,3,3,"01/10/2016 09:37 AM","SnowPlus Staff","Chad Meyer"
"Sec 30 - Lisle / Warrenville","Univ. Tech Institute",813,20,0,5,35,"01/10/2016 09:32 AM","SnowPlus Staff","Jose Legaspi"
"Sec 30 - Lisle / Warrenville","535 Diehl",813,4,0,2,5,"01/10/2016 09:31 AM","SnowPlus Staff","Scott Erickson"
"Sec 30 - Lisle / Warrenville","1000 & 1100 Warrenville",813,10,5,5,30,"01/10/2016 09:30 AM","SnowPlus Staff","Scott Erickson"
