Location,Property,"Staff & Location - Employee Number","Submission Date","Submitted By","Assigned To"
"Sec 23 - Rosemont","Ohare Schillar Park",51,"02/16/2016 06:17 AM","SnowPlus Staff","Jim Jungles"
"Sec 30 - Lisle / Warrenville","Univ. Tech Institute",699,"02/16/2016 05:18 AM","SnowPlus Staff","Jose Legaspi"
"Sec 18 - Mt. Prospect-Glenview","1000 Milwaukee",51,"02/16/2016 05:11 AM","SnowPlus Staff","Bobby Gomez"
"Sec 30 - Lisle / Warrenville","1000 & 1100 Warrenville",699,"02/16/2016 05:05 AM","SnowPlus Staff","Scott Erickson"
"Sec 33 - University Park","Matteson Retail Center",102,"02/16/2016 04:43 AM","SnowPlus Staff","Scott Senne"
"Sec 06 - McCook",EMD,328,"02/16/2016 04:41 AM","SnowPlus Staff","Richard Groome"
"Sec 35 - Woodridge Industrial","2401 Internationale",648,"02/16/2016 04:38 AM","SnowPlus Staff","Doug Hendon"
"Sec 10 - Bolingbrook West","1375 Weber",3029,"02/16/2016 04:37 AM","SnowPlus Staff","Donato Garcia"
"Sec 10 - Bolingbrook West","1601 Remington",361,"02/16/2016 04:33 AM","SnowPlus Staff","Donato Garcia"
"Sec 28 - Naperville East","2012 Corporate",699,"02/16/2016 04:20 AM","SnowPlus Staff","Scott Erickson"
"Sec 10 - Bolingbrook West","1501 Remington",361,"02/16/2016 04:16 AM","SnowPlus Staff","Donato Garcia"
"Sec 10 - Bolingbrook West","901 Carlow",361,"02/16/2016 04:06 AM","SnowPlus Staff","Donato Garcia"
"Sec 04 - Aurora West / Batavia","1100 Kingsland",699,"02/16/2016 03:57 AM","SnowPlus Staff",
"Sec 04 - Aurora West / Batavia","1100 Kingsland",699,"02/16/2016 03:57 AM","SnowPlus Staff",
"Sec 24 - Elmhurst","11700 Grand",51,"02/16/2016 03:47 AM","SnowPlus Staff","Jim Jungles"
"Sec 18 - Mt. Prospect-Glenview","1471 Business Center",51,"02/16/2016 03:45 AM","SnowPlus Staff","Bobby Gomez"
"Sec 10 - Bolingbrook West","RR Donnelly",3029,"02/16/2016 03:45 AM","SnowPlus Staff","Donato Garcia"
"Sec 34 - Woodridge Retail","Art Van - Woodridge",648,"02/16/2016 03:29 AM","SnowPlus Staff","Dan Castro"
"Sec 04 - Aurora West / Batavia","2401 Kaneville Rd",699,"02/16/2016 03:28 AM","SnowPlus Staff",
"Sec 34 - Woodridge Retail","Darien Towne Center",648,"02/16/2016 03:28 AM","SnowPlus Staff","Dan Castro"
"Sec 22 - Elgin",Chase,653,"02/16/2016 03:27 AM","SnowPlus Staff","Freddy Martin"
"Sec 04 - Aurora West / Batavia","Art Van - Batavia",699,"02/16/2016 03:19 AM","SnowPlus Staff",
"Sec 23 - Rosemont","Columbia Center III",51,"02/16/2016 03:11 AM","SnowPlus Staff","Jim Jungles"
"Sec 23 - Rosemont","Columbia Center I & II",51,"02/16/2016 03:10 AM","SnowPlus Staff","Jim Jungles"
"Sec 22 - Elgin","2700 Alft",653,"02/16/2016 03:08 AM","SnowPlus Staff","Freddy Martin"
"Sec 33 - University Park","UTI Michelin",102,"02/16/2016 03:07 AM","SnowPlus Staff","Scott Senne"
"Sec 22 - Elgin","1360 Madeline",653,"02/16/2016 03:06 AM","SnowPlus Staff","Freddy Martin"
"Sec 22 - Elgin","1385 Madeline",653,"02/16/2016 03:05 AM","SnowPlus Staff","Freddy Martin"
"Sec 33 - University Park","DSC Logistics",102,"02/16/2016 03:05 AM","SnowPlus Staff","Scott Senne"
"Sec 07 - Bensenville","571-599 Edgewood",107,"02/16/2016 03:03 AM","SnowPlus Staff","Ernie Vargas"
"Sec 07 - Bensenville","201 Hansen",107,"02/16/2016 03:03 AM","SnowPlus Staff","Ernie Vargas"
"Sec 09 - Bolingbrook North","340 Remington",361,"02/16/2016 03:01 AM","SnowPlus Staff","Tom Ustaszewski"
"Sec 20 - Elk Grove Village North","1723 Marshall",107,"02/16/2016 03:01 AM","SnowPlus Staff","Ernie Vargas"
"Sec 09 - Bolingbrook North","850 Remington",361,"02/16/2016 03:00 AM","SnowPlus Staff","Tom Ustaszewski"
"Sec 20 - Elk Grove Village North","Regent O'Hare Building A",107,"02/16/2016 03:00 AM","SnowPlus Staff","Ernie Vargas"
"Sec 20 - Elk Grove Village North","Regent O'Hare Building B",107,"02/16/2016 02:59 AM","SnowPlus Staff","Ernie Vargas"
"Sec 20 - Elk Grove Village North","Regent O'Hare Building B",107,"02/16/2016 02:58 AM","SnowPlus Staff","Ernie Vargas"
"Sec 20 - Elk Grove Village North","1500 Higgins Rd",107,"02/16/2016 02:58 AM","SnowPlus Staff","Ernie Vargas"
"Sec 09 - Bolingbrook North","655 Remington",361,"02/16/2016 02:54 AM","SnowPlus Staff","Bill Gabris"
"Sec 07 - Bensenville","1001 Foster",3023,"02/16/2016 02:49 AM","SnowPlus Staff","Ernie Vargas"
"Sec 07 - Bensenville","1010 Foster",3023,"02/16/2016 02:49 AM","SnowPlus Staff","Ernie Vargas"
"Sec 09 - Bolingbrook North","500 & 510 Territorial & 1 Northpointe Ct",361,"02/16/2016 02:48 AM","SnowPlus Staff","Tom Ustaszewski"
"Sec 22 - Elgin","1111 Davis",653,"02/16/2016 02:45 AM","SnowPlus Staff","Freddy Martin"
"Sec 22 - Elgin","1675 Holmes",653,"02/16/2016 02:43 AM","SnowPlus Staff","Freddy Martin"
"Sec 09 - Bolingbrook North","605 Territorial",361,"02/16/2016 02:40 AM","SnowPlus Staff","Bill Gabris"
"Sec 09 - Bolingbrook North","595 Territorial",361,"02/16/2016 02:39 AM","SnowPlus Staff","Bill Gabris"
"Sec 23 - Rosemont","3708 River",51,"02/16/2016 02:39 AM","SnowPlus Staff","Jim Jungles"
"Sec 09 - Bolingbrook North","581 Territorial",361,"02/16/2016 02:39 AM","SnowPlus Staff","Tom Ustaszewski"
"Sec 07 - Bensenville","975-1001 Bryn Mawr",3023,"02/16/2016 02:37 AM","SnowPlus Staff","Ernie Vargas"
"Sec 07 - Bensenville","626-630 Thomas",3023,"02/16/2016 02:37 AM","SnowPlus Staff","Ernie Vargas"
"Sec 22 - Elgin","901 Weseman",653,"02/16/2016 02:32 AM","SnowPlus Staff","Freddy Martin"
"Sec 12 - Bolingbrook Southwest","760 Crossroads",648,"02/16/2016 02:26 AM","SnowPlus Staff","Adam Halm"
"Sec 05 - Bedford Park","7301 - 7361 Meade",328,"02/16/2016 02:23 AM","SnowPlus Staff","Enick Morris"
"Sec 09 - Bolingbrook North","606-612 Territorial",361,"02/16/2016 02:16 AM","SnowPlus Staff","Tom Ustaszewski"
"Sec 16 - Carol Stream West","235 Tubeway",864,"02/16/2016 02:15 AM","SnowPlus Staff","Leo Vargas"
"Sec 08 - Berkeley","Melrose Park Center",51,"02/16/2016 02:14 AM","SnowPlus Staff","Jim Jungles"
"Sec 05 - Bedford Park","Northstar Aerospace",328,"02/16/2016 02:13 AM","SnowPlus Staff","Enick Morris"
"Sec 05 - Bedford Park","Northstar Aerospace",328,"02/16/2016 02:12 AM","SnowPlus Staff","Enick Morris"
"Sec 24 - Elmhurst","949 - 853 Larch",51,"02/16/2016 02:11 AM","SnowPlus Staff","Jim Jungles"
"Sec 24 - Elmhurst","777 Church",51,"02/16/2016 02:11 AM","SnowPlus Staff","Jim Jungles"
"Sec 03 - Aurora","3901 Liberty",699,"02/16/2016 02:10 AM","SnowPlus Staff","Mito Sopko"
"Sec 07 - Bensenville","600-608 & 610-620 Supreme ( 2 bdgs)",3023,"02/16/2016 02:10 AM","SnowPlus Staff","Ernie Vargas"
"Sec 07 - Bensenville","600-608 & 610-620 Supreme ( 2 bdgs)",3023,"02/16/2016 02:10 AM","SnowPlus Staff","Ernie Vargas"
"Sec 03 - Aurora","3505 Thayer",699,"02/16/2016 02:10 AM","SnowPlus Staff","Mito Sopko"
"Sec 07 - Bensenville","560-590 Supreme",3023,"02/16/2016 02:09 AM","SnowPlus Staff","Ernie Vargas"
"Sec 03 - Aurora","3505 Thayer",699,"02/16/2016 02:09 AM","SnowPlus Staff","Mito Sopko"
"Sec 07 - Bensenville","860-888 Thomas",3023,"02/16/2016 02:08 AM","SnowPlus Staff","Ernie Vargas"
"Sec 07 - Bensenville","630-650 Supreme",3023,"02/16/2016 02:07 AM","SnowPlus Staff","Ernie Vargas"
"Sec 07 - Bensenville","595-601 Supreme",3023,"02/16/2016 02:07 AM","SnowPlus Staff","Ernie Vargas"
"Sec 20 - Elk Grove Village North","1800 Landmeier",107,"02/16/2016 02:03 AM","SnowPlus Staff","Ernie Vargas"
"Sec 32 - Schaumburg","930 National",653,"02/16/2016 02:03 AM","SnowPlus Staff","Brandon Temesuary"
"Sec 20 - Elk Grove Village North","Tech Center I",107,"02/16/2016 02:02 AM","SnowPlus Staff","Ernie Vargas"
"Sec 32 - Schaumburg",Sunstar,653,"02/16/2016 02:02 AM","SnowPlus Staff","Connor Young"
"Sec 12 - Bolingbrook Southwest","760 Crossroads",648,"02/16/2016 02:00 AM","SnowPlus Staff","Adam Halm"
"Sec 12 - Bolingbrook Southwest","969 Veterans",648,"02/16/2016 01:59 AM","SnowPlus Staff","Adam Halm"
"Sec 12 - Bolingbrook Southwest","969 Veterans",648,"02/16/2016 01:59 AM","SnowPlus Staff","Adam Halm"
"Sec 32 - Schaumburg","1300 Plum Grove",653,"02/16/2016 01:58 AM","SnowPlus Staff","Connor Young"
"Sec 12 - Bolingbrook Southwest","969 Veterans",648,"02/16/2016 01:57 AM","SnowPlus Staff","Adam Halm"
"Sec 32 - Schaumburg","Bed Bath & Beyond",653,"02/16/2016 01:57 AM","SnowPlus Staff","Connor Young"
"Sec 20 - Elk Grove Village North","Tech Center I",107,"02/16/2016 01:52 AM","SnowPlus Staff","Ernie Vargas"
"Sec 20 - Elk Grove Village North","Tech Center I",107,"02/16/2016 01:52 AM","SnowPlus Staff","Ernie Vargas"
"Sec 20 - Elk Grove Village North","Tech Center II",107,"02/16/2016 01:50 AM","SnowPlus Staff","Ernie Vargas"
"Sec 12 - Bolingbrook Southwest","969 Veterans",648,"02/16/2016 01:50 AM","SnowPlus Staff","Adam Halm"
"Sec 03 - Aurora","858 Meridian",699,"02/16/2016 01:50 AM","SnowPlus Staff","Mito Sopko"
"Sec 32 - Schaumburg","Art Van Schaumburg",653,"02/16/2016 01:33 AM","SnowPlus Staff","Brandon Temesuary"
"Sec 20 - Elk Grove Village North","Tech Center II",107,"02/16/2016 01:33 AM","SnowPlus Staff","Ernie Vargas"
"Sec 32 - Schaumburg","Art Van Schaumburg",653,"02/16/2016 01:30 AM","SnowPlus Staff","Brandon Temesuary"
"Sec 16 - Carol Stream West","365 North Ave",864,"02/16/2016 01:29 AM","SnowPlus Staff","Leo Vargas"
"Sec 16 - Carol Stream West","365 North Ave",864,"02/16/2016 01:29 AM","SnowPlus Staff","Leo Vargas"
"Sec 16 - Carol Stream West","225 Westgate",864,"02/16/2016 01:28 AM","SnowPlus Staff","Leo Vargas"
"Sec 07 - Bensenville","645-651 Supreme",3023,"02/16/2016 01:28 AM","SnowPlus Staff","Ernie Vargas"
"Sec 09 - Bolingbrook North","750 Veterans",361,"02/16/2016 01:24 AM","SnowPlus Staff","Tom Ustaszewski"
"Sec 20 - Elk Grove Village North","951 Fargo",107,"02/16/2016 01:17 AM","SnowPlus Staff","Ernie Vargas"
"Sec 20 - Elk Grove Village North","1500 Higgins Rd",107,"02/16/2016 01:17 AM","SnowPlus Staff","Ernie Vargas"
"Sec 07 - Bensenville","971-991 Supreme",3023,"02/16/2016 01:16 AM","SnowPlus Staff","Ernie Vargas"
"Sec 07 - Bensenville","877 Supreme",3023,"02/16/2016 01:16 AM","SnowPlus Staff","Ernie Vargas"
"Sec 03 - Aurora","858 Meridian",699,"02/16/2016 01:12 AM","SnowPlus Staff","Mito Sopko"
"Sec 10 - Bolingbrook West","1501 Remington",899,"02/16/2016 01:12 AM","SnowPlus Staff","Donato Garcia"
"Sec 03 - Aurora","858 Meridian",699,"02/16/2016 01:11 AM","SnowPlus Staff","Mito Sopko"
"Sec 03 - Aurora","4394 Liberty",699,"02/16/2016 01:10 AM","SnowPlus Staff","Mito Sopko"
"Sec 32 - Schaumburg","1051 Perimeter",653,"02/16/2016 01:04 AM","SnowPlus Staff","Connor Young"
"Sec 09 - Bolingbrook North","850 Veterans",361,"02/16/2016 12:54 AM","SnowPlus Staff","Bill Gabris"
"Sec 20 - Elk Grove Village North","Regent O'Hare Building Industrial Center",107,"02/16/2016 12:52 AM","SnowPlus Staff","Ernie Vargas"
"Sec 07 - Bensenville","1141 Ellis",3023,"02/16/2016 12:50 AM","SnowPlus Staff","Ernie Vargas"
"Sec 07 - Bensenville","659-699 Supreme",3023,"02/16/2016 12:50 AM","SnowPlus Staff","Ernie Vargas"
"Sec 07 - Bensenville","950-990 Supreme",3023,"02/16/2016 12:49 AM","SnowPlus Staff","Ernie Vargas"
"Sec 17 - Lombard / Oakbrook","Art Van - Butterfield",358,"02/15/2016 07:06 AM","SnowPlus Staff","Greg Skonie"
"Sec 09 - Bolingbrook North","850 Veterans",309,"02/15/2016 05:49 AM","SnowPlus Staff","Bill Gabris"
"Sec 32 - Schaumburg","Bed Bath & Beyond",115,"02/15/2016 05:45 AM","SnowPlus Staff","Connor Young"
"Sec 10 - Bolingbrook West","1601 Remington",686,"02/15/2016 05:42 AM","SnowPlus Staff","Donato Garcia"
"Sec 24 - Elmhurst","777 Church",3021,"02/15/2016 05:38 AM","SnowPlus Staff","Jim Jungles"
"Sec 24 - Elmhurst","777 Church",3021,"02/15/2016 05:38 AM","SnowPlus Staff","Jim Jungles"
"Sec 10 - Bolingbrook West","1501 Remington",328,"02/15/2016 05:30 AM","SnowPlus Staff","Donato Garcia"
"Sec 10 - Bolingbrook West","1501 Remington",328,"02/15/2016 05:29 AM","SnowPlus Staff","Donato Garcia"
"Sec 27 - Joliet","3311 & 3325 Corporate",3029,"02/15/2016 05:26 AM","SnowPlus Staff","Bob Inabnit"
"Sec 27 - Joliet","1695 Crossroads",3029,"02/15/2016 05:25 AM","SnowPlus Staff","Bob Inabnit"
"Sec 27 - Joliet","4001 Rock Creek",3029,"02/15/2016 05:24 AM","SnowPlus Staff","Bob Inabnit"
"Sec 10 - Bolingbrook West","1501 Remington",686,"02/15/2016 05:24 AM","SnowPlus Staff","Donato Garcia"
"Sec 10 - Bolingbrook West","1501 Remington",899,"02/15/2016 05:24 AM","SnowPlus Staff","Donato Garcia"
"Sec 09 - Bolingbrook North","550 West North Frontage Rd",309,"02/15/2016 05:20 AM","SnowPlus Staff","Tom Ustaszewski"
"Sec 30 - Lisle / Warrenville","1000 & 1100 Warrenville",358,"02/15/2016 05:18 AM","SnowPlus Staff","Scott Erickson"
"Sec 09 - Bolingbrook North","340 Remington",309,"02/15/2016 04:56 AM","SnowPlus Staff","Tom Ustaszewski"
"Sec 13 - Romeoville","Buffalo Wild Wings and Retail",686,"02/15/2016 04:50 AM","SnowPlus Staff","Mike Jungles"
"Sec 20 - Elk Grove Village North","Regent O'Hare Building Industrial Center",412,"02/15/2016 04:49 AM","SnowPlus Staff","Ernie Vargas"
"Sec 20 - Elk Grove Village North","849 Elmhurst",412,"02/15/2016 04:49 AM","SnowPlus Staff","Ernie Vargas"
"Sec 13 - Romeoville","Buffalo Wild Wings and Retail",899,"02/15/2016 04:48 AM","SnowPlus Staff","Mike Jungles"
"Sec 20 - Elk Grove Village North","Regent O'Hare Building E & F",412,"02/15/2016 04:48 AM","SnowPlus Staff","Ernie Vargas"
"Sec 20 - Elk Grove Village North","Regent O'Hare Building A",412,"02/15/2016 04:47 AM","SnowPlus Staff","Ernie Vargas"
"Sec 20 - Elk Grove Village North","Regent O'Hare Building A",412,"02/15/2016 04:47 AM","SnowPlus Staff","Ernie Vargas"
"Sec 20 - Elk Grove Village North","Regent O'Hare Building B",412,"02/15/2016 04:46 AM","SnowPlus Staff","Ernie Vargas"
"Sec 20 - Elk Grove Village North","Regent O'Hare Building B",412,"02/15/2016 04:46 AM","SnowPlus Staff","Ernie Vargas"
"Sec 20 - Elk Grove Village North","Tech Center I",412,"02/15/2016 04:45 AM","SnowPlus Staff","Ernie Vargas"
"Sec 20 - Elk Grove Village North","1800 Landmeier",412,"02/15/2016 04:44 AM","SnowPlus Staff","Ernie Vargas"
"Sec 05 - Bedford Park","Northstar Aerospace",328,"02/15/2016 04:44 AM","SnowPlus Staff","Enick Morris"
"Sec 20 - Elk Grove Village North","Tech Center II",412,"02/15/2016 04:44 AM","SnowPlus Staff","Ernie Vargas"
"Sec 15 - Carol Stream East","700 Kimberly",3048,"02/15/2016 04:39 AM","SnowPlus Staff","Cody Moutvic"
"Sec 18 - Mt. Prospect-Glenview","1000 Milwaukee",51,"02/15/2016 04:36 AM","SnowPlus Staff","Bobby Gomez"
"Sec 09 - Bolingbrook North","655 Remington",309,"02/15/2016 04:35 AM","SnowPlus Staff","Bill Gabris"
"Sec 24 - Elmhurst","11700 Grand",3021,"02/15/2016 04:35 AM","SnowPlus Staff","Jim Jungles"
"Sec 07 - Bensenville","1010 Foster",3023,"02/15/2016 04:33 AM","SnowPlus Staff","Ernie Vargas"
"Sec 07 - Bensenville","1001 Foster",3023,"02/15/2016 04:33 AM","SnowPlus Staff","Ernie Vargas"
"Sec 30 - Lisle / Warrenville","535 Diehl",358,"02/15/2016 04:33 AM","SnowPlus Staff","Scott Erickson"
"Sec 09 - Bolingbrook North","850 Remington",309,"02/15/2016 04:21 AM","SnowPlus Staff","Tom Ustaszewski"
"Sec 29 - Naperville West","International Paper",806,"02/15/2016 04:20 AM","SnowPlus Staff","Scott Erickson"
"Sec 22 - Elgin","1385 Madeline",653,"02/15/2016 04:14 AM","SnowPlus Staff","Freddy Martin"
"Sec 24 - Elmhurst","949 - 853 Larch",3021,"02/15/2016 04:12 AM","SnowPlus Staff","Jim Jungles"
"Sec 05 - Bedford Park","7301 - 7361 Meade",328,"02/15/2016 04:07 AM","SnowPlus Staff","Enick Morris"
"Sec 09 - Bolingbrook North","1055 Remington",309,"02/15/2016 04:06 AM","SnowPlus Staff","Bill Gabris"
"Sec 28 - Naperville East","2012 Corporate",806,"02/15/2016 03:56 AM","SnowPlus Staff","Scott Erickson"
"Sec 28 - Naperville East","Canterra Commons",806,"02/15/2016 03:55 AM","SnowPlus Staff","Scott Erickson"
"Sec 07 - Bensenville","595-601 Supreme",3023,"02/15/2016 03:43 AM","SnowPlus Staff","Ernie Vargas"
"Sec 07 - Bensenville","600-608 & 610-620 Supreme ( 2 bdgs)",3023,"02/15/2016 03:41 AM","SnowPlus Staff","Ernie Vargas"
"Sec 07 - Bensenville","975-1001 Bryn Mawr",3022,"02/15/2016 03:34 AM","SnowPlus Staff","Ernie Vargas"
"Sec 07 - Bensenville","975-1001 Bryn Mawr",3022,"02/15/2016 03:34 AM","SnowPlus Staff","Ernie Vargas"
"Sec 13 - Romeoville","160 South Creek",899,"02/15/2016 03:33 AM","SnowPlus Staff","Mike Jungles"
"Sec 22 - Elgin","901 Weseman",653,"02/15/2016 03:24 AM","SnowPlus Staff","Freddy Martin"
"Sec 34 - Woodridge Retail","Centerpointe Retail Centre",309,"02/15/2016 03:19 AM","SnowPlus Staff","Dan Castro"
"Sec 15 - Carol Stream East","437 Tower",3048,"02/15/2016 03:18 AM","SnowPlus Staff","Cody Moutvic"
"Sec 25 - Glendale Heights","1601 & 1625 Fullerton",87,"02/15/2016 03:14 AM","SnowPlus Staff","Paul Steinhauer"
"Sec 23 - Rosemont","Columbia Center I & II",3021,"02/15/2016 03:03 AM","SnowPlus Staff","Jim Jungles"
"Sec 04 - Aurora West / Batavia","1100 Kingsland",961,"02/15/2016 02:54 AM","SnowPlus Staff",
"Sec 07 - Bensenville","645-651 Supreme",3023,"02/15/2016 02:53 AM","SnowPlus Staff","Ernie Vargas"
"Sec 33 - University Park","DSC Logistics",102,"02/15/2016 02:47 AM","SnowPlus Staff","Scott Senne"
"Sec 33 - University Park","Matteson Retail Center",102,"02/15/2016 02:43 AM","SnowPlus Staff","Scott Senne"
"Sec 22 - Elgin","1111 Davis",653,"02/15/2016 02:32 AM","SnowPlus Staff","Freddy Martin"
"Sec 22 - Elgin","1111 Davis",653,"02/15/2016 02:32 AM","SnowPlus Staff","Freddy Martin"
"Sec 07 - Bensenville","860-888 Thomas",107,"02/15/2016 02:28 AM","SnowPlus Staff","Ernie Vargas"
"Sec 17 - Lombard / Oakbrook","Avery School",358,"02/15/2016 02:27 AM","SnowPlus Staff","Jose Legaspi"
"Sec 34 - Woodridge Retail","Darien Towne Center",309,"02/15/2016 02:23 AM","SnowPlus Staff","Dan Castro"
"Sec 25 - Glendale Heights","699 Regency",87,"02/15/2016 02:10 AM","SnowPlus Staff","Paul Steinhauer"
"Sec 25 - Glendale Heights","699 Regency",181,"02/15/2016 02:09 AM","SnowPlus Staff","Paul Steinhauer"
"Sec 23 - Rosemont","Columbia Center III",3021,"02/15/2016 02:07 AM","SnowPlus Staff","Jim Jungles"
"Sec 17 - Lombard / Oakbrook","The Crossings",819,"02/15/2016 02:04 AM","SnowPlus Staff","Jim Rose"
"Sec 05 - Bedford Park","Northstar Aerospace",328,"02/15/2016 01:58 AM","SnowPlus Staff","Enick Morris"
"Sec 07 - Bensenville","877 Supreme",3023,"02/15/2016 01:54 AM","SnowPlus Staff","Ernie Vargas"
"Sec 22 - Elgin","1675 Holmes",653,"02/15/2016 01:52 AM","SnowPlus Staff","Freddy Martin"
"Sec 17 - Lombard / Oakbrook","Eisenhower Buildings",819,"02/15/2016 01:49 AM","SnowPlus Staff","Greg Skonie"
"Sec 17 - Lombard / Oakbrook","Eisenhower Buildings",81,"02/15/2016 01:49 AM","SnowPlus Staff","Greg Skonie"
"Sec 01 - Addison","350 Rohlwing - Vanport Warehousing",314,"02/15/2016 01:41 AM","SnowPlus Staff","Wally Sternberg"
"Sec 01 - Addison","Devry University",314,"02/15/2016 01:41 AM","SnowPlus Staff","Wally Sternberg"
"Sec 07 - Bensenville","950-990 Supreme",3023,"02/15/2016 01:41 AM","SnowPlus Staff","Ernie Vargas"
"Sec 07 - Bensenville","1141 Ellis",3023,"02/15/2016 01:36 AM","SnowPlus Staff","Ernie Vargas"
"Sec 07 - Bensenville","626-630 Thomas",3022,"02/15/2016 01:36 AM","SnowPlus Staff","Ernie Vargas"
"Sec 05 - Bedford Park","Art Van - Cicero",328,"02/15/2016 01:36 AM","SnowPlus Staff","Enick Morris"
"Sec 25 - Glendale Heights","139 Army Trail",181,"02/15/2016 01:25 AM","SnowPlus Staff","Paul Steinhauer"
"Sec 31 - Roselle","200 Gary",547,"02/15/2016 01:24 AM","SnowPlus Staff","Chad Meyer"
"Sec 07 - Bensenville","659-699 Supreme",3023,"02/15/2016 01:06 AM","SnowPlus Staff","Ernie Vargas"
"Sec 25 - Glendale Heights","110 International",87,"02/15/2016 12:51 AM","SnowPlus Staff","Paul Steinhauer"
"Sec 04 - Aurora West / Batavia","Art Van - Batavia",961,"02/15/2016 12:47 AM","SnowPlus Staff",
"Sec 17 - Lombard / Oakbrook","2301-2311 22nd St",819,"02/15/2016 12:41 AM","SnowPlus Staff","Greg Skonie"
"Sec 07 - Bensenville","560-590 Supreme",107,"02/15/2016 12:37 AM","SnowPlus Staff","Ernie Vargas"
"Sec 32 - Schaumburg","Bed Bath & Beyond",115,"02/15/2016 12:35 AM","SnowPlus Staff","Connor Young"
"Sec 30 - Lisle / Warrenville","Univ. Tech Institute",358,"02/15/2016 12:31 AM","SnowPlus Staff","Jose Legaspi"
"Sec 07 - Bensenville","971-991 Supreme",3022,"02/15/2016 12:27 AM","SnowPlus Staff","Ernie Vargas"
"Sec 04 - Aurora West / Batavia","Art Van - Batavia",961,"02/15/2016 12:25 AM","SnowPlus Staff",
"Sec 07 - Bensenville","971-991 Supreme",3022,"02/15/2016 12:16 AM","SnowPlus Staff","Ernie Vargas"
"Sec 01 - Addison","350 Rohlwing - Vanport Warehousing",673,"02/15/2016 12:14 AM","SnowPlus Staff","Wally Sternberg"
"Sec 25 - Glendale Heights","80 International",87,"02/15/2016 12:14 AM","SnowPlus Staff","Paul Steinhauer"
"Sec 21 - Bartlett","Stearns Crossing (Retail)",547,"02/15/2016 12:02 AM","SnowPlus Staff","Chad Meyer"
"Sec 16 - Carol Stream West","Wheaton Sports Center",864,"02/15/2016 12:01 AM","SnowPlus Staff","Leo Vargas"
"Sec 16 - Carol Stream West","Fresh Markets",864,"02/14/2016 11:52 PM","SnowPlus Staff","Leo Vargas"
"Sec 01 - Addison","2171 Executive",314,"02/14/2016 11:44 PM","SnowPlus Staff","Wally Sternberg"
"Sec 07 - Bensenville","971-991 Supreme",3022,"02/14/2016 11:20 PM","SnowPlus Staff","Ernie Vargas"
"Sec 07 - Bensenville","971-991 Supreme",3022,"02/14/2016 11:20 PM","SnowPlus Staff","Ernie Vargas"
"Sec 04 - Aurora West / Batavia","2401 Kaneville Rd",961,"02/14/2016 11:19 PM","SnowPlus Staff",
"Sec 07 - Bensenville","971-991 Supreme",3022,"02/14/2016 11:19 PM","SnowPlus Staff","Ernie Vargas"
"Sec 34 - Woodridge Retail","Art Van - Woodridge",309,"02/14/2016 11:17 PM","SnowPlus Staff","Dan Castro"
"Sec 17 - Lombard / Oakbrook","Art Van - Butterfield",819,"02/14/2016 11:14 PM","SnowPlus Staff","Greg Skonie"
"Sec 22 - Elgin","2700 Alft",3021,"02/14/2016 10:59 PM","SnowPlus Staff","Freddy Martin"
"Sec 20 - Elk Grove Village North","1723 Marshall",412,"02/14/2016 10:48 PM","SnowPlus Staff","Ernie Vargas"
"Sec 22 - Elgin","2700 Alft",3021,"02/14/2016 10:44 PM","SnowPlus Staff","Freddy Martin"
"Sec 22 - Elgin","2700 Alft",3021,"02/14/2016 10:44 PM","SnowPlus Staff","Freddy Martin"
"Sec 20 - Elk Grove Village North","951 Fargo",412,"02/14/2016 10:44 PM","SnowPlus Staff","Ernie Vargas"
"Sec 20 - Elk Grove Village North","951 Fargo",412,"02/14/2016 10:41 PM","SnowPlus Staff","Ernie Vargas"
"Sec 20 - Elk Grove Village North","951 Fargo",412,"02/14/2016 10:41 PM","SnowPlus Staff","Ernie Vargas"
"Sec 20 - Elk Grove Village North","951 Fargo",412,"02/14/2016 10:40 PM","SnowPlus Staff","Ernie Vargas"
"Sec 35 - Woodridge Industrial","10350 Beaudin",3029,"02/14/2016 10:34 PM","SnowPlus Staff","Doug Hendon"
"Sec 35 - Woodridge Industrial",Xcell,3029,"02/14/2016 10:34 PM","SnowPlus Staff","Doug Hendon"
"Sec 16 - Carol Stream West","Fresh Markets",864,"02/14/2016 10:04 PM","SnowPlus Staff","Leo Vargas"
"Sec 32 - Schaumburg","Art Van Schaumburg",115,"02/14/2016 09:48 PM","SnowPlus Staff","Brandon Temesuary"
"Sec 31 - Roselle","Maines Foods",547,"02/14/2016 09:07 PM","SnowPlus Staff","Chad Meyer"
"Sec 19 - Elk Grove Village","2800 - 2900 Lively",879,"02/14/2016 08:46 PM","SnowPlus Staff","Ernie Vargas"
"Sec 20 - Elk Grove Village North","951 Fargo",773,"02/14/2016 08:46 PM","SnowPlus Staff","Ernie Vargas"
"Sec 19 - Elk Grove Village","900 Thorndale",879,"02/14/2016 08:46 PM","SnowPlus Staff","Ernie Vargas"
"Sec 19 - Elk Grove Village","2800 - 2900 Lively",879,"02/14/2016 08:46 PM","SnowPlus Staff","Ernie Vargas"
"Sec 21 - Bartlett","Stearns Crossing (Retail)",547,"02/14/2016 07:15 PM","SnowPlus Staff","Chad Meyer"
"Sec 16 - Carol Stream West","Wheaton Sports Center",730,"02/14/2016 05:50 PM","SnowPlus Staff","Leo Vargas"
"Sec 16 - Carol Stream West","Wheaton Sports Center",730,"02/14/2016 05:49 PM","SnowPlus Staff","Leo Vargas"
"Sec 20 - Elk Grove Village North","Regent O'Hare Building Industrial Center",107,"02/14/2016 05:44 PM","SnowPlus Staff","Ernie Vargas"
"Sec 01 - Addison","2171 Executive",314,"02/14/2016 04:46 PM","SnowPlus Staff","Wally Sternberg"
"Sec 01 - Addison","Devry University",314,"02/14/2016 04:46 PM","SnowPlus Staff","Wally Sternberg"
"Sec 07 - Bensenville","630-650 Supreme",107,"02/14/2016 04:40 PM","SnowPlus Staff","Ernie Vargas"
"Sec 31 - Roselle","Maines Foods",547,"02/14/2016 04:38 PM","SnowPlus Staff","Chad Meyer"
"Sec 25 - Glendale Heights","139 Army Trail",3021,"02/14/2016 04:30 PM","SnowPlus Staff","Paul Steinhauer"
"Sec 07 - Bensenville","971-991 Supreme",107,"02/14/2016 04:23 PM","SnowPlus Staff","Ernie Vargas"
"Sec 20 - Elk Grove Village North","Regent O'Hare Building A",107,"02/14/2016 03:40 PM","SnowPlus Staff","Ernie Vargas"
"Sec 20 - Elk Grove Village North","Tech Center II",107,"02/14/2016 03:35 PM","SnowPlus Staff","Ernie Vargas"
"Sec 16 - Carol Stream West","Wheaton Sports Center",730,"02/14/2016 03:28 PM","SnowPlus Staff","Leo Vargas"
"Sec 21 - Bartlett","Stearns Crossing (Retail)",547,"02/14/2016 03:00 PM","SnowPlus Staff","Chad Meyer"
"Sec 07 - Bensenville","860-888 Thomas",107,"02/14/2016 02:29 PM","SnowPlus Staff","Ernie Vargas"
"Sec 20 - Elk Grove Village North","Regent O'Hare Building E & F",107,"02/14/2016 02:19 PM","SnowPlus Staff","Ernie Vargas"
"Sec 01 - Addison","2171 Executive",328,"02/14/2016 02:10 PM","SnowPlus Staff","Wally Sternberg"
"Sec 07 - Bensenville","971-991 Supreme",107,"02/14/2016 02:07 PM","SnowPlus Staff","Ernie Vargas"
"Sec 20 - Elk Grove Village North","Tech Center I",107,"02/14/2016 02:05 PM","SnowPlus Staff","Ernie Vargas"
"Sec 20 - Elk Grove Village North","Regent O'Hare Building E & F",107,"02/14/2016 02:03 PM","SnowPlus Staff","Ernie Vargas"
"Sec 20 - Elk Grove Village North","Regent O'Hare Building E & F",107,"02/14/2016 02:03 PM","SnowPlus Staff","Ernie Vargas"
"Sec 16 - Carol Stream West","Fresh Markets",730,"02/14/2016 02:03 PM","SnowPlus Staff","Leo Vargas"
"Sec 16 - Carol Stream West","Wheaton Sports Center",730,"02/14/2016 02:01 PM","SnowPlus Staff","Leo Vargas"
"Sec 34 - Woodridge Retail","Art Van - Woodridge",328,"02/14/2016 01:52 PM","SnowPlus Staff","Dan Castro"
"Sec 34 - Woodridge Retail","Art Van - Woodridge",328,"02/14/2016 01:52 PM","SnowPlus Staff","Dan Castro"
"Sec 12 - Bolingbrook Southwest","760 Crossroads",361,"02/12/2016 01:02 PM","SnowPlus Staff","Adam Halm"
"Sec 12 - Bolingbrook Southwest","969 Veterans",361,"02/12/2016 01:02 PM","SnowPlus Staff","Adam Halm"
"Sec 14 - Bolingbrook East","254 Internationale",361,"02/12/2016 01:02 PM","SnowPlus Staff","Mike Esposito"
"Sec 11 - Bolingbrook South","505 Crossroads",361,"02/12/2016 01:02 PM","SnowPlus Staff","Tom Ustaszewski"
"Sec 10 - Bolingbrook West","1290 Remington",361,"02/12/2016 01:01 PM","SnowPlus Staff","Donato Garcia"
"Sec 09 - Bolingbrook North","850 Veterans",361,"02/12/2016 01:01 PM","SnowPlus Staff","Bill Gabris"
"Sec 09 - Bolingbrook North","605 Territorial",361,"02/12/2016 01:01 PM","SnowPlus Staff","Bill Gabris"
"Sec 09 - Bolingbrook North","595 Territorial",361,"02/12/2016 01:00 PM","SnowPlus Staff","Bill Gabris"
"Sec 09 - Bolingbrook North","750 Veterans",361,"02/12/2016 01:00 PM","SnowPlus Staff","Tom Ustaszewski"
"Sec 09 - Bolingbrook North","850 Remington",361,"02/12/2016 01:00 PM","SnowPlus Staff","Tom Ustaszewski"
"Sec 09 - Bolingbrook North","581 Territorial",361,"02/12/2016 01:00 PM","SnowPlus Staff","Tom Ustaszewski"
"Sec 10 - Bolingbrook West","1101-1109 Windham  2 bldgs",899,"02/12/2016 12:00 PM","SnowPlus Staff","Donato Garcia"
"Sec 35 - Woodridge Industrial",Xcell,980,"02/12/2016 11:50 AM","SnowPlus Staff","Doug Hendon"
"Sec 35 - Woodridge Industrial","10220 Werch",980,"02/12/2016 11:45 AM","SnowPlus Staff","Doug Hendon"
"Sec 10 - Bolingbrook West","1101-1109 Windham  2 bldgs",985,"02/12/2016 11:44 AM","SnowPlus Staff","Donato Garcia"
"Sec 12 - Bolingbrook Southwest","710 Theodore",899,"02/12/2016 11:42 AM","SnowPlus Staff","Adam Halm"
"Sec 35 - Woodridge Industrial","10350 Beaudin",980,"02/12/2016 11:35 AM","SnowPlus Staff","Doug Hendon"
"Sec 12 - Bolingbrook Southwest","1001 Crossroads",899,"02/12/2016 11:35 AM","SnowPlus Staff","Adam Halm"
"Sec 35 - Woodridge Industrial","2300 Internationale",980,"02/12/2016 11:27 AM","SnowPlus Staff","Doug Hendon"
"Sec 35 - Woodridge Industrial","2401 Internationale",980,"02/12/2016 11:18 AM","SnowPlus Staff","Doug Hendon"
"Sec 35 - Woodridge Industrial","2500 Internationale",980,"02/12/2016 11:18 AM","SnowPlus Staff","Doug Hendon"
"Sec 12 - Bolingbrook Southwest","775 Prologis",899,"02/12/2016 11:01 AM","SnowPlus Staff","Adam Halm"
"Sec 25 - Glendale Heights","180 Exchange",864,"02/10/2016 02:35 AM","SnowPlus Staff","Paul Steinhauer"
"Sec 25 - Glendale Heights","110 International",864,"02/10/2016 02:34 AM","SnowPlus Staff","Paul Steinhauer"
"Sec 25 - Glendale Heights","80 International",864,"02/10/2016 02:33 AM","SnowPlus Staff","Paul Steinhauer"
"Sec 25 - Glendale Heights","111 International",864,"02/10/2016 02:33 AM","SnowPlus Staff","Paul Steinhauer"
"Sec 17 - Lombard / Oakbrook","Eisenhower Buildings",819,"02/10/2016 02:33 AM","SnowPlus Staff","Greg Skonie"
"Sec 17 - Lombard / Oakbrook","Eisenhower Buildings",819,"02/10/2016 02:19 AM","SnowPlus Staff","Greg Skonie"
"Sec 16 - Carol Stream West","Fresh Markets",864,"02/10/2016 02:00 AM","SnowPlus Staff","Leo Vargas"
"Sec 16 - Carol Stream West","Wheaton Sports Center",864,"02/10/2016 01:59 AM","SnowPlus Staff","Leo Vargas"
"Sec 18 - Mt. Prospect-Glenview","1000 Milwaukee",51,"02/10/2016 01:53 AM","SnowPlus Staff","Bobby Gomez"
"Sec 01 - Addison","Devry University",3053,"02/10/2016 01:52 AM","SnowPlus Staff","Wally Sternberg"
"Sec 19 - Elk Grove Village","900 Thorndale",773,"02/10/2016 01:36 AM","SnowPlus Staff","Ernie Vargas"
"Sec 19 - Elk Grove Village","2800 - 2900 Lively",773,"02/10/2016 01:35 AM","SnowPlus Staff","Ernie Vargas"
"Sec 01 - Addison","2171 Executive",3053,"02/10/2016 01:30 AM","SnowPlus Staff","Wally Sternberg"
"Sec 16 - Carol Stream West","189 Easy",864,"02/10/2016 01:18 AM","SnowPlus Staff","Leo Vargas"
"Sec 16 - Carol Stream West","138-158 Alexandra Way",864,"02/10/2016 01:17 AM","SnowPlus Staff","Leo Vargas"
"Sec 16 - Carol Stream West","235 Tubeway",864,"02/10/2016 01:17 AM","SnowPlus Staff","Leo Vargas"
"Sec 16 - Carol Stream West","235 Tubeway",864,"02/10/2016 01:16 AM","SnowPlus Staff","Leo Vargas"
"Sec 01 - Addison","780 Belden",3053,"02/10/2016 01:16 AM","SnowPlus Staff","Wally Sternberg"
"Sec 16 - Carol Stream West","365 North Ave",864,"02/10/2016 01:16 AM","SnowPlus Staff","Leo Vargas"
"Sec 16 - Carol Stream West","365 North Ave",864,"02/10/2016 01:16 AM","SnowPlus Staff","Leo Vargas"
"Sec 16 - Carol Stream West","225 Westgate",864,"02/10/2016 01:15 AM","SnowPlus Staff","Leo Vargas"
"Sec 01 - Addison","775 Belden",3053,"02/10/2016 01:13 AM","SnowPlus Staff","Wally Sternberg"
"Sec 01 - Addison","710 Belden",3053,"02/10/2016 01:03 AM","SnowPlus Staff","Wally Sternberg"
"Sec 01 - Addison","350 Rohlwing - Vanport Warehousing",3053,"02/10/2016 12:33 AM","SnowPlus Staff","Wally Sternberg"
