Location,Property,"Pick Up #1 - Hours on site","Pick Up #1 - Employee Number","Pick Up #2 - Hours on site","Pick Up #2 - Employee Number","Salt Truck #1 - Hours on site","Salt Truck #1 - Employee Number","Salt Truck #2 - Hours on site","Salt Truck #2 - Employee Number","Skidsteer #1 - Hours on site","Skidsteer #1 - Employee Number","Skidsteer #2 - Hours on site","Skidsteer #2 - Employee Number","Loader #1 - Hours on site","Loader #1 - Employee Number","Loader #2 - Hours on site","Loader #2 - Employee Number","Submission Date","Submitted By","Assigned To"
"Sec 03 - Aurora","3505 Thayer",4,938,,,,,,,,,,,,,,,"02/15/2016 04:55 AM","SnowPlus Staff","Mito Sopko"
"Sec 33 - University Park","UTI Michelin",,,,,45,102,,,,,,,45,102,,,"02/15/2016 04:43 AM","SnowPlus Staff","Scott Senne"
"Sec 34 - Woodridge Retail","Centerpointe Retail Centre",15,948,,,,,,,,,,,,,,,"02/15/2016 04:37 AM","SnowPlus Staff","Dan Castro"
"Sec 15 - Carol Stream East","355 Long View",,,,,,,,,,,,,2,952,,,"02/15/2016 04:36 AM","SnowPlus Staff","Cody Moutvic"
"Sec 15 - Carol Stream East","437 Tower",,,,,,,,,,,,,3,952,,,"02/15/2016 04:35 AM","SnowPlus Staff","Cody Moutvic"
"Sec 03 - Aurora","4151 McCoy",2,1077,,,,,,,,,,,,,,,"02/15/2016 03:59 AM","SnowPlus Staff","Mito Sopko"
"Sec 03 - Aurora","4222 Meridian Pkwy",2,938,,,,,,,,,,,,,,,"02/15/2016 03:53 AM","SnowPlus Staff","Mito Sopko"
"Sec 34 - Woodridge Retail","Centerpointe Retail Centre",65,1007,6,918,,,,,4,1034,,,15,1006,,,"02/15/2016 03:50 AM","SnowPlus Staff","Dan Castro"
"Sec 34 - Woodridge Retail","Centerpointe Retail Centre",65,1007,6,918,,,,,4,1034,,,15,1006,,,"02/15/2016 03:45 AM","SnowPlus Staff","Dan Castro"
"Sec 34 - Woodridge Retail","Darien Towne Center",25,941,1,918,,,,,25,1033,,,,,,,"02/15/2016 03:42 AM","SnowPlus Staff","Dan Castro"
"Sec 33 - University Park","Matteson Retail Center",,,,,,,,,5,102,4,102,,,,,"02/15/2016 02:54 AM","SnowPlus Staff","Scott Senne"
"Sec 33 - University Park","DSC Logistics",,,,,75,102,,,,,,,55,491,,,"02/15/2016 02:52 AM","SnowPlus Staff","Scott Senne"
"Sec 33 - University Park","Matteson Retail Center",,,,,,,,,4,,4,,,,,,"02/15/2016 02:44 AM","SnowPlus Staff","Scott Senne"
"Sec 03 - Aurora","3901 Liberty",5,1077,,,,,,,,,,,,,,,"02/15/2016 02:24 AM","SnowPlus Staff","Mito Sopko"
"Sec 03 - Aurora","4222 Meridian Pkwy",2,938,,,,,,,,,,,,,,,"02/15/2016 02:21 AM","SnowPlus Staff","Mito Sopko"
"Sec 03 - Aurora","4222 Meridian Pkwy",2,938,,,,,,,,,,,,,,,"02/15/2016 02:18 AM","SnowPlus Staff","Mito Sopko"
"Sec 03 - Aurora","858 Meridian",3,998,,,,,,,,,,,,,,,"02/15/2016 02:17 AM","SnowPlus Staff","Mito Sopko"
"Sec 30 - Lisle / Warrenville","535 Diehl",,942,,,,,,,1032,,,,,,,,"02/15/2016 02:12 AM","SnowPlus Staff","Scott Erickson"
"Sec 17 - Lombard / Oakbrook","Avery School",,942,,,,,,,,1032,,,,,,,"02/15/2016 12:22 AM","SnowPlus Staff","Jose Legaspi"
"Sec 17 - Lombard / Oakbrook","Avery School",,942,,,,,,,,1032,,,,,,,"02/15/2016 12:22 AM","SnowPlus Staff","Jose Legaspi"
"Sec 30 - Lisle / Warrenville","Univ. Tech Institute",,942,,,,,,,1032,,,,,,,,"02/14/2016 08:12 PM","SnowPlus Staff","Jose Legaspi"
"Sec 01 - Addison","Sec - Addison Overview",,,,,,,,,,,,,,,,,"02/12/2016 07:57 AM","Admin Admin","Wally Sternberg"
