Location,Property," - Employee Number"," - Bags of Salt Used? "," - Bags of Calcium Used? "," - How many Guys Servicing Property?"," - Total Man Hours of all Guys?","Submission Date","Submitted By","Assigned To"
"Sec 23 - Rosemont","Columbia Center I & II",1,1,0,1,1,"01/09/2016 05:18 PM","SnowPlus Staff","Jim Jungles"
"Sec 07 - Bensenville","645-651 Supreme",813,1,0,1,1,"01/07/2016 10:30 AM","SnowPlus Staff","Ernie Vargas"
"Sec 07 - Bensenville","659-699 Supreme",813,1,0,1,2,"01/07/2016 10:29 AM","SnowPlus Staff","Ernie Vargas"
"Sec 07 - Bensenville","971-991 Supreme",813,1,0,1,1,"01/07/2016 10:28 AM","SnowPlus Staff","Ernie Vargas"
"Sec 07 - Bensenville","950-990 Supreme",813,1,0,1,1,"01/07/2016 10:27 AM","SnowPlus Staff","Ernie Vargas"
"Sec 04 - Aurora West / Batavia","2401 Kaneville Rd",813,2,0,1,3,"01/07/2016 10:26 AM","SnowPlus Staff",
"Sec 04 - Aurora West / Batavia","Art Van - Batavia",813,2,0,1,2,"01/07/2016 10:25 AM","SnowPlus Staff",
"Sec 07 - Bensenville","630-650 Supreme",813,1,0,1,1,"01/07/2016 10:23 AM","SnowPlus Staff","Ernie Vargas"
"Sec 17 - Lombard / Oakbrook","Eisenhower Buildings",205,15,0,2,8,"01/06/2016 08:00 PM","SnowPlus Staff","Greg Skonie"
"Sec 24 - Elmhurst","11700 Grand",205,1,0,2,2,"01/06/2016 07:58 PM","SnowPlus Staff","Jim Jungles"
"Sec 01 - Addison","350 Rohlwing - Vanport Warehousing",1,1,1,1,1,"01/06/2016 04:13 PM","Admin Admin","Wally Sternberg"
"Sec 24 - Elmhurst","11700 Grand",205,1,0,2,2,"01/06/2016 01:50 AM","SnowPlus Staff","Jim Jungles"
"Sec 23 - Rosemont","3708 River",205,2,0,2,2,"01/06/2016 01:42 AM","SnowPlus Staff","Jim Jungles"
"Sec 20 - Elk Grove Village North","1500 Higgins Rd",205,1,0,2,2,"01/06/2016 01:38 AM","SnowPlus Staff","Ernie Vargas"
"Sec 19 - Elk Grove Village","1301-1401 Mark",205,1,0,2,2,"01/06/2016 01:34 AM","SnowPlus Staff","Ernie Vargas"
"Sec 19 - Elk Grove Village","1290 Thorndale",205,1,0,2,2,"01/06/2016 01:32 AM","SnowPlus Staff","Ernie Vargas"
"Sec 18 - Mt. Prospect-Glenview","1471 Business Center",205,1,0,2,2,"01/06/2016 01:28 AM","SnowPlus Staff","Bobby Gomez"
"Sec 18 - Mt. Prospect-Glenview","1000 Milwaukee",205,2,0,2,3,"01/06/2016 01:28 AM","SnowPlus Staff","Bobby Gomez"
"Sec 18 - Mt. Prospect-Glenview","1000 Milwaukee",205,2,0,2,3,"01/06/2016 01:27 AM","SnowPlus Staff","Bobby Gomez"
"Sec 18 - Mt. Prospect-Glenview","1471 Business Center",205,1,0,2,2,"01/06/2016 01:26 AM","SnowPlus Staff","Bobby Gomez"
"Sec 03 - Aurora","4222 Meridian Pkwy",989,3,0,3,6,"01/05/2016 08:26 PM","SnowPlus Staff","Mito Sopko"
"Sec 11 - Bolingbrook South","400 Crossroads",24,3,2,3,25,"01/05/2016 02:14 PM","SnowPlus Staff","Tom Ustaszewski"
"Sec 07 - Bensenville","1141 Ellis",813,1,0,1,1,"01/04/2016 05:23 PM","SnowPlus Staff","Ernie Vargas"
"Sec 07 - Bensenville","201 Hansen",813,2,0,1,2,"01/04/2016 05:22 PM","SnowPlus Staff","Ernie Vargas"
"Sec 07 - Bensenville","855 Woodale",813,1,0,1,1,"01/04/2016 05:21 PM","SnowPlus Staff","Ernie Vargas"
"Sec 07 - Bensenville","311 Richert",813,1,1,1,1,"01/04/2016 05:20 PM","SnowPlus Staff","Ernie Vargas"
"Sec 07 - Bensenville","571-599 Edgewood",813,1,0,1,1,"01/04/2016 05:20 PM","SnowPlus Staff","Ernie Vargas"
"Sec 07 - Bensenville","571-599 Edgewood",813,1,0,1,1,"01/04/2016 05:19 PM","SnowPlus Staff","Ernie Vargas"
"Sec 07 - Bensenville","1010 Foster",813,1,0,1,1,"01/04/2016 05:18 PM","SnowPlus Staff","Ernie Vargas"
"Sec 07 - Bensenville","626-630 Thomas",813,1,0,1,1,"01/04/2016 05:17 PM","SnowPlus Staff","Ernie Vargas"
"Sec 07 - Bensenville","975-1001 Bryn Mawr",813,1,0,1,1,"01/04/2016 05:16 PM","SnowPlus Staff","Ernie Vargas"
"Sec 07 - Bensenville","877 Supreme",813,1,0,1,1,"01/04/2016 05:15 PM","SnowPlus Staff","Ernie Vargas"
"Sec 07 - Bensenville","877 Supreme",813,1,0,1,1,"01/04/2016 05:15 PM","SnowPlus Staff","Ernie Vargas"
"Sec 07 - Bensenville","860-888 Thomas",813,1,0,1,1,"01/04/2016 05:14 PM","SnowPlus Staff","Ernie Vargas"
"Sec 07 - Bensenville","560-590 Supreme",813,1,0,1,1,"01/04/2016 05:13 PM","SnowPlus Staff","Ernie Vargas"
"Sec 07 - Bensenville","600-608 & 610-620 Supreme ( 2 bdgs)",813,2,0,1,2,"01/04/2016 05:12 PM","SnowPlus Staff","Ernie Vargas"
"Sec 07 - Bensenville","630-650 Supreme",813,1,0,1,1,"01/04/2016 05:12 PM","SnowPlus Staff","Ernie Vargas"
"Sec 07 - Bensenville","630-650 Supreme",813,1,0,1,1,"01/04/2016 05:10 PM","SnowPlus Staff","Ernie Vargas"
"Sec 07 - Bensenville","595-601 Supreme",813,1,0,1,1,"01/04/2016 05:09 PM","SnowPlus Staff","Ernie Vargas"
"Sec 07 - Bensenville","645-651 Supreme",813,1,0,1,1,"01/04/2016 05:09 PM","SnowPlus Staff","Ernie Vargas"
"Sec 07 - Bensenville","659-699 Supreme",813,1,0,1,1,"01/04/2016 05:07 PM","SnowPlus Staff","Ernie Vargas"
"Sec 07 - Bensenville","971-991 Supreme",813,1,0,1,1,"01/04/2016 05:06 PM","SnowPlus Staff","Ernie Vargas"
"Sec 07 - Bensenville","950-990 Supreme",813,1,0,1,1,"01/04/2016 05:05 PM","SnowPlus Staff","Ernie Vargas"
"Sec 22 - Elgin","2700 Alft",813,2,1,2,4,"01/04/2016 05:04 PM","SnowPlus Staff","Freddy Martin"
"Sec 26 - Itasca","1376 Industrial",813,1,0,1,1,"01/04/2016 05:01 PM","SnowPlus Staff","Don Down"
"Sec 26 - Itasca","225 Windsor",813,2,0,1,2,"01/04/2016 05:00 PM","SnowPlus Staff","Don Down"
"Sec 26 - Itasca",Canon,813,1,0,1,1,"01/04/2016 05:00 PM","SnowPlus Staff","Don Down"
"Sec 26 - Itasca",,813,1,0,1,1,"01/04/2016 04:58 PM","SnowPlus Staff",
"Sec 26 - Itasca","690 Hilltop",813,1,0,1,1,"01/04/2016 04:57 PM","SnowPlus Staff","Don Down"
"Sec 26 - Itasca","909 Irving Park",813,1,0,1,1,"01/04/2016 04:56 PM","SnowPlus Staff","Don Down"
