Location,Property,"Employee Number","Bags of Salt Used? ","Bags of Calcium Used? ","How many Guys Servicing Property?","Total Man Hours of all Guys?","Submission Date","Submitted By","Assigned To"
"Sec 16 - Carol Stream West","Fresh Markets",813,5,0,2,5,"2015-12-30 20:14:07","SnowPlus Staff","Leo Vargas"
"Sec 16 - Carol Stream West","189 Easy",813,3,0,2,2,"2015-12-30 20:13:28","SnowPlus Staff","Leo Vargas"
"Sec 16 - Carol Stream West","Wheaton Sports Center",813,6,0,3,6,"2015-12-30 20:12:54","SnowPlus Staff","Leo Vargas"
"Sec 16 - Carol Stream West","Wheaton Sports Center",813,6,0,3,6,"2015-12-30 20:10:57","SnowPlus Staff","Leo Vargas"
"Sec 16 - Carol Stream West","138-158 Alexandra Way",813,3,0,2,3,"2015-12-30 20:09:49","SnowPlus Staff","Leo Vargas"
"Sec 16 - Carol Stream West","235 Tubeway",813,2,0,2,2,"2015-12-30 20:08:50","SnowPlus Staff","Leo Vargas"
"Sec 16 - Carol Stream West","365 North Ave",813,3,0,2,3,"2015-12-30 20:08:06","SnowPlus Staff","Leo Vargas"
"Sec 16 - Carol Stream West","225 Westgate",813,3,0,2,3,"2015-12-30 20:07:11","SnowPlus Staff","Leo Vargas"
"Sec 15 - Carol Stream East","221 Covington",813,2,0,2,1,"2015-12-30 20:05:07","SnowPlus Staff","Cody Moutvic"
"Sec 15 - Carol Stream East","90 West Lake",813,2,0,2,2,"2015-12-30 20:04:42","SnowPlus Staff","Cody Moutvic"
"Sec 15 - Carol Stream East","417 Village",813,3,0,2,3,"2015-12-30 20:04:07","SnowPlus Staff","Cody Moutvic"
"Sec 15 - Carol Stream East","545 Fullerton",813,3,0,2,3,"2015-12-30 20:03:33","SnowPlus Staff","Cody Moutvic"
"Sec 15 - Carol Stream East","437 Tower",813,6,1,3,7,"2015-12-30 20:03:01","SnowPlus Staff","Cody Moutvic"
"Sec 15 - Carol Stream East","230 Lies",813,2,0,2,3,"2015-12-30 20:02:02","SnowPlus Staff","Cody Moutvic"
"Sec 15 - Carol Stream East","810 Kimberly",813,4,0,2,4,"2015-12-30 20:01:27","SnowPlus Staff","Cody Moutvic"
"Sec 15 - Carol Stream East","900 Kimberly",813,3,0,2,3,"2015-12-30 20:00:56","SnowPlus Staff","Cody Moutvic"
"Sec 15 - Carol Stream East","376 Lies",813,6,3,3,8,"2015-12-30 20:00:18","SnowPlus Staff","Cody Moutvic"
"Sec 15 - Carol Stream East","125 Army Trail",813,3,0,2,3,"2015-12-30 19:59:21","SnowPlus Staff","Cody Moutvic"
"Sec 15 - Carol Stream East","175 Wall St",813,2,0,2,2,"2015-12-30 19:58:25","SnowPlus Staff","Cody Moutvic"
"Sec 15 - Carol Stream East","355 Long View",813,3,0,2,3,"2015-12-30 19:57:48","SnowPlus Staff","Cody Moutvic"
"Sec 15 - Carol Stream East","700 Kimberly",813,2,0,2,3,"2015-12-30 19:57:04","SnowPlus Staff","Cody Moutvic"
"Sec 07 - Bensenville","1001 Foster",813,1,0,2,1,"2015-12-30 19:36:02","SnowPlus Staff","Ernie Vargas"
"Sec 07 - Bensenville","1141 Ellis",813,3,0,2,3,"2015-12-30 19:35:24","SnowPlus Staff","Ernie Vargas"
"Sec 07 - Bensenville","201 Hansen",813,5,0,2,4,"2015-12-30 19:34:25","SnowPlus Staff","Ernie Vargas"
"Sec 07 - Bensenville","855 Woodale",813,2,0,2,2,"2015-12-30 19:33:32","SnowPlus Staff","Ernie Vargas"
"Sec 07 - Bensenville","311 Richert",813,2,0,2,2,"2015-12-30 19:32:30","SnowPlus Staff","Ernie Vargas"
"Sec 07 - Bensenville","571-599 Edgewood",813,2,0,2,2,"2015-12-30 19:31:25","SnowPlus Staff","Ernie Vargas"
"Sec 07 - Bensenville","1010 Foster",813,3,0,3,3,"2015-12-30 19:30:36","SnowPlus Staff","Ernie Vargas"
"Sec 07 - Bensenville","626-630 Thomas",813,2,0,2,2,"2015-12-30 19:29:26","SnowPlus Staff","Ernie Vargas"
"Sec 07 - Bensenville","975-1001 Bryn Mawr",813,2,0,2,2,"2015-12-30 19:28:39","SnowPlus Staff","Ernie Vargas"
"Sec 07 - Bensenville","877 Supreme",813,2,0,2,3,"2015-12-30 19:27:51","SnowPlus Staff","Ernie Vargas"
"Sec 07 - Bensenville","860-888 Thomas",813,2,0,2,2,"2015-12-30 19:25:51","SnowPlus Staff","Ernie Vargas"
"Sec 07 - Bensenville","560-590 Supreme",813,2,0,2,2,"2015-12-30 19:24:54","SnowPlus Staff","Ernie Vargas"
"Sec 07 - Bensenville","600-608 & 610-620 Supreme ( 2 bdgs)",813,5,0,2,5,"2015-12-30 19:22:45","SnowPlus Staff","Ernie Vargas"
"Sec 07 - Bensenville","630-650 Supreme",813,3,0,2,3,"2015-12-30 19:21:49","SnowPlus Staff","Ernie Vargas"
"Sec 07 - Bensenville","595-601 Supreme",813,3,0,2,3,"2015-12-30 19:20:41","SnowPlus Staff","Ernie Vargas"
"Sec 07 - Bensenville","645-651 Supreme",813,3,0,2,3,"2015-12-30 19:19:17","SnowPlus Staff","Ernie Vargas"
"Sec 07 - Bensenville","659-699 Supreme",813,2,0,2,2,"2015-12-30 19:18:28","SnowPlus Staff","Ernie Vargas"
"Sec 07 - Bensenville","971-991 Supreme",813,3,0,2,3,"2015-12-30 19:17:50","SnowPlus Staff","Ernie Vargas"
"Sec 07 - Bensenville","950-990 Supreme",813,2,0,2,2,"2015-12-30 19:17:06","SnowPlus Staff","Ernie Vargas"
"Sec 04 - Aurora West / Batavia","2401 Kaneville Rd",813,5,0,2,6,"2015-12-30 19:11:05","SnowPlus Staff",
"Sec 04 - Aurora West / Batavia","Art Van - Batavia",813,5,0,2,4,"2015-12-30 19:10:12","SnowPlus Staff",
"Sec 30 - Lisle / Warrenville","Univ. Tech Institute",813,18,0,5,25,"2015-12-30 19:07:29","SnowPlus Staff","Jose Legaspi"
"Sec 30 - Lisle / Warrenville","535 Diehl",813,5,0,1,4,"2015-12-30 19:06:40","SnowPlus Staff","Scott Erickson"
"Sec 30 - Lisle / Warrenville","1000 & 1100 Warrenville",813,13,4,4,22,"2015-12-30 19:05:50","SnowPlus Staff","Scott Erickson"
"Sec 26 - Itaska","1376 Industrial",813,3,0,3,3,"2015-12-30 19:04:22","SnowPlus Staff","Don Down"
"Sec 26 - Itaska","225 Windsor",813,3,0,3,3,"2015-12-30 19:03:42","SnowPlus Staff","Don Down"
"Sec 26 - Itaska",Canon,813,3,0,3,3,"2015-12-30 19:02:57","SnowPlus Staff","Don Down"
"Sec 26 - Itaska","925 Thorndale",813,2,0,3,2,"2015-12-30 19:02:13","SnowPlus Staff","Don Down"
"Sec 26 - Itaska","690 Hilltop",813,3,0,3,2,"2015-12-30 19:01:22","SnowPlus Staff","Don Down"
"Sec 26 - Itaska","909 Irving Park",813,2,0,3,3,"2015-12-30 18:59:45","SnowPlus Staff","Don Down"
"Sec 22 - Elgin","901 Weseman",813,3,0,3,2,"2015-12-30 18:56:48","SnowPlus Staff","Freddy Martin"
"Sec 22 - Elgin","1111 Davis",813,3,0,3,2,"2015-12-30 18:55:56","SnowPlus Staff","Freddy Martin"
"Sec 22 - Elgin","1675 Holmes",813,2,0,3,3,"2015-12-30 18:55:01","SnowPlus Staff","Freddy Martin"
"Sec 22 - Elgin","1360 Madeline",813,3,0,3,3,"2015-12-30 18:54:01","SnowPlus Staff","Freddy Martin"
"Sec 22 - Elgin","1385 Madeline",813,2,0,3,3,"2015-12-30 18:53:14","SnowPlus Staff","Freddy Martin"
"Sec 22 - Elgin",Chase,813,20,2,7,47,"2015-12-30 18:51:52","SnowPlus Staff","Freddy Martin"
"Sec 22 - Elgin","2770 Aflt",813,2,0,2,3,"2015-12-30 18:50:04","SnowPlus Staff","Freddy Martin"
"Sec 21 - Bartlett","Stearns Crossing (Retail)",813,6,2,2,5,"2015-12-30 18:47:27","SnowPlus Staff","Chad Meyer"
"Sec 31 - Roselle","50 Gary",813,2,0,2,2,"2015-12-30 18:45:50","SnowPlus Staff","Chad Meyer"
"Sec 31 - Roselle","100 Gary",813,3,02,2,3,"2015-12-30 18:01:03","SnowPlus Staff","Chad Meyer"
"Sec 31 - Roselle","200 Gary",813,4,0,2,3,"2015-12-30 17:59:24","SnowPlus Staff","Chad Meyer"
"Sec 31 - Roselle","1600 Central",813,2,0,2,2,"2015-12-30 17:58:37","SnowPlus Staff","Chad Meyer"
"Sec 31 - Roselle","Maines Foods",813,3,0,2,3,"2015-12-30 17:57:40","SnowPlus Staff","Chad Meyer"
"Sec 31 - Roselle","5700 Turnberry",813,3,0,2,2,"2015-12-30 17:56:50","SnowPlus Staff","Chad Meyer"
"Sec 32 - Schaumburg",Sunstar,813,8,0,4,24,"2015-12-30 17:54:19","SnowPlus Staff","Brandon Temesuary"
"Sec 32 - Schaumburg","Art Van Schaumburg",813,3,0,2,4,"2015-12-30 17:52:58","SnowPlus Staff","Brandon Temesuary"
"Sec 32 - Schaumburg","1301 Basswood",813,1,0,2,2,"2015-12-30 17:52:07","SnowPlus Staff","Brandon Temesuary"
"Sec 32 - Schaumburg","930 National",813,4,0,2,5,"2015-12-30 17:50:36","SnowPlus Staff","Brandon Temesuary"
"Sec 32 - Schaumburg","5201 Tollview",813,2,0,2,2,"2015-12-30 17:49:50","SnowPlus Staff","Brandon Temesuary"
"Sec 32 - Schaumburg","1201 Wiley",813,5,3,2,7,"2015-12-30 17:49:03","SnowPlus Staff","Brandon Temesuary"
"Sec 32 - Schaumburg","1300 Plum Grove",813,3,0,2,4,"2015-12-30 17:48:05","SnowPlus Staff","Brandon Temesuary"
"Sec 32 - Schaumburg","Bed Bath & Beyond",813,4,0,2,5,"2015-12-30 17:46:04","SnowPlus Staff","Brandon Temesuary"
"Sec 32 - Schaumburg","1051 Perimeter",813,3,0,2,5,"2015-12-30 17:44:34","SnowPlus Staff","Brandon Temesuary"
"Sec 24 - Elmhurst","777 Church",205,1,0,2,2,"2015-12-30 16:16:34","SnowPlus Staff","Jim Jungles"
"Sec 24 - Elmhurst","949 - 853 Larch",205,1,0,2,2,"2015-12-30 16:15:44","SnowPlus Staff","Jim Jungles"
"Sec 24 - Elmhurst","11700 Grand",205,2,0,2,3,"2015-12-30 16:15:14","SnowPlus Staff","Jim Jungles"
"Sec 23 - Rosemount","3708 River",205,4,0,2,4,"2015-12-30 16:14:10","SnowPlus Staff","Jim Jungles"
"Sec 23 - Rosemount","Columbia Center III",205,5,0,2,4,"2015-12-30 16:13:19","SnowPlus Staff","Jim Jungles"
"Sec 23 - Rosemount","Columbia Center I & II",205,10,0,2,8,"2015-12-30 16:12:30","SnowPlus Staff","Jim Jungles"
"Sec 20 - Elk Grove Village North","1723 Marshall",205,1,0,2,2,"2015-12-30 16:10:21","SnowPlus Staff","Ernie Vargas"
"Sec 20 - Elk Grove Village North","1500 Higgins Rd",205,1,0,2,2,"2015-12-30 16:09:25","SnowPlus Staff","Ernie Vargas"
"Sec 20 - Elk Grove Village North","Regent O'Hare Building Industrial Center",205,2,0,2,2,"2015-12-30 16:08:32","SnowPlus Staff","Ernie Vargas"
"Sec 20 - Elk Grove Village North","Regent O'Hare Building E & F",205,1,0,2,2,"2015-12-30 16:07:52","SnowPlus Staff","Ernie Vargas"
"Sec 20 - Elk Grove Village North","Regent O'Hare Building A",205,1,0,2,2,"2015-12-30 16:07:17","SnowPlus Staff","Ernie Vargas"
"Sec 20 - Elk Grove Village North","Regent O'Hare Building B",205,1,0,2,2,"2015-12-30 16:06:41","SnowPlus Staff","Ernie Vargas"
"Sec 20 - Elk Grove Village North","Tech Center I",205,1,0,2,2,"2015-12-30 16:06:02","SnowPlus Staff","Ernie Vargas"
"Sec 20 - Elk Grove Village North","1800 Landmeier",205,1,0,2,2,"2015-12-30 16:05:14","SnowPlus Staff","Ernie Vargas"
"Sec 20 - Elk Grove Village North","Tech Center II",205,1,0,2,2,"2015-12-30 16:04:47","SnowPlus Staff","Ernie Vargas"
"Sec 20 - Elk Grove Village North","951 Fargo",205,3,0,3,4,"2015-12-30 16:04:11","SnowPlus Staff","Ernie Vargas"
"Sec 19 - Elk Grove Village","1601 Pratt",205,4,0,2,4,"2015-12-30 16:02:37","SnowPlus Staff","Ernie Vargas"
"Sec 19 - Elk Grove Village","1501 Pratt",205,2,0,2,3,"2015-12-30 16:01:55","SnowPlus Staff","Ernie Vargas"
"Sec 19 - Elk Grove Village","1201 Kirk",205,1,0,2,2,"2015-12-30 16:00:52","SnowPlus Staff","Ernie Vargas"
"Sec 19 - Elk Grove Village","2901 Lively",205,1,0,2,2,"2015-12-30 15:59:58","SnowPlus Staff","Ernie Vargas"
"Sec 19 - Elk Grove Village","2521 Lively",205,1,0,2,2,"2015-12-30 15:59:22","SnowPlus Staff","Ernie Vargas"
"Sec 19 - Elk Grove Village","1107 Mark",205,1,0,2,2,"2015-12-30 15:58:40","SnowPlus Staff","Ernie Vargas"
"Sec 19 - Elk Grove Village","1239-1251 Mark",205,1,0,2,2,"2015-12-30 15:57:47","SnowPlus Staff","Ernie Vargas"
"Sec 19 - Elk Grove Village","1300 Mark",205,1,0,2,2,"2015-12-30 15:57:04","SnowPlus Staff","Ernie Vargas"
"Sec 19 - Elk Grove Village","1400 Mark",205,1,0,2,2,"2015-12-30 15:56:27","SnowPlus Staff","Ernie Vargas"
"Sec 19 - Elk Grove Village","1301-1401 Mark",205,1,0,2,2,"2015-12-30 15:55:53","SnowPlus Staff","Ernie Vargas"
"Sec 19 - Elk Grove Village","2781 Katherine",205,1,0,2,2,"2015-12-30 15:55:14","SnowPlus Staff","Ernie Vargas"
"Sec 19 - Elk Grove Village","1350 Kirk",205,1,0,2,2,"2015-12-30 15:54:37","SnowPlus Staff","Ernie Vargas"
"Sec 19 - Elk Grove Village","1209 Thorndale",205,1,0,2,2,"2015-12-30 15:53:54","SnowPlus Staff","Ernie Vargas"
"Sec 19 - Elk Grove Village","1100 Thorndale",205,1,0,2,2,"2015-12-30 15:53:22","SnowPlus Staff","Ernie Vargas"
"Sec 19 - Elk Grove Village","2700 Carl",205,1,0,2,2,"2015-12-30 15:52:44","SnowPlus Staff","Ernie Vargas"
"Sec 19 - Elk Grove Village","2800 Carl",205,1,0,2,2,"2015-12-30 15:52:10","SnowPlus Staff","Ernie Vargas"
"Sec 19 - Elk Grove Village","900 Thorndale",205,1,0,2,2,"2015-12-30 15:51:30","SnowPlus Staff","Ernie Vargas"
"Sec 18 - Mt. Prospect-Glenview","1471 Business Center",205,3,0,3,4,"2015-12-30 15:49:38","SnowPlus Staff","Bobby Gomez"
"Sec 18 - Mt. Prospect-Glenview","1000 Milwaukee",205,3,0,2,6,"2015-12-30 15:48:50","SnowPlus Staff","Bobby Gomez"
"Sec 17 - Lombard / Oakbrook","Eisenhower Buildings",205,25,0,3,19,"2015-12-30 15:44:27","SnowPlus Staff","Greg Skonie"
"Sec 25 - Glendale Heights","180 Exchange",419,1,0,3,1,"2015-12-30 12:19:53","SnowPlus Staff","Paul Steinhauer"
"Sec 25 - Glendale Heights","110 International",419,1,0,3,1,"2015-12-30 12:19:12","SnowPlus Staff","Paul Steinhauer"
"Sec 25 - Glendale Heights","80 International",419,2,0,3,15,"2015-12-30 12:18:25","SnowPlus Staff","Paul Steinhauer"
"Sec 25 - Glendale Heights","111 International",419,1,0,3,1,"2015-12-30 12:17:20","SnowPlus Staff","Paul Steinhauer"
"Sec 25 - Glendale Heights","139 Army Trail",419,5,0,3,25,"2015-12-30 12:16:28","SnowPlus Staff","Paul Steinhauer"
"Sec 25 - Glendale Heights","699 Regency",419,3,0,3,2,"2015-12-30 12:15:34","SnowPlus Staff","Paul Steinhauer"
"Sec 25 - Glendale Heights","1620 & 1640 Fullerton Ct",419,5,0,3,2,"2015-12-30 12:14:42","SnowPlus Staff","Paul Steinhauer"
"Sec 01 - Addison","2171 Executive",419,6,0,3,2,"2015-12-30 12:13:42","SnowPlus Staff","Wally Sternberg"
"Sec 01 - Addison","710 Belden",419,4,0,3,2,"2015-12-30 12:12:32","SnowPlus Staff","Wally Sternberg"
"Sec 01 - Addison","775 Belden",419,4,0,3,25,"2015-12-30 12:11:18","SnowPlus Staff","Wally Sternberg"
"Sec 01 - Addison","780 Belden",419,4,0,3,25,"2015-12-30 12:09:46","SnowPlus Staff","Wally Sternberg"
"Sec 01 - Addison","350 Rohlwing - Vanport Warehousing",3,4,0,3,2,"2015-12-30 12:07:34","SnowPlus Staff","Wally Sternberg"
"Sec 25 - Glendale Heights","1620 & 1640 Fullerton Ct",3,3,0,1,1,"2015-12-30 12:02:28","SnowPlus Staff","Paul Steinhauer"
"Sec 25 - Glendale Heights","1620 & 1640 Fullerton Ct",3,4,0,3,15,"2015-12-30 12:01:37","SnowPlus Staff","Paul Steinhauer"
"Sec 01 - Addison","350 Rohlwing - Vanport Warehousing",419,4,0,3,1,"2015-12-30 11:56:32","SnowPlus Staff","Wally Sternberg"
"Sec 32 - Schaumburg","1301 Basswood",813,2,0,2,2,"2015-12-30 08:03:12","SnowPlus Staff","Brandon Temesuary"
"Sec 01 - Addison","350 Rohlwing - Vanport Warehousing",419,4,0,3,1,"2015-12-30 07:39:32","SnowPlus Staff","Wally Sternberg"
"Sec 32 - Schaumburg","Art Van Schaumburg",813,4,0,2,4,"2015-12-29 12:11:02","SnowPlus Staff","Brandon Temesuary"
"Sec 32 - Schaumburg","1301 Basswood",813,2,0,2,2,"2015-12-29 12:10:17","SnowPlus Staff","Brandon Temesuary"
"Sec 32 - Schaumburg","930 National",813,7,0,2,10,"2015-12-29 12:06:50","SnowPlus Staff","Brandon Temesuary"
"Sec 32 - Schaumburg","5201 Tollview",813,4,0,2,5,"2015-12-29 12:06:18","SnowPlus Staff","Brandon Temesuary"
"Sec 32 - Schaumburg","1201 Wiley",813,10,0,2,14,"2015-12-29 12:05:46","SnowPlus Staff","Brandon Temesuary"
"Sec 32 - Schaumburg","1300 Plum Grove",813,9,0,2,13,"2015-12-29 12:05:15","SnowPlus Staff","Brandon Temesuary"
"Sec 32 - Schaumburg","Bed Bath & Beyond",813,10,0,2,14,"2015-12-29 12:04:42","SnowPlus Staff","Brandon Temesuary"
"Sec 32 - Schaumburg","1051 Perimeter",813,8,0,2,16,"2015-12-29 12:03:55","SnowPlus Staff","Brandon Temesuary"
"Sec 32 - Schaumburg",Sunstar,813,16,0,5,120,"2015-12-29 12:00:51","SnowPlus Staff","Brandon Temesuary"
"Sec 07 - Bensenville","1001 Foster",813,2,0,2,2,"2015-12-29 11:53:09","SnowPlus Staff","Ernie Vargas"
"Sec 07 - Bensenville","1141 Ellis",813,8,0,2,12,"2015-12-29 11:52:38","SnowPlus Staff","Ernie Vargas"
"Sec 07 - Bensenville","201 Hansen",813,12,0,2,15,"2015-12-29 11:52:10","SnowPlus Staff","Ernie Vargas"
"Sec 07 - Bensenville","855 Woodale",813,8,0,2,12,"2015-12-29 11:51:43","SnowPlus Staff","Ernie Vargas"
"Sec 07 - Bensenville","311 Richert",813,7,0,2,10,"2015-12-29 11:51:09","SnowPlus Staff","Ernie Vargas"
"Sec 07 - Bensenville","571-599 Edgewood",813,7,0,2,10,"2015-12-29 11:50:37","SnowPlus Staff","Ernie Vargas"
"Sec 07 - Bensenville","1010 Foster",813,12,0,2,13,"2015-12-29 11:50:01","SnowPlus Staff","Ernie Vargas"
"Sec 07 - Bensenville","626-630 Thomas",813,8,0,2,11,"2015-12-29 11:49:25","SnowPlus Staff","Ernie Vargas"
"Sec 07 - Bensenville","975-1001 Bryn Mawr",813,10,0,2,12,"2015-12-29 11:48:58","SnowPlus Staff","Ernie Vargas"
"Sec 07 - Bensenville","877 Supreme",813,9,0,2,12,"2015-12-29 11:48:26","SnowPlus Staff","Ernie Vargas"
"Sec 07 - Bensenville","860-888 Thomas",813,8,0,2,12,"2015-12-29 11:47:52","SnowPlus Staff","Ernie Vargas"
"Sec 07 - Bensenville","560-590 Supreme",813,9,0,2,12,"2015-12-29 11:47:16","SnowPlus Staff","Ernie Vargas"
"Sec 07 - Bensenville","600-608 & 610-620 Supreme ( 2 bdgs)",813,10,0,2,12,"2015-12-29 11:46:44","SnowPlus Staff","Ernie Vargas"
"Sec 07 - Bensenville","630-650 Supreme",813,10,0,2,13,"2015-12-29 11:46:06","SnowPlus Staff","Ernie Vargas"
"Sec 07 - Bensenville","595-601 Supreme",813,9,0,2,12,"2015-12-29 11:45:40","SnowPlus Staff","Ernie Vargas"
"Sec 07 - Bensenville","645-651 Supreme",813,10,0,2,14,"2015-12-29 11:44:58","SnowPlus Staff","Ernie Vargas"
"Sec 07 - Bensenville","659-699 Supreme",813,8,0,2,10,"2015-12-29 11:44:21","SnowPlus Staff","Ernie Vargas"
"Sec 07 - Bensenville","971-991 Supreme",813,8,0,2,14,"2015-12-29 11:43:39","SnowPlus Staff","Ernie Vargas"
"Sec 07 - Bensenville","950-990 Supreme",813,6,0,2,13,"2015-12-29 11:43:01","SnowPlus Staff","Ernie Vargas"
"Sec 34 - Woodridge Retail","Centerpointe Retail Centre",447,41,0,4,40,"2015-12-29 11:32:36","SnowPlus Staff","Dan Castro"
"Sec 34 - Woodridge Retail","Darien Towne Center",447,38,0,4,32,"2015-12-29 11:26:36","SnowPlus Staff","Dan Castro"
"Sec 16 - Carol Stream West","Fresh Markets",813,18,0,3,21,"2015-12-29 11:23:33","SnowPlus Staff","Leo Vargas"
"Sec 16 - Carol Stream West","189 Easy",813,10,0,2,12,"2015-12-29 11:23:04","SnowPlus Staff","Leo Vargas"
"Sec 16 - Carol Stream West","Wheaton Sports Center",813,20,0,3,22,"2015-12-29 11:22:20","SnowPlus Staff","Leo Vargas"
"Sec 16 - Carol Stream West","138-158 Alexandra Way",813,15,0,2,16,"2015-12-29 11:21:50","SnowPlus Staff","Leo Vargas"
"Sec 16 - Carol Stream West","235 Tubeway",813,14,0,2,16,"2015-12-29 11:21:03","SnowPlus Staff","Leo Vargas"
"Sec 16 - Carol Stream West","365 North Ave",813,13,0,3,20,"2015-12-29 11:20:23","SnowPlus Staff","Leo Vargas"
"Sec 16 - Carol Stream West","225 Westgate",813,14,0,2,16,"2015-12-29 11:19:17","SnowPlus Staff","Leo Vargas"
"Sec 34 - Woodridge Retail","Art Van - Woodridge",447,20,0,4,16,"2015-12-29 11:18:34","SnowPlus Staff","Dan Castro"
"Sec 15 - Carol Stream East","221 Covington",813,4,0,2,3,"2015-12-29 11:17:43","SnowPlus Staff","Cody Moutvic"
"Sec 15 - Carol Stream East","90 West Lake",813,10,0,2,10,"2015-12-29 11:16:50","SnowPlus Staff","Cody Moutvic"
"Sec 15 - Carol Stream East","417 Village",813,14,0,2,15,"2015-12-29 11:16:08","SnowPlus Staff","Cody Moutvic"
"Sec 15 - Carol Stream East","545 Fullerton",813,14,0,2,15,"2015-12-29 11:15:16","SnowPlus Staff","Cody Moutvic"
"Sec 15 - Carol Stream East","437 Tower",813,25,0,3,25,"2015-12-29 11:14:12","SnowPlus Staff","Cody Moutvic"
"Sec 15 - Carol Stream East","230 Lies",813,12,0,2,14,"2015-12-29 11:12:12","SnowPlus Staff","Cody Moutvic"
"Sec 15 - Carol Stream East","810 Kimberly",813,20,0,3,20,"2015-12-29 11:09:30","SnowPlus Staff","Cody Moutvic"
"Sec 15 - Carol Stream East","900 Kimberly",813,14,0,2,16,"2015-12-29 11:08:29","SnowPlus Staff","Cody Moutvic"
"Sec 15 - Carol Stream East","376 Lies",813,15,0,3,20,"2015-12-29 11:07:20","SnowPlus Staff","Cody Moutvic"
"Sec 15 - Carol Stream East","125 Army Trail",813,15,0,2,16,"2015-12-29 11:05:33","SnowPlus Staff","Cody Moutvic"
"Sec 15 - Carol Stream East","175 Wall St",813,8,0,2,10,"2015-12-29 11:04:20","SnowPlus Staff","Cody Moutvic"
"Sec 15 - Carol Stream East","355 Long View",813,12,0,2,15,"2015-12-29 11:03:38","SnowPlus Staff","Cody Moutvic"
"Sec 15 - Carol Stream East","700 Kimberly",813,7,0,2,10,"2015-12-29 11:02:31","SnowPlus Staff","Cody Moutvic"
"Sec 26 - Itaska","1376 Industrial",813,11,0,3,14,"2015-12-29 10:39:58","SnowPlus Staff","Don Down"
"Sec 26 - Itaska","225 Windsor",813,12,0,3,15,"2015-12-29 10:39:20","SnowPlus Staff","Don Down"
"Sec 26 - Itaska",Canon,813,10,0,3,15,"2015-12-29 10:38:14","SnowPlus Staff","Don Down"
"Sec 26 - Itaska","925 Thorndale",813,6,0,3,10,"2015-12-29 10:36:58","SnowPlus Staff","Don Down"
"Sec 26 - Itaska","690 Hilltop",813,8,0,3,14,"2015-12-29 10:36:15","SnowPlus Staff","Don Down"
"Sec 26 - Itaska","909 Irving Park",813,6,0,3,10,"2015-12-29 10:34:44","SnowPlus Staff","Don Down"
"Sec 22 - Elgin","901 Weseman",813,10,0,3,16,"2015-12-29 10:02:54","SnowPlus Staff","Freddy Martin"
"Sec 22 - Elgin","1111 Davis",813,7,0,3,15,"2015-12-29 10:02:11","SnowPlus Staff","Freddy Martin"
"Sec 22 - Elgin","1675 Holmes",813,6,0,3,15,"2015-12-29 10:01:32","SnowPlus Staff","Freddy Martin"
"Sec 22 - Elgin","1360 Madeline",813,8,0,3,14,"2015-12-29 10:00:34","SnowPlus Staff","Freddy Martin"
"Sec 22 - Elgin","1385 Madeline",813,8,0,3,15,"2015-12-29 09:59:50","SnowPlus Staff","Freddy Martin"
"Sec 22 - Elgin",Chase,813,120,0,10,190,"2015-12-29 09:58:41","SnowPlus Staff","Freddy Martin"
"Sec 22 - Elgin","2700 Alft",813,14,0,2,16,"2015-12-29 09:57:38","SnowPlus Staff","Freddy Martin"
"Sec 04 - Aurora West / Batavia","2401 Kaneville Rd",813,12,0,2,21,"2015-12-29 09:35:27","SnowPlus Staff",
"Sec 04 - Aurora West / Batavia","Art Van - Batavia",813,10,0,2,20,"2015-12-29 09:34:41","SnowPlus Staff",
"Sec 17 - Lombard / Oakbrook","Eisenhower Buildings",205,32,0,4,92,"2015-12-29 09:34:30","SnowPlus Staff","Greg Skonie"
"Sec 30 - Lisle / Warrenville","Univ. Tech Institute",813,38,0,5,105,"2015-12-29 09:31:54","SnowPlus Staff","Jose Legaspi"
"Sec 30 - Lisle / Warrenville","Univ. Tech Institute",813,38,0,5,105,"2015-12-29 09:29:53","SnowPlus Staff","Jose Legaspi"
"Sec 30 - Lisle / Warrenville","535 Diehl",813,12,0,1,14,"2015-12-29 09:28:49","SnowPlus Staff","Scott Erickson"
"Sec 30 - Lisle / Warrenville","1000 & 1100 Warrenville",813,28,12,5,105,"2015-12-29 09:27:59","SnowPlus Staff","Scott Erickson"
"Sec 31 - Roselle","50 Gary",813,7,0,2,10,"2015-12-29 09:08:53","SnowPlus Staff","Chad Meyer"
"Sec 31 - Roselle","100 Gary",813,10,0,2,15,"2015-12-29 09:07:52","SnowPlus Staff","Chad Meyer"
"Sec 31 - Roselle","200 Gary",813,10,0,2,15,"2015-12-29 09:06:51","SnowPlus Staff","Chad Meyer"
"Sec 31 - Roselle","1600 Central",813,7,0,2,13,"2015-12-29 09:05:59","SnowPlus Staff","Chad Meyer"
"Sec 31 - Roselle","Maines Foods",813,9,0,2,15,"2015-12-29 09:04:38","SnowPlus Staff","Chad Meyer"
"Sec 31 - Roselle","5700 Turnberry",813,6,0,2,13,"2015-12-29 09:01:28","SnowPlus Staff","Chad Meyer"
"Sec 21 - Bartlett","Stearns Crossing (Retail)",813,6,0,2,13,"2015-12-29 08:53:10","SnowPlus Staff","Chad Meyer"
"Sec 24 - Elmhurst","777 Church",205,4,0,2,8,"2015-12-29 07:36:36","SnowPlus Staff","Jim Jungles"
"Sec 24 - Elmhurst","949 - 853 Larch",205,4,0,2,8,"2015-12-29 07:35:51","SnowPlus Staff","Jim Jungles"
"Sec 24 - Elmhurst","11700 Grand",205,4,0,2,8,"2015-12-29 07:34:15","SnowPlus Staff","Jim Jungles"
"Sec 23 - Rosemount","3708 River",205,10,0,2,12,"2015-12-29 07:31:42","SnowPlus Staff","Jim Jungles"
"Sec 23 - Rosemount","Columbia Center III",205,12,0,2,12,"2015-12-29 07:30:29","SnowPlus Staff","Jim Jungles"
"Sec 23 - Rosemount","Columbia Center I & II",205,22,0,2,24,"2015-12-29 07:29:10","SnowPlus Staff","Jim Jungles"
"Sec 23 - Rosemount","Columbia Center I & II",205,12,0,2,12,"2015-12-29 07:28:08","SnowPlus Staff","Jim Jungles"
"Sec 20 - Elk Grove Village North","1723 Marshall",205,3,0,2,8,"2015-12-29 07:21:04","SnowPlus Staff","Ernie Vargas"
"Sec 20 - Elk Grove Village North","1500 Higgins Rd",205,4,0,2,8,"2015-12-29 07:19:50","SnowPlus Staff","Ernie Vargas"
"Sec 20 - Elk Grove Village North","Regent O'Hare Building Industrial Center",205,4,0,2,8,"2015-12-29 07:19:02","SnowPlus Staff","Ernie Vargas"
"Sec 20 - Elk Grove Village North","Regent O'Hare Building E & F",205,4,0,2,8,"2015-12-29 07:18:07","SnowPlus Staff","Ernie Vargas"
"Sec 20 - Elk Grove Village North","Regent O'Hare Building A",205,4,0,2,8,"2015-12-29 07:17:21","SnowPlus Staff","Ernie Vargas"
"Sec 20 - Elk Grove Village North","Regent O'Hare Building B",205,4,0,2,8,"2015-12-29 07:16:23","SnowPlus Staff","Ernie Vargas"
"Sec 20 - Elk Grove Village North","Tech Center I",205,4,0,2,8,"2015-12-29 07:15:37","SnowPlus Staff","Ernie Vargas"
"Sec 20 - Elk Grove Village North","1800 Landmeier",205,4,0,2,8,"2015-12-29 07:14:55","SnowPlus Staff","Ernie Vargas"
"Sec 20 - Elk Grove Village North","Tech Center II",205,4,0,2,8,"2015-12-29 07:14:16","SnowPlus Staff","Ernie Vargas"
"Sec 20 - Elk Grove Village North","951 Fargo",205,4,0,2,8,"2015-12-29 07:13:03","SnowPlus Staff","Ernie Vargas"
"Sec 19 - Elk Grove Village","1601 Pratt",205,5,0,2,8,"2015-12-29 07:03:11","SnowPlus Staff","Ernie Vargas"
"Sec 19 - Elk Grove Village","1501 Pratt",205,6,0,2,9,"2015-12-29 07:02:20","SnowPlus Staff","Ernie Vargas"
"Sec 19 - Elk Grove Village","1201 Kirk",205,4,0,2,8,"2015-12-29 07:01:14","SnowPlus Staff","Ernie Vargas"
"Sec 19 - Elk Grove Village","2901 Lively",205,4,0,2,8,"2015-12-29 07:00:14","SnowPlus Staff","Ernie Vargas"
"Sec 19 - Elk Grove Village","2521 Lively",205,3,0,2,7,"2015-12-29 06:59:26","SnowPlus Staff","Ernie Vargas"
"Sec 19 - Elk Grove Village","1107 Mark",205,3,0,2,7,"2015-12-29 06:58:34","SnowPlus Staff","Ernie Vargas"
"Sec 19 - Elk Grove Village","1239-1251 Mark",205,3,0,2,7,"2015-12-29 06:57:48","SnowPlus Staff","Ernie Vargas"
"Sec 19 - Elk Grove Village","1300 Mark",205,3,0,2,7,"2015-12-29 06:56:54","SnowPlus Staff","Ernie Vargas"
"Sec 19 - Elk Grove Village","1400 Mark",205,3,0,2,7,"2015-12-29 06:56:04","SnowPlus Staff","Ernie Vargas"
"Sec 19 - Elk Grove Village","1301-1401 Mark",205,4,0,2,8,"2015-12-29 06:54:36","SnowPlus Staff","Ernie Vargas"
"Sec 19 - Elk Grove Village","2781 Katherine",205,4,0,2,8,"2015-12-29 06:53:45","SnowPlus Staff","Ernie Vargas"
"Sec 19 - Elk Grove Village","1350 Kirk",205,3,0,2,7,"2015-12-29 06:52:10","SnowPlus Staff","Ernie Vargas"
"Sec 19 - Elk Grove Village","1209 Thorndale",205,2,0,2,7,"2015-12-29 06:49:40","SnowPlus Staff","Ernie Vargas"
"Sec 19 - Elk Grove Village","1100 Thorndale",205,4,0,2,8,"2015-12-29 06:48:34","SnowPlus Staff","Ernie Vargas"
"Sec 19 - Elk Grove Village","2700 Carl",205,4,0,2,8,"2015-12-29 06:47:19","SnowPlus Staff","Ernie Vargas"
"Sec 19 - Elk Grove Village","2800 Carl",205,5,0,2,8,"2015-12-29 06:45:11","SnowPlus Staff","Ernie Vargas"
"Sec 19 - Elk Grove Village","900 Thorndale",205,4,0,2,8,"2015-12-29 06:44:04","SnowPlus Staff","Ernie Vargas"
"Sec 19 - Elk Grove Village","900 Thorndale",205,4,0,2,8,"2015-12-29 06:43:53","SnowPlus Staff","Ernie Vargas"
"Sec 18 - Mt. Prospect-Glenview","1471 Business Center",205,7,0,2,11,"2015-12-29 06:42:26","SnowPlus Staff","Bobby Gomez"
"Sec 18 - Mt. Prospect-Glenview","1000 Milwaukee",205,6,0,2,10,"2015-12-29 06:41:21","SnowPlus Staff","Bobby Gomez"
"Sec 01 - Addison","2171 Executive",419,0,0,3,2,"2015-12-29 00:57:41","SnowPlus Staff","Wally Sternberg"
"Sec 01 - Addison","2171 Executive",419,0,0,3,2,"2015-12-29 00:57:41","SnowPlus Staff","Wally Sternberg"
"Sec 01 - Addison","775 Belden",419,0,0,4,3,"2015-12-29 00:57:41","SnowPlus Staff","Wally Sternberg"
"Sec 01 - Addison","710 Belden",419,0,0,4,2,"2015-12-29 00:57:39","SnowPlus Staff","Wally Sternberg"
"Sec 01 - Addison","2171 Executive",419,0,0,3,2,"2015-12-29 00:56:51","SnowPlus Staff","Wally Sternberg"
"Sec 01 - Addison","2171 Executive",419,0,0,3,2,"2015-12-29 00:56:48","SnowPlus Staff","Wally Sternberg"
"Sec 01 - Addison","710 Belden",419,0,0,4,2,"2015-12-29 00:55:51","SnowPlus Staff","Wally Sternberg"
"Sec 01 - Addison","775 Belden",419,0,0,4,3,"2015-12-29 00:54:51","SnowPlus Staff","Wally Sternberg"
"Sec 01 - Addison","350 Rohlwing - Vanport Warehousing",419,1,0,7,5,"2015-12-29 00:53:24","SnowPlus Staff","Wally Sternberg"
"Sec 01 - Addison","780 Belden",419,0,0,4,2,"2015-12-29 00:53:24","SnowPlus Staff","Wally Sternberg"
"Sec 01 - Addison","780 Belden",419,0,0,4,2,"2015-12-29 00:53:24","SnowPlus Staff","Wally Sternberg"
"Sec 01 - Addison","780 Belden",419,0,0,4,2,"2015-12-29 00:53:09","SnowPlus Staff","Wally Sternberg"
"Sec 01 - Addison","780 Belden",419,0,0,4,2,"2015-12-29 00:52:56","SnowPlus Staff","Wally Sternberg"
"Sec 01 - Addison","350 Rohlwing - Vanport Warehousing",419,1,0,7,5,"2015-12-29 00:50:23","SnowPlus Staff","Wally Sternberg"
"Sec 01 - Addison","Devry University",419,0,0,7,11,"2015-12-29 00:48:40","SnowPlus Staff","Wally Sternberg"
"Sec 01 - Addison","Devry University",419,0,0,7,11,"2015-12-28 19:04:31","SnowPlus Staff","Wally Sternberg"
"Sec 27 - Joliet","4001 Rock Creek",582,3,1,3,150,"2015-12-28 18:34:17","SnowPlus Staff","Bob Inabnit"
"Sec 27 - Joliet","1695 Crossroads",582,5,1,3,250,"2015-12-28 18:24:21","SnowPlus Staff","Bob Inabnit"
"Sec 01 - Addison","350 Rohlwing - Vanport Warehousing",419,0,0,3,2,"2015-12-28 16:40:15","SnowPlus Staff","Wally Sternberg"
"Sec 01 - Addison","350 Rohlwing - Vanport Warehousing",419,0,0,3,2,"2015-12-28 16:39:20","SnowPlus Staff","Wally Sternberg"
"Sec 25 - Glendale Heights","139 Army Trail",419,0,0,3,25,"2015-12-28 12:50:17","SnowPlus Staff","Paul Steinhauer"
"Sec 01 - Addison","2171 Executive",419,1,0,3,2,"2015-12-28 12:09:23","SnowPlus Staff","Wally Sternberg"
"Sec 01 - Addison","350 Rohlwing - Vanport Warehousing",419,1,0,3,1,"2015-12-28 12:05:30","SnowPlus Staff","Wally Sternberg"
"Sec 01 - Addison","780 Belden",419,1,0,3,1,"2015-12-28 11:47:13","SnowPlus Staff","Wally Sternberg"
"Sec 08 - Berkley","5000 Proviso",575,4,0,4,8,"2015-12-28 11:27:03","SnowPlus Staff","Jim Jungles"
"Sec 01 - Addison","710 Belden",419,1,0,3,1,"2015-12-28 11:15:11","SnowPlus Staff","Wally Sternberg"
"Sec 01 - Addison","775 Belden",419,1,0,3,1,"2015-12-28 11:12:31","SnowPlus Staff","Wally Sternberg"
"Sec 08 - Berkley","Melrose Park Center",575,36,0,4,8,"2015-12-28 09:49:58","SnowPlus Staff","Jim Jungles"
"Sec 08 - Berkley","5000 Proviso",575,12,0,4,8,"2015-12-28 09:39:17","SnowPlus Staff","Jim Jungles"
"Sec 25 - Glendale Heights","180 Exchange",419,2,0,3,2,"2015-12-28 09:24:40","SnowPlus Staff","Paul Steinhauer"
"Sec 25 - Glendale Heights","110 International",419,4,0,3,2,"2015-12-28 09:22:29","SnowPlus Staff","Paul Steinhauer"
"Sec 25 - Glendale Heights","80 International",416,6,0,3,2,"2015-12-28 09:21:00","SnowPlus Staff","Paul Steinhauer"
"Sec 25 - Glendale Heights","111 International",419,3,0,3,2,"2015-12-28 09:19:36","SnowPlus Staff","Paul Steinhauer"
"Sec 25 - Glendale Heights","139 Army Trail",419,6,0,3,3,"2015-12-28 09:18:01","SnowPlus Staff","Paul Steinhauer"
"Sec 25 - Glendale Heights","139 Army Trail",419,6,0,3,3,"2015-12-28 09:17:57","SnowPlus Staff","Paul Steinhauer"
"Sec 25 - Glendale Heights","699 Regency",419,5,0,3,3,"2015-12-28 09:15:30","SnowPlus Staff","Paul Steinhauer"
"Sec 25 - Glendale Heights","1620 & 1640 Fullerton Ct",419,8,0,3,2,"2015-12-28 09:14:03","SnowPlus Staff","Paul Steinhauer"
"Sec 25 - Glendale Heights","1601 & 1625 Fullerton",419,9,0,3,3,"2015-12-28 09:09:48","SnowPlus Staff","Paul Steinhauer"
"Sec 25 - Glendale Heights","1601 & 1625 Fullerton",419,9,0,3,3,"2015-12-28 09:09:44","SnowPlus Staff","Paul Steinhauer"
"Sec 01 - Addison","710 Belden",419,5,0,3,3,"2015-12-28 09:03:15","SnowPlus Staff","Wally Sternberg"
"Sec 01 - Addison","775 Belden",419,7,0,3,3,"2015-12-28 09:01:09","SnowPlus Staff","Wally Sternberg"
"Sec 01 - Addison","775 Belden",419,7,0,3,3,"2015-12-28 09:00:54","SnowPlus Staff","Wally Sternberg"
"Sec 01 - Addison","780 Belden",419,8,0,3,3,"2015-12-28 09:00:07","SnowPlus Staff","Wally Sternberg"
"Sec 01 - Addison","Devry University",419,5,0,3,2,"2015-12-28 08:58:29","SnowPlus Staff","Wally Sternberg"
"Sec 27 - Joliet","3311 & 3325 Corporate",582,12,0,3,450,"2015-12-28 08:40:37","SnowPlus Staff","Bob Inabnit"
"Sec 01 - Addison","2171 Executive",419,5,0,3,2,"2015-12-28 08:37:32","SnowPlus Staff","Wally Sternberg"
"Sec 01 - Addison","350 Rohlwing - Vanport Warehousing",419,4,0,3,2,"2015-12-28 08:33:07","SnowPlus Staff","Wally Sternberg"
"Sec 27 - Joliet","3311 & 3325 Corporate",582,6,5,3,450,"2015-12-28 08:26:20","SnowPlus Staff","Bob Inabnit"
