Location,Property,"Hours on site","Employee Number","Submission Date","Submitted By","Assigned To"
"Sec 03 - Aurora","4151 McCoy",25,25,"2015-12-31 08:38:04","Admin Admin","Mito Sopko"
"Sec 03 - Aurora","4222 Meridian Pkwy",,,"2015-12-31 08:36:41","Admin Admin","Mito Sopko"
"Sec 33 - University Park","Matteson Retail Center",,,"2015-12-30 10:14:48","SnowPlus Staff","Scott Senne"
"Sec 01 - Addison","Devry University",,,"2015-12-30 07:54:22","SnowPlus Staff","Wally Sternberg"
"Sec 01 - Addison","Devry University",,,"2015-12-30 07:51:50","SnowPlus Staff","Wally Sternberg"
"Sec 34 - Woodridge Retail","Darien Towne Center",,,"2015-12-30 07:46:47","SnowPlus Staff","Dan Castro"
"Sec 34 - Woodridge Retail","Darien Towne Center",,,"2015-12-30 07:46:47","SnowPlus Staff","Dan Castro"
"Sec 34 - Woodridge Retail","Centerpointe Retail Centre",,,"2015-12-30 07:46:47","SnowPlus Staff","Dan Castro"
"Sec 34 - Woodridge Retail","Centerpointe Retail Centre",,,"2015-12-30 07:46:46","SnowPlus Staff","Dan Castro"
"Sec 34 - Woodridge Retail","Centerpointe Retail Centre",,,"2015-12-29 04:44:47","SnowPlus Staff","Dan Castro"
"Sec 34 - Woodridge Retail","Centerpointe Retail Centre",,,"2015-12-29 04:42:59","SnowPlus Staff","Dan Castro"
"Sec 34 - Woodridge Retail","Darien Towne Center",,,"2015-12-29 04:40:53","SnowPlus Staff","Dan Castro"
"Sec 34 - Woodridge Retail","Darien Towne Center",,,"2015-12-29 04:40:31","SnowPlus Staff","Dan Castro"
"Sec 27 - Joliet","1695 Crossroads",,,"2015-12-28 08:19:56","SnowPlus Staff","Bob Inabnit"
"Sec 27 - Joliet","1695 Crossroads",,,"2015-12-28 08:19:40","SnowPlus Staff","Bob Inabnit"
