Location,Property,"Staff & Location - Employee Number","Submission Date","Submitted By","Assigned To"
"Sec 30 - Lisle / Warrenville","Univ. Tech Institute",3021,"02/01/2016 05:26 AM","SnowPlus Staff","Jose Legaspi"
"Sec 30 - Lisle / Warrenville","Univ. Tech Institute",3021,"02/01/2016 05:25 AM","SnowPlus Staff","Jose Legaspi"
"Sec 17 - Lombard / Oakbrook","The Crossings",893,"02/01/2016 05:11 AM","SnowPlus Staff","Jim Rose"
"Sec 07 - Bensenville","975-1001 Bryn Mawr",773,"02/01/2016 05:06 AM","SnowPlus Staff","Ernie Vargas"
"Sec 07 - Bensenville","1010 Foster",773,"02/01/2016 05:06 AM","SnowPlus Staff","Ernie Vargas"
"Sec 07 - Bensenville","571-599 Edgewood",773,"02/01/2016 05:05 AM","SnowPlus Staff","Ernie Vargas"
"Sec 07 - Bensenville","311 Richert",773,"02/01/2016 05:05 AM","SnowPlus Staff","Ernie Vargas"
"Sec 07 - Bensenville","311 Richert",773,"02/01/2016 05:05 AM","SnowPlus Staff","Ernie Vargas"
"Sec 07 - Bensenville","311 Richert",773,"02/01/2016 05:05 AM","SnowPlus Staff","Ernie Vargas"
"Sec 07 - Bensenville","201 Hansen",773,"02/01/2016 05:05 AM","SnowPlus Staff","Ernie Vargas"
"Sec 07 - Bensenville","1001 Foster",773,"02/01/2016 05:04 AM","SnowPlus Staff","Ernie Vargas"
"Sec 07 - Bensenville","600-608 & 610-620 Supreme ( 2 bdgs)",773,"02/01/2016 05:03 AM","SnowPlus Staff","Ernie Vargas"
"Sec 07 - Bensenville","630-650 Supreme",773,"02/01/2016 05:02 AM","SnowPlus Staff","Ernie Vargas"
"Sec 07 - Bensenville","971-991 Supreme",773,"02/01/2016 04:59 AM","SnowPlus Staff","Ernie Vargas"
"Sec 07 - Bensenville","971-991 Supreme",773,"02/01/2016 04:58 AM","SnowPlus Staff","Ernie Vargas"
"Sec 19 - Elk Grove Village","1601 Pratt",773,"02/01/2016 04:52 AM","SnowPlus Staff","Ernie Vargas"
"Sec 19 - Elk Grove Village","1501 Pratt",773,"02/01/2016 04:52 AM","SnowPlus Staff","Ernie Vargas"
"Sec 19 - Elk Grove Village","1501 Pratt",773,"02/01/2016 04:52 AM","SnowPlus Staff","Ernie Vargas"
"Sec 19 - Elk Grove Village","1201 Kirk",773,"02/01/2016 04:52 AM","SnowPlus Staff","Ernie Vargas"
"Sec 19 - Elk Grove Village","1201 Kirk",773,"02/01/2016 04:52 AM","SnowPlus Staff","Ernie Vargas"
"Sec 19 - Elk Grove Village","2901 Lively",773,"02/01/2016 04:51 AM","SnowPlus Staff","Ernie Vargas"
"Sec 19 - Elk Grove Village","2901 Lively",773,"02/01/2016 04:51 AM","SnowPlus Staff","Ernie Vargas"
"Sec 19 - Elk Grove Village","2521 Lively",773,"02/01/2016 04:51 AM","SnowPlus Staff","Ernie Vargas"
"Sec 19 - Elk Grove Village","1107 Mark",773,"02/01/2016 04:51 AM","SnowPlus Staff","Ernie Vargas"
"Sec 19 - Elk Grove Village","1201-1251 Mark",773,"02/01/2016 04:51 AM","SnowPlus Staff","Ernie Vargas"
"Sec 19 - Elk Grove Village","1300 Mark",773,"02/01/2016 04:50 AM","SnowPlus Staff","Ernie Vargas"
"Sec 19 - Elk Grove Village","1400 Mark",773,"02/01/2016 04:50 AM","SnowPlus Staff","Ernie Vargas"
"Sec 19 - Elk Grove Village","1301-1401 Mark",773,"02/01/2016 04:49 AM","SnowPlus Staff","Ernie Vargas"
"Sec 19 - Elk Grove Village","2781 Katherine",773,"02/01/2016 04:49 AM","SnowPlus Staff","Ernie Vargas"
"Sec 19 - Elk Grove Village","1380-1410 Kirk",773,"02/01/2016 04:49 AM","SnowPlus Staff","Ernie Vargas"
"Sec 19 - Elk Grove Village","1290 Thorndale",773,"02/01/2016 04:48 AM","SnowPlus Staff","Ernie Vargas"
"Sec 19 - Elk Grove Village","1100 Thorndale",773,"02/01/2016 04:48 AM","SnowPlus Staff","Ernie Vargas"
"Sec 19 - Elk Grove Village","2700 Carl",773,"02/01/2016 04:48 AM","SnowPlus Staff","Ernie Vargas"
"Sec 19 - Elk Grove Village","2800 Carl",773,"02/01/2016 04:48 AM","SnowPlus Staff","Ernie Vargas"
"Sec 19 - Elk Grove Village","2800 Carl",773,"02/01/2016 04:48 AM","SnowPlus Staff","Ernie Vargas"
"Sec 19 - Elk Grove Village","900 Thorndale",773,"02/01/2016 04:48 AM","SnowPlus Staff","Ernie Vargas"
"Sec 07 - Bensenville","600-608 & 610-620 Supreme ( 2 bdgs)",412,"02/01/2016 04:48 AM","SnowPlus Staff","Ernie Vargas"
"Sec 19 - Elk Grove Village","2800 - 2900 Lively",773,"02/01/2016 04:47 AM","SnowPlus Staff","Ernie Vargas"
"Sec 30 - Lisle / Warrenville","535 Diehl",3021,"02/01/2016 04:47 AM","SnowPlus Staff","Scott Erickson"
"Sec 07 - Bensenville","971-991 Supreme",412,"02/01/2016 04:45 AM","SnowPlus Staff","Ernie Vargas"
"Sec 07 - Bensenville","1141 Ellis",412,"02/01/2016 04:43 AM","SnowPlus Staff","Ernie Vargas"
"Sec 07 - Bensenville","560-590 Supreme",412,"02/01/2016 04:42 AM","SnowPlus Staff","Ernie Vargas"
"Sec 07 - Bensenville","645-651 Supreme",412,"02/01/2016 04:41 AM","SnowPlus Staff","Ernie Vargas"
"Sec 07 - Bensenville","659-699 Supreme",412,"02/01/2016 04:40 AM","SnowPlus Staff","Ernie Vargas"
"Sec 07 - Bensenville","950-990 Supreme",412,"02/01/2016 04:38 AM","SnowPlus Staff","Ernie Vargas"
"Sec 07 - Bensenville","595-601 Supreme",412,"02/01/2016 04:37 AM","SnowPlus Staff","Ernie Vargas"
"Sec 17 - Lombard / Oakbrook","Oak brook International",893,"02/01/2016 04:34 AM","SnowPlus Staff","Jim Rose"
"Sec 26 - Itasca","690 Hilltop",115,"02/01/2016 04:31 AM","SnowPlus Staff","Don Down"
"Sec 30 - Lisle / Warrenville","1000 & 1100 Warrenville",3021,"02/01/2016 04:24 AM","SnowPlus Staff","Scott Erickson"
"Sec 08 - Berkeley","5200 Proviso",107,"02/01/2016 04:18 AM","SnowPlus Staff","Jim Jungles"
"Sec 26 - Itasca","225 Windsor",115,"02/01/2016 04:18 AM","SnowPlus Staff","Don Down"
"Sec 26 - Itasca","225 Windsor",115,"02/01/2016 04:18 AM","SnowPlus Staff","Don Down"
"Sec 08 - Berkeley","5000 Proviso",107,"02/01/2016 04:17 AM","SnowPlus Staff","Jim Jungles"
"Sec 34 - Woodridge Retail","Darien Towne Center",648,"02/01/2016 04:10 AM","SnowPlus Staff","Dan Castro"
"Sec 34 - Woodridge Retail","Centerpointe Retail Centre",648,"02/01/2016 04:09 AM","SnowPlus Staff","Dan Castro"
"Sec 25 - Glendale Heights","180 Exchange",894,"02/01/2016 04:06 AM","SnowPlus Staff","Paul Steinhauer"
"Sec 25 - Glendale Heights","110 International",864,"02/01/2016 04:06 AM","SnowPlus Staff","Paul Steinhauer"
"Sec 25 - Glendale Heights","80 International",864,"02/01/2016 04:05 AM","SnowPlus Staff","Paul Steinhauer"
"Sec 25 - Glendale Heights","111 International",864,"02/01/2016 04:05 AM","SnowPlus Staff","Paul Steinhauer"
"Sec 26 - Itasca",Canon,115,"02/01/2016 04:02 AM","SnowPlus Staff","Don Down"
"Sec 10 - Bolingbrook West","1101-1109 Windham  2 bldgs",3029,"02/01/2016 03:58 AM","SnowPlus Staff","Donato Garcia"
"Sec 08 - Berkeley","4700 Proviso",107,"02/01/2016 03:47 AM","SnowPlus Staff","Jim Jungles"
"Sec 07 - Bensenville","860-888 Thomas",412,"02/01/2016 03:46 AM","SnowPlus Staff","Ernie Vargas"
"Sec 10 - Bolingbrook West","RR Donnelly",3029,"02/01/2016 03:41 AM","SnowPlus Staff","Donato Garcia"
"Sec 20 - Elk Grove Village North","1723 Marshall",412,"02/01/2016 03:37 AM","SnowPlus Staff","Ernie Vargas"
"Sec 17 - Lombard / Oakbrook","2301-2311 22nd St",893,"02/01/2016 03:34 AM","SnowPlus Staff","Greg Skonie"
"Sec 25 - Glendale Heights","139 Army Trail",864,"02/01/2016 03:33 AM","SnowPlus Staff","Paul Steinhauer"
"Sec 10 - Bolingbrook West","901 Carlow",361,"02/01/2016 03:11 AM","SnowPlus Staff","Donato Garcia"
"Sec 10 - Bolingbrook West","1375 Weber",361,"02/01/2016 03:11 AM","SnowPlus Staff","Donato Garcia"
"Sec 10 - Bolingbrook West","1601 Remington",361,"02/01/2016 03:11 AM","SnowPlus Staff","Donato Garcia"
"Sec 10 - Bolingbrook West","1501 Remington",361,"02/01/2016 03:11 AM","SnowPlus Staff","Donato Garcia"
"Sec 10 - Bolingbrook West","1290 Remington",361,"02/01/2016 03:11 AM","SnowPlus Staff","Donato Garcia"
"Sec 25 - Glendale Heights","699 Regency",864,"02/01/2016 03:09 AM","SnowPlus Staff","Paul Steinhauer"
"Sec 08 - Berkeley","5300 Proviso",107,"02/01/2016 03:08 AM","SnowPlus Staff","Jim Jungles"
"Sec 17 - Lombard / Oakbrook","601 Oakmont",893,"02/01/2016 03:06 AM","SnowPlus Staff","Greg Skonie"
"Sec 20 - Elk Grove Village North","1723 Marshall",412,"02/01/2016 03:01 AM","SnowPlus Staff","Ernie Vargas"
"Sec 27 - Joliet","1695 Crossroads",899,"02/01/2016 03:00 AM","SnowPlus Staff","Bob Inabnit"
"Sec 20 - Elk Grove Village North","951 Fargo",412,"02/01/2016 03:00 AM","SnowPlus Staff","Ernie Vargas"
"Sec 26 - Itasca","909 Irving Park",115,"02/01/2016 02:59 AM","SnowPlus Staff","Don Down"
"Sec 14 - Bolingbrook East","254 Internationale",3029,"02/01/2016 02:58 AM","SnowPlus Staff","Mike Esposito"
"Sec 25 - Glendale Heights","1620 & 1640 Fullerton Ct",864,"02/01/2016 02:58 AM","SnowPlus Staff","Paul Steinhauer"
"Sec 25 - Glendale Heights","1601 & 1625 Fullerton",864,"02/01/2016 02:57 AM","SnowPlus Staff","Paul Steinhauer"
"Sec 08 - Berkeley","250 Manhiem",107,"02/01/2016 02:51 AM","SnowPlus Staff","Jim Jungles"
"Sec 06 - McCook",EMD,328,"02/01/2016 02:51 AM","SnowPlus Staff","Richard Groome"
"Sec 27 - Joliet","4001 Rock Creek",899,"02/01/2016 02:48 AM","SnowPlus Staff","Bob Inabnit"
"Sec 26 - Itasca","1376 Industrial",115,"02/01/2016 02:45 AM","SnowPlus Staff","Don Down"
"Sec 20 - Elk Grove Village North","951 Fargo",412,"02/01/2016 02:38 AM","SnowPlus Staff","Ernie Vargas"
"Sec 20 - Elk Grove Village North","1500 Higgins Rd",412,"02/01/2016 02:38 AM","SnowPlus Staff","Ernie Vargas"
"Sec 27 - Joliet","3311 & 3325 Corporate",899,"02/01/2016 02:36 AM","SnowPlus Staff","Bob Inabnit"
"Sec 08 - Berkeley","Melrose Park Center",107,"02/01/2016 02:35 AM","SnowPlus Staff","Jim Jungles"
"Sec 17 - Lombard / Oakbrook","1 S 450 Summit",893,"02/01/2016 02:33 AM","SnowPlus Staff","Greg Skonie"
"Sec 01 - Addison","Devry University",115,"02/01/2016 02:29 AM","SnowPlus Staff","Wally Sternberg"
"Sec 29 - Naperville West","220 Frontenac",3021,"02/01/2016 02:19 AM","SnowPlus Staff","Mito Sopko"
"Sec 11 - Bolingbrook South","1287 Naperville",648,"02/01/2016 02:17 AM","SnowPlus Staff","Tom Ustaszewski"
"Sec 15 - Carol Stream East","417 Village",730,"02/01/2016 02:17 AM","SnowPlus Staff","Cody Moutvic"
"Sec 14 - Bolingbrook East","333 Gilbralter",648,"02/01/2016 02:16 AM","SnowPlus Staff","Mike Esposito"
"Sec 17 - Lombard / Oakbrook","Avery School",893,"02/01/2016 02:14 AM","SnowPlus Staff","Jose Legaspi"
"Sec 20 - Elk Grove Village North","Regent O'Hare Building Industrial Center",412,"02/01/2016 02:13 AM","SnowPlus Staff","Ernie Vargas"
"Sec 20 - Elk Grove Village North","Regent O'Hare Building E & F",412,"02/01/2016 02:12 AM","SnowPlus Staff","Ernie Vargas"
"Sec 20 - Elk Grove Village North","Regent O'Hare Building B",412,"02/01/2016 02:11 AM","SnowPlus Staff","Ernie Vargas"
"Sec 20 - Elk Grove Village North","Tech Center I",412,"02/01/2016 02:11 AM","SnowPlus Staff","Ernie Vargas"
"Sec 20 - Elk Grove Village North","1800 Landmeier",412,"02/01/2016 02:10 AM","SnowPlus Staff","Ernie Vargas"
"Sec 20 - Elk Grove Village North","Tech Center II",412,"02/01/2016 02:10 AM","SnowPlus Staff","Ernie Vargas"
"Sec 35 - Woodridge Industrial",Xcell,3029,"02/01/2016 02:08 AM","SnowPlus Staff","Doug Hendon"
"Sec 35 - Woodridge Industrial",Xcell,3029,"02/01/2016 02:08 AM","SnowPlus Staff","Doug Hendon"
"Sec 35 - Woodridge Industrial",Xcell,3029,"02/01/2016 02:08 AM","SnowPlus Staff","Doug Hendon"
"Sec 16 - Carol Stream West","Fresh Markets",864,"02/01/2016 02:05 AM","SnowPlus Staff","Leo Vargas"
"Sec 16 - Carol Stream West","Wheaton Sports Center",864,"02/01/2016 02:04 AM","SnowPlus Staff","Leo Vargas"
"Sec 15 - Carol Stream East","230 Lies",730,"02/01/2016 02:00 AM","SnowPlus Staff","Cody Moutvic"
"Sec 35 - Woodridge Industrial","10220 Werch",3029,"02/01/2016 01:59 AM","SnowPlus Staff","Doug Hendon"
"Sec 13 - Romeoville","Buffalo Wild Wings and Retail",899,"02/01/2016 01:56 AM","SnowPlus Staff","Mike Jungles"
"Sec 11 - Bolingbrook South","400 Crossroads",648,"02/01/2016 01:53 AM","SnowPlus Staff","Tom Ustaszewski"
"Sec 17 - Lombard / Oakbrook","Art Van - Butterfield",893,"02/01/2016 01:52 AM","SnowPlus Staff","Greg Skonie"
"Sec 11 - Bolingbrook South","505 Crossroads",648,"02/01/2016 01:52 AM","SnowPlus Staff","Tom Ustaszewski"
"Sec 29 - Naperville West",Kellogg,3021,"02/01/2016 01:51 AM","SnowPlus Staff","Scott Erickson"
"Sec 09 - Bolingbrook North","1055 Remington",361,"02/01/2016 01:50 AM","SnowPlus Staff","Bill Gabris"
"Sec 09 - Bolingbrook North","850 Veterans",361,"02/01/2016 01:50 AM","SnowPlus Staff","Bill Gabris"
"Sec 09 - Bolingbrook North","605 Territorial",361,"02/01/2016 01:49 AM","SnowPlus Staff","Bill Gabris"
"Sec 09 - Bolingbrook North","595 Territorial",361,"02/01/2016 01:49 AM","SnowPlus Staff","Bill Gabris"
"Sec 09 - Bolingbrook North","655 Remington",361,"02/01/2016 01:49 AM","SnowPlus Staff","Bill Gabris"
"Sec 09 - Bolingbrook North","750 Veterans",361,"02/01/2016 01:49 AM","SnowPlus Staff","Tom Ustaszewski"
"Sec 09 - Bolingbrook North","500 & 510 Territorial & 1 Northpointe Ct",361,"02/01/2016 01:49 AM","SnowPlus Staff","Tom Ustaszewski"
"Sec 09 - Bolingbrook North","606-612 Territorial",361,"02/01/2016 01:49 AM","SnowPlus Staff","Tom Ustaszewski"
"Sec 09 - Bolingbrook North","850 Remington",361,"02/01/2016 01:48 AM","SnowPlus Staff","Tom Ustaszewski"
"Sec 09 - Bolingbrook North","581 Territorial",361,"02/01/2016 01:48 AM","SnowPlus Staff","Tom Ustaszewski"
"Sec 09 - Bolingbrook North","340 Remington",361,"02/01/2016 01:48 AM","SnowPlus Staff","Tom Ustaszewski"
"Sec 17 - Lombard / Oakbrook","Eisenhower Buildings",893,"02/01/2016 01:42 AM","SnowPlus Staff","Greg Skonie"
"Sec 01 - Addison","2171 Executive",115,"02/01/2016 01:42 AM","SnowPlus Staff","Wally Sternberg"
"Sec 18 - Mt. Prospect-Glenview","1000 Milwaukee",107,"02/01/2016 01:42 AM","SnowPlus Staff","Bobby Gomez"
"Sec 35 - Woodridge Industrial","10350 Beaudin",3029,"02/01/2016 01:40 AM","SnowPlus Staff","Doug Hendon"
"Sec 35 - Woodridge Industrial","10350 Beaudin",3029,"02/01/2016 01:39 AM","SnowPlus Staff","Doug Hendon"
"Sec 13 - Romeoville","160 South Creek",899,"02/01/2016 01:36 AM","SnowPlus Staff","Mike Jungles"
"Sec 15 - Carol Stream East","376 Lies",730,"02/01/2016 01:32 AM","SnowPlus Staff","Cody Moutvic"
"Sec 12 - Bolingbrook Southwest","860 Crossroads",648,"02/01/2016 01:31 AM","SnowPlus Staff","Adam Halm"
"Sec 12 - Bolingbrook Southwest","775 Prologis",648,"02/01/2016 01:30 AM","SnowPlus Staff","Adam Halm"
"Sec 12 - Bolingbrook Southwest","760 Crossroads",648,"02/01/2016 01:30 AM","SnowPlus Staff","Adam Halm"
"Sec 12 - Bolingbrook Southwest","969 Veterans",648,"02/01/2016 01:29 AM","SnowPlus Staff","Adam Halm"
"Sec 29 - Naperville West","International Paper",3021,"02/01/2016 01:28 AM","SnowPlus Staff","Scott Erickson"
"Sec 35 - Woodridge Industrial","2300 Internationale",3029,"02/01/2016 01:24 AM","SnowPlus Staff","Doug Hendon"
"Sec 15 - Carol Stream East","355 Long View",730,"02/01/2016 01:19 AM","SnowPlus Staff","Cody Moutvic"
"Sec 05 - Bedford Park","Art Van - Cicero",328,"02/01/2016 01:17 AM","SnowPlus Staff","Enick Morris"
"Sec 01 - Addison","710 Belden",115,"02/01/2016 01:17 AM","SnowPlus Staff","Wally Sternberg"
"Sec 35 - Woodridge Industrial","Graham Packaging",3029,"02/01/2016 01:14 AM","SnowPlus Staff","Doug Hendon"
"Sec 16 - Carol Stream West","189 Easy",864,"02/01/2016 01:12 AM","SnowPlus Staff","Leo Vargas"
"Sec 16 - Carol Stream West","235 Tubeway",864,"02/01/2016 01:12 AM","SnowPlus Staff","Leo Vargas"
"Sec 16 - Carol Stream West","225 Westgate",864,"02/01/2016 01:11 AM","SnowPlus Staff","Leo Vargas"
"Sec 15 - Carol Stream East","125 Army Trail",730,"02/01/2016 01:06 AM","SnowPlus Staff","Cody Moutvic"
"Sec 28 - Naperville East","2012 Corporate",3021,"02/01/2016 01:06 AM","SnowPlus Staff","Scott Erickson"
"Sec 35 - Woodridge Industrial","2500 Internationale",3029,"02/01/2016 01:05 AM","SnowPlus Staff","Doug Hendon"
"Sec 05 - Bedford Park","Northstar Aerospace",328,"02/01/2016 01:01 AM","SnowPlus Staff","Enick Morris"
"Sec 15 - Carol Stream East","175 Wall St",730,"02/01/2016 12:57 AM","SnowPlus Staff","Cody Moutvic"
"Sec 35 - Woodridge Industrial","2401 Internationale",3029,"02/01/2016 12:57 AM","SnowPlus Staff","Doug Hendon"
"Sec 01 - Addison","775 Belden",115,"02/01/2016 12:56 AM","SnowPlus Staff","Wally Sternberg"
"Sec 18 - Mt. Prospect-Glenview","1471 Business Center",107,"02/01/2016 12:49 AM","SnowPlus Staff","Bobby Gomez"
"Sec 15 - Carol Stream East","437 Tower",730,"02/01/2016 12:45 AM","SnowPlus Staff","Cody Moutvic"
"Sec 15 - Carol Stream East","545 Fullerton",730,"02/01/2016 12:45 AM","SnowPlus Staff","Cody Moutvic"
"Sec 28 - Naperville East","Canterra Commons",3021,"02/01/2016 12:44 AM","SnowPlus Staff","Scott Erickson"
"Sec 12 - Bolingbrook Southwest","1001 Crossroads",648,"02/01/2016 12:41 AM","SnowPlus Staff","Adam Halm"
"Sec 12 - Bolingbrook Southwest","710 Theodore",648,"02/01/2016 12:40 AM","SnowPlus Staff","Adam Halm"
"Sec 01 - Addison","780 Belden",115,"02/01/2016 12:39 AM","SnowPlus Staff","Wally Sternberg"
"Sec 16 - Carol Stream West","138-158 Alexandra Way",864,"02/01/2016 12:39 AM","SnowPlus Staff","Leo Vargas"
"Sec 16 - Carol Stream West","365 North Ave",864,"02/01/2016 12:38 AM","SnowPlus Staff","Leo Vargas"
"Sec 34 - Woodridge Retail","Art Van - Woodridge",3029,"02/01/2016 12:33 AM","SnowPlus Staff","Dan Castro"
"Sec 01 - Addison","350 Rohlwing - Vanport Warehousing",115,"02/01/2016 12:23 AM","SnowPlus Staff","Wally Sternberg"
"Sec 15 - Carol Stream East","90 West Lake",730,"02/01/2016 12:10 AM","SnowPlus Staff","Cody Moutvic"
"Sec 27 - Joliet","4001 Rock Creek",3029,"01/29/2016 11:06 AM","SnowPlus Staff","Bob Inabnit"
"Sec 14 - Bolingbrook East","254 Internationale",899,"01/29/2016 09:17 AM","SnowPlus Staff","Mike Esposito"
"Sec 25 - Glendale Heights","139 Army Trail",864,"01/29/2016 01:03 AM","SnowPlus Staff","Paul Steinhauer"
"Sec 25 - Glendale Heights","1620 & 1640 Fullerton Ct",864,"01/29/2016 12:41 AM","SnowPlus Staff","Paul Steinhauer"
"Sec 16 - Carol Stream West","Wheaton Sports Center",864,"01/29/2016 12:20 AM","SnowPlus Staff","Leo Vargas"
"Sec 16 - Carol Stream West","138-158 Alexandra Way",864,"01/29/2016 12:10 AM","SnowPlus Staff","Leo Vargas"
"Sec 16 - Carol Stream West","235 Tubeway",864,"01/29/2016 12:09 AM","SnowPlus Staff","Leo Vargas"
"Sec 16 - Carol Stream West","365 North Ave",864,"01/28/2016 11:45 PM","SnowPlus Staff","Leo Vargas"
"Sec 16 - Carol Stream West","138-158 Alexandra Way",864,"01/28/2016 11:44 PM","SnowPlus Staff","Leo Vargas"
"Sec 16 - Carol Stream West","365 North Ave",864,"01/28/2016 11:21 PM","SnowPlus Staff","Leo Vargas"
"Sec 20 - Elk Grove Village North","Regent O'Hare Building Industrial Center",412,"01/28/2016 04:35 PM","SnowPlus Staff","Ernie Vargas"
"Sec 01 - Addison","775 Belden",314,"01/28/2016 04:16 PM","SnowPlus Staff","Wally Sternberg"
"Sec 01 - Addison","710 Belden",314,"01/28/2016 04:16 PM","SnowPlus Staff","Wally Sternberg"
"Sec 33 - University Park","100 Gary",726,"01/28/2016 12:26 AM","SnowPlus Staff","Chad Meyer"
"Sec 17 - Lombard / Oakbrook","365 North Ave",864,"01/28/2016 12:01 AM","SnowPlus Staff","Leo Vargas"
