Location,Property,"Area Serviced (choose all that apply)","Acres Salted","Blade Used","Submission Date","Submitted By","Assigned To"
"Sec 07 - Bensenville","600-608 & 610-620 Supreme ( 2 bdgs)",,"1/16 of lot ",no,"02/08/2016 08:34 AM","SnowPlus Staff","Ernie Vargas"
"Sec 07 - Bensenville","659-699 Supreme",,"1/16 of lot ",no,"02/08/2016 08:34 AM","SnowPlus Staff","Ernie Vargas"
"Sec 30 - Lisle / Warrenville","1000 & 1100 Warrenville",,"1/8 of lot",no,"02/05/2016 05:10 AM","SnowPlus Staff","Scott Erickson"
"Sec 30 - Lisle / Warrenville","535 Diehl",,"1/16 of lot ",no,"02/05/2016 05:09 AM","SnowPlus Staff","Scott Erickson"
"Sec 32 - Schaumburg",Sunstar,,"1/8 of lot",no,"02/05/2016 05:09 AM","SnowPlus Staff","Brandon Temesuary"
"Sec 22 - Elgin",Chase,,"1/16 of lot ",no,"02/05/2016 12:36 AM","SnowPlus Staff","Freddy Martin"
"Sec 35 - Woodridge Industrial","2401 Internationale","North  Side       ,South Side      ,West Side       ,East Side       ","whole lot",no,"02/04/2016 03:12 AM","SnowPlus Staff","Doug Hendon"
"Sec 35 - Woodridge Industrial","10350 Beaudin","North  Side       ,South Side      ,West Side       ,East Side       ","whole lot",no,"02/04/2016 03:04 AM","SnowPlus Staff","Doug Hendon"
"Sec 35 - Woodridge Industrial","2300 Internationale","South Side      ,West Side       ,East Side       ","whole lot",no,"02/04/2016 02:58 AM","SnowPlus Staff","Doug Hendon"
"Sec 35 - Woodridge Industrial","Graham Packaging","South Side      ,West Side       ,East Side       ","whole lot",no,"02/04/2016 02:55 AM","SnowPlus Staff","Doug Hendon"
"Sec 35 - Woodridge Industrial","2500 Internationale","South Side      ,East Side       ","whole lot",no,"02/04/2016 02:51 AM","SnowPlus Staff","Doug Hendon"
"Sec 23 - Rosemont","Ohare Schillar Park","North  Side       ,South Side      ,West Side       ,East Side       ","whole lot",no,"02/04/2016 02:16 AM","SnowPlus Staff","Jim Jungles"
"Sec 35 - Woodridge Industrial","10220 Werch","North  Side       ,South Side      ,West Side       ,East Side       ","whole lot",no,"02/04/2016 02:14 AM","SnowPlus Staff","Doug Hendon"
"Sec 35 - Woodridge Industrial",Xcell,"South Side      ,West Side       ","whole lot",no,"02/04/2016 01:54 AM","SnowPlus Staff","Doug Hendon"
"Sec 15 - Carol Stream East","810 Kimberly","North  Side       ,South Side      ,West Side       ,East Side       ","1/2 of lot",no,"02/04/2016 01:42 AM","SnowPlus Staff","Cody Moutvic"
"Sec 15 - Carol Stream East","700 Kimberly","North  Side       ,East Side       ","1/4 of lot",no,"02/04/2016 01:42 AM","SnowPlus Staff","Cody Moutvic"
"Sec 34 - Woodridge Retail","Centerpointe Retail Centre","South Side      ,West Side       ,East Side       ","whole lot",no,"02/04/2016 01:42 AM","SnowPlus Staff","Dan Castro"
"Sec 18 - Mt. Prospect-Glenview","1000 Milwaukee","North  Side       ,South Side      ,West Side       ,East Side       ","1/8 of lot",no,"02/04/2016 01:34 AM","SnowPlus Staff","Bobby Gomez"
"Sec 15 - Carol Stream East","437 Tower","North  Side       ,South Side      ","1/8 of lot",no,"02/04/2016 01:18 AM","SnowPlus Staff","Cody Moutvic"
"Sec 18 - Mt. Prospect-Glenview","1471 Business Center","North  Side       ,South Side      ,West Side       ,East Side       ","1/16 of lot ",no,"02/04/2016 12:49 AM","SnowPlus Staff","Bobby Gomez"
"Sec 03 - Aurora","4151 McCoy","North  Side       ,West Side       ","1/16 of lot ",no,"02/04/2016 12:47 AM","SnowPlus Staff","Mito Sopko"
"Sec 09 - Bolingbrook North","750 Veterans","North  Side       ,South Side      ","1/16 of lot ",no,"02/04/2016 12:36 AM","SnowPlus Staff","Tom Ustaszewski"
"Sec 16 - Carol Stream West","365 North Ave","North  Side       ,South Side      ","1/2 of lot",no,"02/04/2016 12:32 AM","SnowPlus Staff","Leo Vargas"
"Sec 16 - Carol Stream West","365 North Ave","North  Side       ","1/4 of lot",no,"02/04/2016 12:32 AM","SnowPlus Staff","Leo Vargas"
"Sec 16 - Carol Stream West","Wheaton Sports Center","North  Side       ","1/4 of lot",no,"02/04/2016 12:32 AM","SnowPlus Staff","Leo Vargas"
"Sec 05 - Bedford Park","Northstar Aerospace","North  Side       ,South Side      ,East Side       ","whole lot",no,"02/04/2016 12:18 AM","SnowPlus Staff","Enick Morris"
"Sec 23 - Rosemont","Columbia Center III","North  Side       ,South Side      ,West Side       ,East Side       ","1/16 of lot ",no,"02/04/2016 12:17 AM","SnowPlus Staff","Jim Jungles"
"Sec 23 - Rosemont","Columbia Center I & II","North  Side       ,South Side      ,West Side       ,East Side       ","1/8 of lot",no,"02/04/2016 12:17 AM","SnowPlus Staff","Jim Jungles"
"Sec 05 - Bedford Park","7301 - 7361 Meade","West Side       ","whole lot",no,"02/04/2016 12:06 AM","SnowPlus Staff","Enick Morris"
"Sec 23 - Rosemont","3708 River","North  Side       ,West Side       ,East Side       ","1/16 of lot ",no,"02/03/2016 11:50 PM","SnowPlus Staff","Jim Jungles"
"Sec 06 - McCook",EMD,"North  Side       ,South Side      ,West Side       ,East Side       ","whole lot",no,"02/03/2016 11:43 PM","SnowPlus Staff","Richard Groome"
"Sec 24 - Elmhurst","949 - 853 Larch","North  Side       ,South Side      ,West Side       ","1/16 of lot ",no,"02/03/2016 11:25 PM","SnowPlus Staff","Jim Jungles"
"Sec 24 - Elmhurst","777 Church","South Side      ,East Side       ","1/16 of lot ",no,"02/03/2016 11:18 PM","SnowPlus Staff","Jim Jungles"
"Sec 19 - Elk Grove Village","1301-1401 Mark","North  Side       ,South Side      ,West Side       ,East Side       ","1/16 of lot ",no,"02/03/2016 10:48 PM","SnowPlus Staff","Ernie Vargas"
"Sec 19 - Elk Grove Village","1380-1410 Kirk","North  Side       ,South Side      ,West Side       ,East Side       ","1/16 of lot ",no,"02/03/2016 10:48 PM","SnowPlus Staff","Ernie Vargas"
"Sec 19 - Elk Grove Village","1400 Mark","North  Side       ,South Side      ,West Side       ,East Side       ","1/16 of lot ",no,"02/03/2016 10:48 PM","SnowPlus Staff","Ernie Vargas"
"Sec 19 - Elk Grove Village","2781 Katherine","North  Side       ,South Side      ,West Side       ,East Side       ","1/16 of lot ",no,"02/03/2016 10:48 PM","SnowPlus Staff","Ernie Vargas"
"Sec 17 - Lombard / Oakbrook","Oak brook International","North  Side       ,South Side      ,West Side       ,East Side       ","1/4 of lot",no,"02/03/2016 09:39 PM","SnowPlus Staff","Jim Rose"
"Sec 13 - Romeoville","160 South Creek","North  Side       ,South Side      ","1/16 of lot ",no,"02/03/2016 09:23 PM","SnowPlus Staff","Mike Jungles"
"Sec 25 - Glendale Heights","139 Army Trail",,"1/16 of lot ",no,"02/03/2016 09:21 PM","SnowPlus Staff","Paul Steinhauer"
"Sec 17 - Lombard / Oakbrook","Art Van - Butterfield","North  Side       ,West Side       ","1/16 of lot ",no,"02/03/2016 09:20 PM","SnowPlus Staff","Greg Skonie"
"Sec 32 - Schaumburg","Bed Bath & Beyond",,"1/8 of lot",no,"02/03/2016 09:17 PM","SnowPlus Staff","Connor Young"
"Sec 21 - Bartlett","Stearns Crossing (Retail)",,"1/16 of lot ",no,"02/03/2016 09:16 PM","SnowPlus Staff","Chad Meyer"
"Sec 13 - Romeoville","Buffalo Wild Wings and Retail","North  Side       ,South Side      ,West Side       ,East Side       ","1/16 of lot ",no,"02/03/2016 09:09 PM","SnowPlus Staff","Mike Jungles"
"Sec 16 - Carol Stream West","Wheaton Sports Center","North  Side       ,West Side       ,East Side       ","1/8 of lot",no,"02/03/2016 08:53 PM","SnowPlus Staff","Leo Vargas"
"Sec 34 - Woodridge Retail","Darien Towne Center","North  Side       ,South Side      ,West Side       ,East Side       ","1/16 of lot ",no,"02/03/2016 08:38 PM","SnowPlus Staff","Dan Castro"
"Sec 34 - Woodridge Retail","Centerpointe Retail Centre","North  Side       ,South Side      ,West Side       ,East Side       ","1/16 of lot ",no,"02/03/2016 08:28 PM","SnowPlus Staff","Dan Castro"
"Sec 01 - Addison","350 Rohlwing - Vanport Warehousing","North  Side       ","1/16 of lot ",no,"02/02/2016 04:21 PM","Admin Admin","Wally Sternberg"
"Sec 08 - Berkeley","4700 Proviso","North  Side       ","1/8 of lot",yes,"02/02/2016 10:17 AM","Admin Admin","Jim Jungles"
"Sec 06 - McCook",EMD,"North  Side       ,South Side      ,West Side       ,East Side       ","whole lot",no,"02/02/2016 05:04 AM","SnowPlus Staff","Richard Groome"
"Sec 01 - Addison","710 Belden",,"1/4 of lot",no,"02/02/2016 03:40 AM","SnowPlus Staff","Wally Sternberg"
"Sec 01 - Addison","775 Belden",,"1/2 of lot",no,"02/02/2016 03:33 AM","SnowPlus Staff","Wally Sternberg"
"Sec 01 - Addison","780 Belden",,"1/4 of lot",no,"02/02/2016 03:32 AM","SnowPlus Staff","Wally Sternberg"
"Sec 01 - Addison","350 Rohlwing - Vanport Warehousing",,"1/2 of lot",no,"02/02/2016 03:16 AM","SnowPlus Staff","Wally Sternberg"
"Sec 18 - Mt. Prospect-Glenview","1000 Milwaukee","North  Side       ,South Side      ,West Side       ,East Side       ","1/8 of lot",no,"02/02/2016 03:12 AM","SnowPlus Staff","Bobby Gomez"
"Sec 01 - Addison","2171 Executive",,"1/16 of lot ",no,"02/02/2016 03:03 AM","SnowPlus Staff","Wally Sternberg"
"Sec 05 - Bedford Park","Art Van - Cicero","South Side      ,West Side       ,East Side       ","1/2 of lot",no,"02/02/2016 03:02 AM","SnowPlus Staff","Enick Morris"
"Sec 05 - Bedford Park","Northstar Aerospace","North  Side       ,South Side      ,East Side       ","1/2 of lot",no,"02/02/2016 02:55 AM","SnowPlus Staff","Enick Morris"
"Sec 01 - Addison","Devry University",,"1/8 of lot",no,"02/02/2016 02:52 AM","SnowPlus Staff","Wally Sternberg"
"Sec 21 - Bartlett","Stearns Crossing (Retail)",,"1/8 of lot",no,"02/02/2016 02:51 AM","SnowPlus Staff","Chad Meyer"
"Sec 31 - Roselle","50 Gary",,"1/16 of lot ",no,"02/02/2016 02:50 AM","SnowPlus Staff","Chad Meyer"
"Sec 31 - Roselle","100 Gary",,"1/16 of lot ",no,"02/02/2016 02:50 AM","SnowPlus Staff","Chad Meyer"
"Sec 31 - Roselle","200 Gary",,"1/8 of lot",no,"02/02/2016 02:50 AM","SnowPlus Staff","Chad Meyer"
"Sec 31 - Roselle","200 Gary Service Road",,"1/2 of lot",no,"02/02/2016 02:49 AM","SnowPlus Staff","Chad Meyer"
"Sec 31 - Roselle","200 Gary Service Road",,"1/2 of lot",no,"02/02/2016 02:49 AM","SnowPlus Staff","Chad Meyer"
"Sec 05 - Bedford Park","7301 - 7361 Meade","West Side       ,East Side       ","1/8 of lot",no,"02/02/2016 02:49 AM","SnowPlus Staff","Enick Morris"
"Sec 31 - Roselle","1600 Central",,"1/16 of lot ",no,"02/02/2016 02:49 AM","SnowPlus Staff","Chad Meyer"
"Sec 31 - Roselle","Maines Foods",,"1/8 of lot",no,"02/02/2016 02:49 AM","SnowPlus Staff","Chad Meyer"
"Sec 31 - Roselle","5700 Turnberry",,"1/16 of lot ",no,"02/02/2016 02:48 AM","SnowPlus Staff","Chad Meyer"
"Sec 22 - Elgin","901 Weseman",,"1/16 of lot ",no,"02/02/2016 02:48 AM","SnowPlus Staff","Freddy Martin"
"Sec 22 - Elgin","1111 Davis",,"1/16 of lot ",no,"02/02/2016 02:47 AM","SnowPlus Staff","Freddy Martin"
"Sec 22 - Elgin","1675 Holmes",,"1/16 of lot ",no,"02/02/2016 02:47 AM","SnowPlus Staff","Freddy Martin"
"Sec 22 - Elgin","1360 Madeline",,"1/8 of lot",no,"02/02/2016 02:47 AM","SnowPlus Staff","Freddy Martin"
"Sec 22 - Elgin","1385 Madeline",,"1/16 of lot ",no,"02/02/2016 02:46 AM","SnowPlus Staff","Freddy Martin"
"Sec 22 - Elgin","2700 Alft",,"1/16 of lot ",no,"02/02/2016 02:46 AM","SnowPlus Staff","Freddy Martin"
"Sec 22 - Elgin",Chase,,"1/16 of lot ",no,"02/02/2016 02:45 AM","SnowPlus Staff","Freddy Martin"
"Sec 22 - Elgin","2770 Aflt",,"1/16 of lot ",no,"02/02/2016 02:45 AM","SnowPlus Staff","Freddy Martin"
"Sec 18 - Mt. Prospect-Glenview","1471 Business Center","North  Side       ,South Side      ,West Side       ,East Side       ","1/16 of lot ",no,"02/02/2016 02:43 AM","SnowPlus Staff","Bobby Gomez"
"Sec 26 - Itasca","1376 Industrial",,"1/8 of lot",no,"02/02/2016 02:36 AM","SnowPlus Staff","Don Down"
"Sec 30 - Lisle / Warrenville","Univ. Tech Institute","North  Side       ,West Side       ","1/8 of lot",no,"02/02/2016 02:31 AM","SnowPlus Staff","Jose Legaspi"
"Sec 26 - Itasca","909 Irving Park",,"1/4 of lot",no,"02/02/2016 02:25 AM","SnowPlus Staff","Don Down"
"Sec 07 - Bensenville","571-599 Edgewood","North  Side       ,South Side      ,West Side       ,East Side       ","1/16 of lot ",no,"02/02/2016 02:24 AM","SnowPlus Staff","Ernie Vargas"
"Sec 34 - Woodridge Retail","Darien Towne Center","South Side      ,West Side       ,East Side       ","1/2 of lot",no,"02/02/2016 02:21 AM","SnowPlus Staff","Dan Castro"
"Sec 26 - Itasca","690 Hilltop",,"1/2 of lot",no,"02/02/2016 02:19 AM","SnowPlus Staff","Don Down"
"Sec 07 - Bensenville","1010 Foster","North  Side       ","1/16 of lot ",no,"02/02/2016 02:18 AM","SnowPlus Staff","Ernie Vargas"
"Sec 23 - Rosemont","Columbia Center III","North  Side       ,South Side      ,West Side       ,East Side       ","1/16 of lot ",no,"02/02/2016 02:15 AM","SnowPlus Staff","Jim Jungles"
"Sec 23 - Rosemont","Columbia Center I & II","North  Side       ,South Side      ,West Side       ","1/16 of lot ",no,"02/02/2016 02:14 AM","SnowPlus Staff","Jim Jungles"
"Sec 04 - Aurora West / Batavia","West Aurora Plaza","North  Side       ","1/16 of lot ",no,"02/02/2016 02:14 AM","SnowPlus Staff",
"Sec 30 - Lisle / Warrenville","535 Diehl","South Side      ,West Side       ","1/8 of lot",no,"02/02/2016 02:14 AM","SnowPlus Staff","Scott Erickson"
"Sec 07 - Bensenville","311 Richert","North  Side       ,South Side      ,West Side       ,East Side       ","1/16 of lot ",no,"02/02/2016 02:14 AM","SnowPlus Staff","Ernie Vargas"
"Sec 07 - Bensenville","311 Richert","North  Side       ,South Side      ,West Side       ,East Side       ","1/16 of lot ",no,"02/02/2016 02:14 AM","SnowPlus Staff","Ernie Vargas"
"Sec 07 - Bensenville","626-630 Thomas","North  Side       ","1/16 of lot ",no,"02/02/2016 02:13 AM","SnowPlus Staff","Ernie Vargas"
"Sec 02 - Alsip","Evergreen Market Place - Retail","East Side       ","1/16 of lot ",no,"02/02/2016 02:09 AM","SnowPlus Staff",
"Sec 34 - Woodridge Retail","Centerpointe Retail Centre","North  Side       ,East Side       ","1/2 of lot",no,"02/02/2016 02:09 AM","SnowPlus Staff","Dan Castro"
"Sec 30 - Lisle / Warrenville","1000 & 1100 Warrenville","North  Side       ,South Side      ,West Side       ","whole lot",no,"02/02/2016 02:07 AM","SnowPlus Staff","Scott Erickson"
"Sec 07 - Bensenville","860-888 Thomas","North  Side       ,South Side      ","1/16 of lot ",no,"02/02/2016 02:07 AM","SnowPlus Staff","Ernie Vargas"
"Sec 32 - Schaumburg",Sunstar,,"1/8 of lot",no,"02/02/2016 02:06 AM","SnowPlus Staff","Brandon Temesuary"
"Sec 26 - Itasca",Canon,,"1/16 of lot ",no,"02/02/2016 02:05 AM","SnowPlus Staff","Don Down"
"Sec 07 - Bensenville","560-590 Supreme","North  Side       ,South Side      ,West Side       ","1/16 of lot ",no,"02/02/2016 02:04 AM","SnowPlus Staff","Ernie Vargas"
"Sec 25 - Glendale Heights","80 International","West Side       ","1/4 of lot",no,"02/02/2016 01:58 AM","SnowPlus Staff","Paul Steinhauer"
"Sec 10 - Bolingbrook West","901 Carlow","North  Side       ,South Side      ,West Side       ,East Side       ","1/16 of lot ",no,"02/02/2016 01:58 AM","SnowPlus Staff","Donato Garcia"
"Sec 07 - Bensenville","600-608 & 610-620 Supreme ( 2 bdgs)","North  Side       ,South Side      ,West Side       ,East Side       ","1/16 of lot ",no,"02/02/2016 01:56 AM","SnowPlus Staff","Ernie Vargas"
"Sec 23 - Rosemont","3708 River","North  Side       ,South Side      ,West Side       ,East Side       ","1/16 of lot ",no,"02/02/2016 01:54 AM","SnowPlus Staff","Jim Jungles"
"Sec 07 - Bensenville","855 Woodale","North  Side       ,South Side      ,West Side       ,East Side       ","1/16 of lot ",no,"02/02/2016 01:53 AM","SnowPlus Staff","Ernie Vargas"
"Sec 07 - Bensenville","855 Woodale","North  Side       ,South Side      ,West Side       ,East Side       ","1/16 of lot ",no,"02/02/2016 01:53 AM","SnowPlus Staff","Ernie Vargas"
"Sec 07 - Bensenville","201 Hansen","North  Side       ,South Side      ,West Side       ,East Side       ","1/16 of lot ",no,"02/02/2016 01:53 AM","SnowPlus Staff","Ernie Vargas"
"Sec 07 - Bensenville","201 Hansen","North  Side       ,South Side      ,West Side       ,East Side       ","1/16 of lot ",no,"02/02/2016 01:52 AM","SnowPlus Staff","Ernie Vargas"
"Sec 07 - Bensenville","630-650 Supreme","South Side      ,West Side       ,East Side       ","1/16 of lot ",no,"02/02/2016 01:52 AM","SnowPlus Staff","Ernie Vargas"
"Sec 34 - Woodridge Retail","Art Van - Woodridge","North  Side       ,South Side      ,West Side       ","1/2 of lot",no,"02/02/2016 01:52 AM","SnowPlus Staff","Dan Castro"
"Sec 19 - Elk Grove Village","1601 Pratt","North  Side       ,South Side      ,West Side       ,East Side       ","1/16 of lot ",no,"02/02/2016 01:51 AM","SnowPlus Staff","Ernie Vargas"
"Sec 19 - Elk Grove Village","1501 Pratt","North  Side       ,South Side      ,West Side       ,East Side       ","1/16 of lot ",no,"02/02/2016 01:51 AM","SnowPlus Staff","Ernie Vargas"
"Sec 19 - Elk Grove Village","1501 Pratt","North  Side       ,South Side      ,West Side       ,East Side       ","1/16 of lot ",no,"02/02/2016 01:51 AM","SnowPlus Staff","Ernie Vargas"
"Sec 19 - Elk Grove Village","1201 Kirk","North  Side       ,South Side      ,West Side       ,East Side       ","1/16 of lot ",no,"02/02/2016 01:51 AM","SnowPlus Staff","Ernie Vargas"
"Sec 19 - Elk Grove Village","1201 Kirk","North  Side       ,South Side      ,West Side       ,East Side       ","1/16 of lot ",no,"02/02/2016 01:50 AM","SnowPlus Staff","Ernie Vargas"
"Sec 19 - Elk Grove Village","2521 Lively","North  Side       ,South Side      ,West Side       ,East Side       ","1/16 of lot ",no,"02/02/2016 01:50 AM","SnowPlus Staff","Ernie Vargas"
"Sec 19 - Elk Grove Village","1107 Mark","North  Side       ,South Side      ,West Side       ,East Side       ","1/16 of lot ",no,"02/02/2016 01:49 AM","SnowPlus Staff","Ernie Vargas"
"Sec 19 - Elk Grove Village","1201-1251 Mark","North  Side       ,South Side      ,West Side       ,East Side       ","1/16 of lot ",no,"02/02/2016 01:49 AM","SnowPlus Staff","Ernie Vargas"
"Sec 19 - Elk Grove Village","1300 Mark","North  Side       ,South Side      ,West Side       ,East Side       ","1/16 of lot ",no,"02/02/2016 01:49 AM","SnowPlus Staff","Ernie Vargas"
"Sec 19 - Elk Grove Village","2800 - 2900 Lively","North  Side       ,South Side      ,West Side       ,East Side       ","1/16 of lot ",no,"02/02/2016 01:48 AM","SnowPlus Staff","Ernie Vargas"
"Sec 19 - Elk Grove Village","2521 Lively","North  Side       ,South Side      ,West Side       ,East Side       ","1/16 of lot ",no,"02/02/2016 01:48 AM","SnowPlus Staff","Ernie Vargas"
"Sec 19 - Elk Grove Village","1107 Mark","North  Side       ,South Side      ,West Side       ,East Side       ","1/16 of lot ",no,"02/02/2016 01:47 AM","SnowPlus Staff","Ernie Vargas"
"Sec 19 - Elk Grove Village","1107 Mark","North  Side       ,South Side      ,West Side       ,East Side       ","1/16 of lot ",no,"02/02/2016 01:47 AM","SnowPlus Staff","Ernie Vargas"
"Sec 19 - Elk Grove Village","1201-1251 Mark","North  Side       ,South Side      ,West Side       ,East Side       ","1/16 of lot ",no,"02/02/2016 01:47 AM","SnowPlus Staff","Ernie Vargas"
"Sec 17 - Lombard / Oakbrook","601 Oakmont","North  Side       ,South Side      ,West Side       ,East Side       ","1/16 of lot ",no,"02/02/2016 01:47 AM","SnowPlus Staff","Greg Skonie"
"Sec 19 - Elk Grove Village","1300 Mark","North  Side       ,South Side      ,West Side       ,East Side       ","1/16 of lot ",no,"02/02/2016 01:47 AM","SnowPlus Staff","Ernie Vargas"
"Sec 19 - Elk Grove Village","1400 Mark","North  Side       ,South Side      ,West Side       ,East Side       ","1/16 of lot ",no,"02/02/2016 01:46 AM","SnowPlus Staff","Ernie Vargas"
"Sec 19 - Elk Grove Village","1301-1401 Mark","North  Side       ,South Side      ,West Side       ,East Side       ","1/16 of lot ",no,"02/02/2016 01:46 AM","SnowPlus Staff","Ernie Vargas"
"Sec 03 - Aurora","4151 McCoy","North  Side       ,West Side       ","1/16 of lot ",no,"02/02/2016 01:46 AM","SnowPlus Staff","Mito Sopko"
"Sec 19 - Elk Grove Village","1301-1401 Mark","North  Side       ,South Side      ,West Side       ,East Side       ","1/16 of lot ",no,"02/02/2016 01:46 AM","SnowPlus Staff","Ernie Vargas"
"Sec 19 - Elk Grove Village","1301-1401 Mark","North  Side       ,South Side      ,West Side       ,East Side       ","1/16 of lot ",no,"02/02/2016 01:46 AM","SnowPlus Staff","Ernie Vargas"
"Sec 19 - Elk Grove Village","2781 Katherine","North  Side       ,South Side      ,West Side       ,East Side       ","1/16 of lot ",no,"02/02/2016 01:45 AM","SnowPlus Staff","Ernie Vargas"
"Sec 19 - Elk Grove Village","1380-1410 Kirk","North  Side       ,South Side      ,West Side       ,East Side       ","1/16 of lot ",no,"02/02/2016 01:45 AM","SnowPlus Staff","Ernie Vargas"
"Sec 03 - Aurora","3901 Liberty","North  Side       ,West Side       ,East Side       ","1/16 of lot ",no,"02/02/2016 01:45 AM","SnowPlus Staff","Mito Sopko"
"Sec 28 - Naperville East","2012 Corporate","South Side      ,West Side       ","1/8 of lot",no,"02/02/2016 01:45 AM","SnowPlus Staff","Scott Erickson"
"Sec 28 - Naperville East","Canterra Commons","North  Side       ,South Side      ,West Side       ","1/8 of lot",no,"02/02/2016 01:45 AM","SnowPlus Staff","Scott Erickson"
"Sec 19 - Elk Grove Village","1380-1410 Kirk","North  Side       ,South Side      ,West Side       ,East Side       ","1/16 of lot ",no,"02/02/2016 01:45 AM","SnowPlus Staff","Ernie Vargas"
"Sec 19 - Elk Grove Village","1380-1410 Kirk","North  Side       ,South Side      ,West Side       ,East Side       ","1/16 of lot ",no,"02/02/2016 01:45 AM","SnowPlus Staff","Ernie Vargas"
"Sec 25 - Glendale Heights","139 Army Trail","South Side      ","1/2 of lot",no,"02/02/2016 01:45 AM","SnowPlus Staff","Paul Steinhauer"
"Sec 19 - Elk Grove Village","1100 Thorndale","North  Side       ,South Side      ,West Side       ,East Side       ","1/16 of lot ",no,"02/02/2016 01:45 AM","SnowPlus Staff","Ernie Vargas"
"Sec 19 - Elk Grove Village","1100 Thorndale","North  Side       ,South Side      ,West Side       ,East Side       ","1/16 of lot ",no,"02/02/2016 01:45 AM","SnowPlus Staff","Ernie Vargas"
"Sec 19 - Elk Grove Village","1100 Thorndale","North  Side       ,South Side      ,West Side       ,East Side       ","1/16 of lot ",no,"02/02/2016 01:44 AM","SnowPlus Staff","Ernie Vargas"
"Sec 07 - Bensenville","971-991 Supreme","South Side      ,West Side       ","1/16 of lot ",no,"02/02/2016 01:44 AM","SnowPlus Staff","Ernie Vargas"
"Sec 19 - Elk Grove Village","2700 Carl","North  Side       ,South Side      ,West Side       ,East Side       ","1/16 of lot ",no,"02/02/2016 01:44 AM","SnowPlus Staff","Ernie Vargas"
"Sec 19 - Elk Grove Village","2800 Carl","North  Side       ,South Side      ,West Side       ,East Side       ","1/16 of lot ",no,"02/02/2016 01:43 AM","SnowPlus Staff","Ernie Vargas"
"Sec 19 - Elk Grove Village","2800 Carl","North  Side       ,South Side      ,West Side       ,East Side       ","1/16 of lot ",no,"02/02/2016 01:43 AM","SnowPlus Staff","Ernie Vargas"
"Sec 35 - Woodridge Industrial",Xcell,"West Side       ","1/2 of lot",no,"02/02/2016 01:43 AM","SnowPlus Staff","Doug Hendon"
"Sec 19 - Elk Grove Village","900 Thorndale","North  Side       ,South Side      ,West Side       ,East Side       ","1/16 of lot ",no,"02/02/2016 01:43 AM","SnowPlus Staff","Ernie Vargas"
"Sec 19 - Elk Grove Village","900 Thorndale","North  Side       ,South Side      ,West Side       ,East Side       ","1/16 of lot ",no,"02/02/2016 01:43 AM","SnowPlus Staff","Ernie Vargas"
"Sec 20 - Elk Grove Village North","Regent O'Hare Building E & F","North  Side       ,South Side      ,West Side       ,East Side       ","1/8 of lot",no,"02/02/2016 01:43 AM","SnowPlus Staff","Ernie Vargas"
"Sec 20 - Elk Grove Village North","Regent O'Hare Building E & F","North  Side       ,South Side      ,West Side       ,East Side       ","1/8 of lot",no,"02/02/2016 01:43 AM","SnowPlus Staff","Ernie Vargas"
"Sec 19 - Elk Grove Village","2800 - 2900 Lively","North  Side       ,South Side      ,West Side       ,East Side       ","1/16 of lot ",no,"02/02/2016 01:42 AM","SnowPlus Staff","Ernie Vargas"
"Sec 03 - Aurora","3901 Liberty","North  Side       ,West Side       ,East Side       ","1/16 of lot ",no,"02/02/2016 01:40 AM","SnowPlus Staff","Mito Sopko"
"Sec 08 - Berkeley","Melrose Park Center","North  Side       ,South Side      ,West Side       ,East Side       ","1/16 of lot ",no,"02/02/2016 01:39 AM","SnowPlus Staff","Jim Jungles"
"Sec 35 - Woodridge Industrial","10220 Werch","North  Side       ,South Side      ,East Side       ","1/2 of lot",no,"02/02/2016 01:38 AM","SnowPlus Staff","Doug Hendon"
"Sec 08 - Berkeley","5300 Proviso","North  Side       ,South Side      ,West Side       ,East Side       ","1/16 of lot ",no,"02/02/2016 01:37 AM","SnowPlus Staff","Jim Jungles"
"Sec 17 - Lombard / Oakbrook","1 S 450 Summit","North  Side       ,South Side      ,West Side       ,East Side       ","1/16 of lot ",no,"02/02/2016 01:35 AM","SnowPlus Staff","Greg Skonie"
"Sec 03 - Aurora","4222 Meridian Pkwy","West Side       ,East Side       ","1/16 of lot ",no,"02/02/2016 01:35 AM","SnowPlus Staff","Mito Sopko"
"Sec 03 - Aurora","858 Meridian","North  Side       ,West Side       ,East Side       ","1/8 of lot",no,"02/02/2016 01:32 AM","SnowPlus Staff","Mito Sopko"
"Sec 07 - Bensenville","950-990 Supreme","North  Side       ,South Side      ,East Side       ","1/16 of lot ",no,"02/02/2016 01:31 AM","SnowPlus Staff","Ernie Vargas"
"Sec 17 - Lombard / Oakbrook","2301-2311 22nd St","North  Side       ,South Side      ,West Side       ,East Side       ","1/16 of lot ",no,"02/02/2016 01:28 AM","SnowPlus Staff","Greg Skonie"
"Sec 35 - Woodridge Industrial","10350 Beaudin","North  Side       ,South Side      ,West Side       ,East Side       ","1/2 of lot",no,"02/02/2016 01:28 AM","SnowPlus Staff","Doug Hendon"
"Sec 25 - Glendale Heights","1620 & 1640 Fullerton Ct","North  Side       ,South Side      ","1/4 of lot",no,"02/02/2016 01:27 AM","SnowPlus Staff","Paul Steinhauer"
"Sec 15 - Carol Stream East","437 Tower","North  Side       ,South Side      ","1/4 of lot",no,"02/02/2016 01:27 AM","SnowPlus Staff","Cody Moutvic"
"Sec 07 - Bensenville","659-699 Supreme","North  Side       ,South Side      ","1/16 of lot ",no,"02/02/2016 01:23 AM","SnowPlus Staff","Ernie Vargas"
"Sec 17 - Lombard / Oakbrook","Oak brook International","North  Side       ,South Side      ,West Side       ,East Side       ","1/16 of lot ",no,"02/02/2016 01:22 AM","SnowPlus Staff","Jim Rose"
"Sec 35 - Woodridge Industrial","2300 Internationale","North  Side       ,East Side       ","1/8 of lot",no,"02/02/2016 01:22 AM","SnowPlus Staff","Doug Hendon"
"Sec 24 - Elmhurst","11700 Grand","East Side       ","1/16 of lot ",no,"02/02/2016 01:21 AM","SnowPlus Staff","Jim Jungles"
"Sec 02 - Alsip","11800 S Austin - Komatsu Forklift","North  Side       ","1/8 of lot",no,"02/02/2016 01:19 AM","SnowPlus Staff",
"Sec 32 - Schaumburg","Bed Bath & Beyond",,"1/2 of lot",no,"02/02/2016 01:19 AM","SnowPlus Staff","Connor Young"
"Sec 02 - Alsip","11740  South Austin - Toyota","North  Side       ","1/8 of lot",no,"02/02/2016 01:19 AM","SnowPlus Staff",
"Sec 07 - Bensenville","595-601 Supreme","West Side       ,East Side       ","1/16 of lot ",no,"02/02/2016 01:18 AM","SnowPlus Staff","Ernie Vargas"
"Sec 35 - Woodridge Industrial","2401 Internationale","North  Side       ,South Side      ","1/2 of lot",no,"02/02/2016 01:17 AM","SnowPlus Staff","Doug Hendon"
"Sec 24 - Elmhurst","949 - 853 Larch","South Side      ,West Side       ","1/16 of lot ",no,"02/02/2016 01:15 AM","SnowPlus Staff","Jim Jungles"
"Sec 28 - Naperville East","Canterra Commons","North  Side       ,South Side      ,West Side       ","1/8 of lot",no,"02/02/2016 01:15 AM","SnowPlus Staff","Scott Erickson"
"Sec 07 - Bensenville","1141 Ellis","North  Side       ,South Side      ","1/16 of lot ",no,"02/02/2016 01:15 AM","SnowPlus Staff","Ernie Vargas"
"Sec 35 - Woodridge Industrial","Graham Packaging","South Side      ,East Side       ","1/16 of lot ",no,"02/02/2016 01:14 AM","SnowPlus Staff","Doug Hendon"
"Sec 17 - Lombard / Oakbrook","Art Van - Butterfield","North  Side       ,South Side      ,West Side       ,East Side       ","1/16 of lot ",no,"02/02/2016 01:12 AM","SnowPlus Staff","Greg Skonie"
"Sec 35 - Woodridge Industrial","2500 Internationale","South Side      ,East Side       ","1/16 of lot ",no,"02/02/2016 01:12 AM","SnowPlus Staff","Doug Hendon"
"Sec 15 - Carol Stream East","900 Kimberly","North  Side       ,East Side       ","1/8 of lot",no,"02/02/2016 01:12 AM","SnowPlus Staff","Cody Moutvic"
"Sec 35 - Woodridge Industrial","2500 Internationale","South Side      ,East Side       ","1/16 of lot ",no,"02/02/2016 01:11 AM","SnowPlus Staff","Doug Hendon"
"Sec 32 - Schaumburg","1300 Plum Grove",,"whole lot",no,"02/02/2016 01:10 AM","SnowPlus Staff","Brandon Temesuary"
"Sec 24 - Elmhurst","777 Church","North  Side       ,South Side      ,West Side       ,East Side       ","1/16 of lot ",no,"02/02/2016 01:09 AM","SnowPlus Staff","Jim Jungles"
"Sec 15 - Carol Stream East","230 Lies","South Side      ,West Side       ,East Side       ","1/4 of lot",no,"02/02/2016 01:07 AM","SnowPlus Staff","Cody Moutvic"
"Sec 12 - Bolingbrook Southwest","710 Theodore","North  Side       ","1/16 of lot ",no,"02/02/2016 01:07 AM","SnowPlus Staff","Adam Halm"
"Sec 15 - Carol Stream East","376 Lies","North  Side       ,South Side      ,West Side       ,East Side       ","1/2 of lot",no,"02/02/2016 01:06 AM","SnowPlus Staff","Cody Moutvic"
"Sec 17 - Lombard / Oakbrook","Eisenhower Buildings","North  Side       ,South Side      ,West Side       ,East Side       ","1/16 of lot ",no,"02/02/2016 01:05 AM","SnowPlus Staff","Greg Skonie"
"Sec 16 - Carol Stream West","Wheaton Sports Center","North  Side       ","1/4 of lot",no,"02/02/2016 01:02 AM","SnowPlus Staff","Leo Vargas"
"Sec 16 - Carol Stream West","235 Tubeway","North  Side       ","1/4 of lot",no,"02/02/2016 01:02 AM","SnowPlus Staff","Leo Vargas"
"Sec 28 - Naperville East","2012 Corporate","South Side      ,West Side       ","1/8 of lot",no,"02/02/2016 01:00 AM","SnowPlus Staff","Scott Erickson"
"Sec 20 - Elk Grove Village North","Regent O'Hare Building E & F","North  Side       ,South Side      ,West Side       ,East Side       ","1/8 of lot",no,"02/02/2016 01:00 AM","SnowPlus Staff","Ernie Vargas"
"Sec 16 - Carol Stream West","365 North Ave","North  Side       ,South Side      ","1/2 of lot",no,"02/02/2016 01:00 AM","SnowPlus Staff","Leo Vargas"
"Sec 20 - Elk Grove Village North","Regent O'Hare Building E & F","North  Side       ,South Side      ,West Side       ,East Side       ","1/8 of lot",no,"02/02/2016 12:59 AM","SnowPlus Staff","Ernie Vargas"
"Sec 16 - Carol Stream West","365 North Ave","North  Side       ","1/4 of lot",no,"02/02/2016 12:59 AM","SnowPlus Staff","Leo Vargas"
"Sec 08 - Berkeley","5300 Proviso","North  Side       ,South Side      ,West Side       ,East Side       ","1/16 of lot ",no,"02/02/2016 12:58 AM","SnowPlus Staff","Jim Jungles"
"Sec 08 - Berkeley","5300 Proviso","North  Side       ,South Side      ,West Side       ,East Side       ","1/16 of lot ",no,"02/02/2016 12:58 AM","SnowPlus Staff","Jim Jungles"
"Sec 08 - Berkeley","5000 Proviso","North  Side       ,South Side      ,West Side       ,East Side       ","1/16 of lot ",no,"02/02/2016 12:57 AM","SnowPlus Staff","Jim Jungles"
"Sec 08 - Berkeley","4700 Proviso","North  Side       ,South Side      ,West Side       ,East Side       ","1/16 of lot ",no,"02/02/2016 12:57 AM","SnowPlus Staff","Jim Jungles"
"Sec 29 - Naperville West",Kellogg,"North  Side       ,West Side       ","1/16 of lot ",no,"02/02/2016 12:46 AM","SnowPlus Staff","Scott Erickson"
"Sec 15 - Carol Stream East","355 Long View","North  Side       ,South Side      ,West Side       ,East Side       ","1/2 of lot",no,"02/02/2016 12:46 AM","SnowPlus Staff","Cody Moutvic"
"Sec 29 - Naperville West","International Paper","North  Side       ,East Side       ","1/16 of lot ",no,"02/02/2016 12:45 AM","SnowPlus Staff","Scott Erickson"
"Sec 32 - Schaumburg","930 National",,"1/16 of lot ",no,"02/02/2016 12:37 AM","SnowPlus Staff","Brandon Temesuary"
"Sec 20 - Elk Grove Village North","1800 Landmeier","South Side      ,East Side       ","1/8 of lot",no,"02/02/2016 12:36 AM","SnowPlus Staff","Ernie Vargas"
"Sec 20 - Elk Grove Village North","Tech Center I","North  Side       ,South Side      ,West Side       ,East Side       ","1/8 of lot",no,"02/02/2016 12:33 AM","SnowPlus Staff","Ernie Vargas"
"Sec 09 - Bolingbrook North","1055 Remington","North  Side       ","1/16 of lot ",no,"02/02/2016 12:32 AM","SnowPlus Staff","Bill Gabris"
"Sec 09 - Bolingbrook North","850 Veterans","North  Side       ,South Side      ,West Side       ,East Side       ","1/16 of lot ",no,"02/02/2016 12:32 AM","SnowPlus Staff","Bill Gabris"
"Sec 09 - Bolingbrook North","605 Territorial","North  Side       ,West Side       ,East Side       ","1/16 of lot ",no,"02/02/2016 12:31 AM","SnowPlus Staff","Bill Gabris"
"Sec 09 - Bolingbrook North","595 Territorial","North  Side       ,East Side       ","1/16 of lot ",no,"02/02/2016 12:31 AM","SnowPlus Staff","Bill Gabris"
"Sec 09 - Bolingbrook North","655 Remington","North  Side       ","1/16 of lot ",no,"02/02/2016 12:31 AM","SnowPlus Staff","Bill Gabris"
"Sec 09 - Bolingbrook North","750 Veterans","North  Side       ,South Side      ","1/16 of lot ",no,"02/02/2016 12:31 AM","SnowPlus Staff","Tom Ustaszewski"
"Sec 29 - Naperville West","220 Frontenac","North  Side       ,East Side       ","1/16 of lot ",no,"02/02/2016 12:31 AM","SnowPlus Staff","Mito Sopko"
"Sec 09 - Bolingbrook North","500 & 510 Territorial & 1 Northpointe Ct","North  Side       ,South Side      ,West Side       ,East Side       ","1/16 of lot ",no,"02/02/2016 12:30 AM","SnowPlus Staff","Tom Ustaszewski"
"Sec 09 - Bolingbrook North","606-612 Territorial","North  Side       ,South Side      ,West Side       ,East Side       ","1/16 of lot ",no,"02/02/2016 12:30 AM","SnowPlus Staff","Tom Ustaszewski"
"Sec 09 - Bolingbrook North","850 Remington","North  Side       ,South Side      ,West Side       ","1/16 of lot ",no,"02/02/2016 12:30 AM","SnowPlus Staff","Tom Ustaszewski"
"Sec 09 - Bolingbrook North","581 Territorial","North  Side       ,West Side       ","1/16 of lot ",no,"02/02/2016 12:30 AM","SnowPlus Staff","Tom Ustaszewski"
"Sec 08 - Berkeley","250 Manhiem","North  Side       ,East Side       ","1/16 of lot ",no,"02/02/2016 12:30 AM","SnowPlus Staff","Jim Jungles"
"Sec 32 - Schaumburg","Art Van Schaumburg",,"1/8 of lot",no,"02/02/2016 12:29 AM","SnowPlus Staff","Brandon Temesuary"
"Sec 02 - Alsip","5100 W 123rd - Roosevelt Paper","North  Side       ","1/8 of lot",no,"02/02/2016 12:28 AM","SnowPlus Staff",
"Sec 33 - University Park","Matteson Retail Center","East Side       ","1/16 of lot ",no,"02/02/2016 12:27 AM","SnowPlus Staff","Scott Senne"
"Sec 15 - Carol Stream East","125 Army Trail","North  Side       ,South Side      ,West Side       ,East Side       ","1/8 of lot",no,"02/02/2016 12:27 AM","SnowPlus Staff","Cody Moutvic"
"Sec 20 - Elk Grove Village North","Regent O'Hare Building Industrial Center","North  Side       ,South Side      ,West Side       ,East Side       ","1/8 of lot",no,"02/02/2016 12:23 AM","SnowPlus Staff","Ernie Vargas"
"Sec 15 - Carol Stream East","175 Wall St","South Side      ,West Side       ","1/4 of lot",no,"02/02/2016 12:20 AM","SnowPlus Staff","Cody Moutvic"
"Sec 31 - Roselle","5700 Turnberry",,"1/16 of lot ",no,"02/02/2016 12:20 AM","SnowPlus Staff","Chad Meyer"
"Sec 32 - Schaumburg","1051 Perimeter",,"1/16 of lot ",no,"02/02/2016 12:19 AM","SnowPlus Staff","Brandon Temesuary"
"Sec 12 - Bolingbrook Southwest","760 Crossroads","North  Side       ,South Side      ","1/16 of lot ",no,"02/02/2016 12:14 AM","SnowPlus Staff","Adam Halm"
"Sec 12 - Bolingbrook Southwest","969 Veterans","South Side      ","1/16 of lot ",no,"02/02/2016 12:13 AM","SnowPlus Staff","Adam Halm"
"Sec 15 - Carol Stream East","545 Fullerton","North  Side       ,South Side      ","1/4 of lot",no,"02/02/2016 12:10 AM","SnowPlus Staff","Cody Moutvic"
"Sec 15 - Carol Stream East","90 West Lake","West Side       ","1/16 of lot ",no,"02/02/2016 12:02 AM","SnowPlus Staff","Cody Moutvic"
"Sec 33 - University Park","UTI Michelin","South Side      ,West Side       ,East Side       ","1/8 of lot",,"02/01/2016 11:54 PM","SnowPlus Staff","Scott Senne"
"Sec 33 - University Park","DSC Logistics","North  Side       ,East Side       ","1/8 of lot",,"02/01/2016 11:53 PM","SnowPlus Staff","Scott Senne"
"Sec 33 - University Park","UTI Michelin","South Side      ,West Side       ,East Side       ","1/2 of lot",no,"02/01/2016 11:52 PM","SnowPlus Staff","Scott Senne"
"Sec 04 - Aurora West / Batavia","West Aurora Plaza","East Side       ","1/2 of lot",yes,"02/01/2016 12:25 PM","Admin Admin",
