Location,Property," - Employee Number"," - Bags of Salt Used? "," - Bags of Calcium Used? "," - How many Guys Servicing Property?"," - Total Man Hours of all Guys?","Submission Date","Submitted By","Assigned To"
"Sec 01 - Addison","2171 Executive",419,3,0,2,45,"02/17/2016 02:46 AM","SnowPlus Staff","Wally Sternberg"
"Sec 01 - Addison","710 Belden",419,1,0,2,30,"02/17/2016 02:45 AM","SnowPlus Staff","Wally Sternberg"
"Sec 01 - Addison","775 Belden",419,2,0,2,30,"02/17/2016 02:44 AM","SnowPlus Staff","Wally Sternberg"
"Sec 01 - Addison","780 Belden",419,2,0,2,30,"02/17/2016 02:44 AM","SnowPlus Staff","Wally Sternberg"
"Sec 01 - Addison","350 Rohlwing - Vanport Warehousing",419,3,0,2,40,"02/17/2016 02:43 AM","SnowPlus Staff","Wally Sternberg"
"Sec 01 - Addison","Devry University",419,3,0,2,40,"02/17/2016 02:41 AM","SnowPlus Staff","Wally Sternberg"
