Location,Property,"Numero de empleado","Bolsas de sal que se usado?","Bolsas de calcio usado?","Total de personas en propiedad?","Total de Horas de trabajo?","Submission Date","Submitted By","Assigned To"
"Sec 27 - Joliet","1695 Crossroads",2007,8,0,2,2.5,"02/17/2016 06:31 PM","SnowPlus Staff","Bob Inabnit"
"Sec 27 - Joliet","4001 Rock Creek",2007,6,0,2,2,"02/17/2016 06:31 PM","SnowPlus Staff","Bob Inabnit"
"Sec 27 - Joliet","3311 & 3325 Corporate",2007,7,0,2,2,"02/17/2016 06:31 PM","SnowPlus Staff","Bob Inabnit"
"Sec 33 - University Park","Matteson Retail Center",2010,18,0,2,4,"02/17/2016 06:30 PM","SnowPlus Staff","Scott Senne"
"Sec 33 - University Park","UTI Michelin",2010,11,0,2,3,"02/17/2016 06:30 PM","SnowPlus Staff","Scott Senne"
"Sec 33 - University Park","DSC Logistics",2010,11,0,2,3,"02/17/2016 06:30 PM","SnowPlus Staff","Scott Senne"
"Sec 35 - Woodridge Industrial",Xcell,2004,3,0,2,1,"02/17/2016 06:29 PM","SnowPlus Staff","Doug Hendon"
"Sec 35 - Woodridge Industrial","10220 Werch",2004,9,0,2,3,"02/17/2016 06:29 PM","SnowPlus Staff","Doug Hendon"
"Sec 35 - Woodridge Industrial","10350 Beaudin",2004,12,0,2,3.5,"02/17/2016 06:29 PM","SnowPlus Staff","Doug Hendon"
"Sec 35 - Woodridge Industrial","2300 Internationale",2004,5,0,2,2,"02/17/2016 06:29 PM","SnowPlus Staff","Doug Hendon"
"Sec 35 - Woodridge Industrial","2300 Internationale",2004,5,0,2,2,"02/17/2016 06:29 PM","SnowPlus Staff","Doug Hendon"
"Sec 35 - Woodridge Industrial","Graham Packaging",2004,8,0,2,2.5,"02/17/2016 06:28 PM","SnowPlus Staff","Doug Hendon"
"Sec 35 - Woodridge Industrial","2500 Internationale",2004,7,0,2,2.5,"02/17/2016 06:28 PM","SnowPlus Staff","Doug Hendon"
"Sec 35 - Woodridge Industrial","2401 Internationale",2004,7,0,2,2.5,"02/17/2016 06:28 PM","SnowPlus Staff","Doug Hendon"
"Sec 35 - Woodridge Industrial","2401 Internationale",2004,7,0,2,2,"02/17/2016 06:28 PM","SnowPlus Staff","Doug Hendon"
"Sec 34 - Woodridge Retail","Art Van - Woodridge",2008,7,0,2,2,"02/17/2016 06:27 PM","SnowPlus Staff","Dan Castro"
"Sec 34 - Woodridge Retail","Darien Towne Center",2008,15,0,2,4,"02/17/2016 06:27 PM","SnowPlus Staff","Dan Castro"
"Sec 34 - Woodridge Retail","Centerpointe Retail Centre",2008,18,0,2,4,"02/17/2016 06:27 PM","SnowPlus Staff","Dan Castro"
"Sec 29 - Naperville West",Kellogg,2005,10,0,2,3,"02/17/2016 06:26 PM","SnowPlus Staff","Scott Erickson"
"Sec 29 - Naperville West","International Paper",2005,8,0,2,2.5,"02/17/2016 06:26 PM","SnowPlus Staff","Scott Erickson"
"Sec 28 - Naperville East","2012 Corporate",2005,11,0,2,3,"02/17/2016 06:26 PM","SnowPlus Staff","Scott Erickson"
"Sec 28 - Naperville East","Canterra Commons",2005,9,0,2,3,"02/17/2016 06:26 PM","SnowPlus Staff","Scott Erickson"
"Sec 14 - Bolingbrook East","254 Internationale",638,9,0,2,3,"02/17/2016 06:25 PM","SnowPlus Staff","Mike Esposito"
"Sec 14 - Bolingbrook East","555 St James Gate",638,3,0,2,1,"02/17/2016 06:25 PM","SnowPlus Staff","Mike Esposito"
"Sec 14 - Bolingbrook East","333 Gilbralter",638,9,0,2,2,"02/17/2016 06:25 PM","SnowPlus Staff","Mike Esposito"
"Sec 13 - Romeoville","160 South Creek",638,7,0,2,2,"02/17/2016 06:24 PM","SnowPlus Staff","Mike Jungles"
"Sec 13 - Romeoville","Buffalo Wild Wings and Retail",638,13,0,2,3.5,"02/17/2016 06:24 PM","SnowPlus Staff","Mike Jungles"
"Sec 13 - Romeoville","160 South Creek",638,13,0,2,3.5,"02/17/2016 06:24 PM","SnowPlus Staff","Mike Jungles"
"Sec 12 - Bolingbrook Southwest","710 Theodore",638,7,0,2,2.5,"02/17/2016 06:23 PM","SnowPlus Staff","Adam Halm"
"Sec 12 - Bolingbrook Southwest","1001 Crossroads",638,12,0,2,3.5,"02/17/2016 06:23 PM","SnowPlus Staff","Adam Halm"
"Sec 12 - Bolingbrook Southwest","860 Crossroads",638,19,0,2,3,"02/17/2016 06:23 PM","SnowPlus Staff","Adam Halm"
"Sec 12 - Bolingbrook Southwest","775 Prologis",638,11,0,2,3,"02/17/2016 06:23 PM","SnowPlus Staff","Adam Halm"
"Sec 12 - Bolingbrook Southwest","760 Crossroads",638,8,0,2,2.5,"02/17/2016 06:22 PM","SnowPlus Staff","Adam Halm"
"Sec 12 - Bolingbrook Southwest","969 Veterans",638,8,0,2,2.5,"02/17/2016 06:22 PM","SnowPlus Staff","Adam Halm"
"Sec 11 - Bolingbrook South","1287 Naperville",638,3,0,2,1,"02/17/2016 06:22 PM","SnowPlus Staff","Tom Ustaszewski"
"Sec 11 - Bolingbrook South","1287 Naperville",638,3,0,2,1.5,"02/17/2016 06:22 PM","SnowPlus Staff","Tom Ustaszewski"
"Sec 11 - Bolingbrook South","1000 Veterans",638,3,0,2,1.5,"02/17/2016 06:21 PM","SnowPlus Staff","Tom Ustaszewski"
"Sec 11 - Bolingbrook South","505 Crossroads",638,6,0,2,2,"02/17/2016 06:21 PM","SnowPlus Staff","Tom Ustaszewski"
"Sec 11 - Bolingbrook South","400 Crossroads",638,8,0,2,2.5,"02/17/2016 06:21 PM","SnowPlus Staff","Tom Ustaszewski"
"Sec 10 - Bolingbrook West","901 Carlow",512,15,0,2,3.5,"02/17/2016 06:20 PM","SnowPlus Staff","Donato Garcia"
"Sec 10 - Bolingbrook West","1375 Weber",512,12,0,2,3,"02/17/2016 06:20 PM","SnowPlus Staff","Donato Garcia"
"Sec 10 - Bolingbrook West","1601 Remington",512,12,0,2,3,"02/17/2016 06:20 PM","SnowPlus Staff","Donato Garcia"
"Sec 10 - Bolingbrook West","1501 Remington",512,12,0,2,3,"02/17/2016 06:20 PM","SnowPlus Staff","Donato Garcia"
"Sec 10 - Bolingbrook West","1290 Remington",512,8,0,2,2.5,"02/17/2016 06:19 PM","SnowPlus Staff","Donato Garcia"
"Sec 10 - Bolingbrook West","1101-1109 Windham  2 bldgs",512,7,0,2,2,"02/17/2016 06:19 PM","SnowPlus Staff","Donato Garcia"
"Sec 10 - Bolingbrook West","RR Donnelly",512,9,0,2,2.5,"02/17/2016 06:19 PM","SnowPlus Staff","Donato Garcia"
"Sec 09 - Bolingbrook North","1055 Remington",512,2,0,2,1,"02/17/2016 06:19 PM","SnowPlus Staff","Bill Gabris"
"Sec 09 - Bolingbrook North","850 Veterans",512,6,0,2,2,"02/17/2016 06:18 PM","SnowPlus Staff","Bill Gabris"
"Sec 09 - Bolingbrook North","605 Territorial",512,7,0,2,2.5,"02/17/2016 06:18 PM","SnowPlus Staff","Bill Gabris"
"Sec 09 - Bolingbrook North","595 Territorial",512,3,0,2,1,"02/17/2016 06:18 PM","SnowPlus Staff","Bill Gabris"
"Sec 09 - Bolingbrook North","655 Remington",512,3,0,2,1,"02/17/2016 06:18 PM","SnowPlus Staff","Bill Gabris"
"Sec 09 - Bolingbrook North","750 Veterans",512,6,0,2,2,"02/17/2016 06:17 PM","SnowPlus Staff","Tom Ustaszewski"
"Sec 09 - Bolingbrook North","500 & 510 Territorial & 1 Northpointe Ct",512,114,0,2,3,"02/17/2016 06:17 PM","SnowPlus Staff","Tom Ustaszewski"
"Sec 09 - Bolingbrook North","606-612 Territorial",512,11,0,2,2.5,"02/17/2016 06:17 PM","SnowPlus Staff","Tom Ustaszewski"
"Sec 09 - Bolingbrook North","850 Remington",512,6,0,2,2,"02/17/2016 06:16 PM","SnowPlus Staff","Tom Ustaszewski"
"Sec 09 - Bolingbrook North","581 Territorial",512,8,0,2,2.5,"02/17/2016 06:16 PM","SnowPlus Staff","Tom Ustaszewski"
"Sec 09 - Bolingbrook North","340 Remington",512,4,0,2,1,"02/17/2016 06:16 PM","SnowPlus Staff","Tom Ustaszewski"
"Sec 09 - Bolingbrook North","550 West North Frontage Rd",512,2,0,2,.45,"02/17/2016 06:15 PM","SnowPlus Staff","Tom Ustaszewski"
"Sec 09 - Bolingbrook North","550 West North Frontage Rd",483," 3",0,4,1.5,"02/17/2016 06:14 PM","SnowPlus Staff","Tom Ustaszewski"
"Sec 10 - Bolingbrook West","1101-1109 Windham  2 bldgs",638,10,0,4,7,"02/17/2016 06:14 PM","SnowPlus Staff","Donato Garcia"
"Sec 17 - Lombard / Oakbrook","Oak brook International",575,2,1,3,"1.5 ","02/17/2016 12:07 PM","SnowPlus Staff","Jim Rose"
"Sec 17 - Lombard / Oakbrook","Eisenhower Buildings",575,2,1,3,1.5,"02/17/2016 12:05 PM","SnowPlus Staff","Greg Skonie"
"Sec 17 - Lombard / Oakbrook","1 S 450 Summit",575,2,1,3,1.5,"02/17/2016 12:03 PM","SnowPlus Staff","Greg Skonie"
"Sec 17 - Lombard / Oakbrook","601 Oakmont",575,2,1,3,1.5,"02/17/2016 12:02 PM","SnowPlus Staff","Greg Skonie"
"Sec 08 - Berkeley","4700 Proviso",575,2,1,3,1.5,"02/17/2016 12:00 PM","SnowPlus Staff","Jim Jungles"
"Sec 08 - Berkeley","5000 Proviso",575,2,1,3,1.5,"02/17/2016 11:59 AM","SnowPlus Staff","Jim Jungles"
"Sec 08 - Berkeley","5300 Proviso",575,2,1,3,1.5,"02/17/2016 11:58 AM","SnowPlus Staff","Jim Jungles"
"Sec 08 - Berkeley","250 Manhiem",575,2,1,3,1,"02/17/2016 11:57 AM","SnowPlus Staff","Jim Jungles"
"Sec 08 - Berkeley","Melrose Park Center",575,4,2,3,3,"02/17/2016 11:56 AM","SnowPlus Staff","Jim Jungles"
"Sec 11 - Bolingbrook South","400 Crossroads",594,1,0,2,.25,"02/17/2016 03:31 AM","SnowPlus Staff","Tom Ustaszewski"
"Sec 09 - Bolingbrook North","850 Veterans",594,1,0,2,.20,"02/17/2016 03:29 AM","SnowPlus Staff","Bill Gabris"
"Sec 10 - Bolingbrook West","1601 Remington",594,1,0,2,.20,"02/17/2016 03:28 AM","SnowPlus Staff","Donato Garcia"
"Sec 10 - Bolingbrook West","1101-1109 Windham  2 bldgs",594,2,0,2,.20,"02/17/2016 03:27 AM","SnowPlus Staff","Donato Garcia"
"Sec 10 - Bolingbrook West","RR Donnelly",594,1,0,2,.20,"02/17/2016 03:27 AM","SnowPlus Staff","Donato Garcia"
"Sec 12 - Bolingbrook Southwest","710 Theodore",594,1,0,2,.15,"02/17/2016 03:26 AM","SnowPlus Staff","Adam Halm"
"Sec 12 - Bolingbrook Southwest","1001 Crossroads",594,1,0,2,.30,"02/17/2016 03:26 AM","SnowPlus Staff","Adam Halm"
"Sec 12 - Bolingbrook Southwest","860 Crossroads",594,1,0,2,.25,"02/17/2016 03:25 AM","SnowPlus Staff","Adam Halm"
"Sec 12 - Bolingbrook Southwest","775 Prologis",594,1,0,2,.25,"02/17/2016 03:24 AM","SnowPlus Staff","Adam Halm"
"Sec 12 - Bolingbrook Southwest","760 Crossroads",594,1,0,2,.30,"02/17/2016 03:24 AM","SnowPlus Staff","Adam Halm"
"Sec 12 - Bolingbrook Southwest","969 Veterans",594,1,0,2,.30,"02/17/2016 03:23 AM","SnowPlus Staff","Adam Halm"
"Sec 13 - Romeoville","Buffalo Wild Wings and Retail",594,1,0,2,.30,"02/17/2016 03:22 AM","SnowPlus Staff","Mike Jungles"
"Sec 13 - Romeoville","160 South Creek",594,1,0,2,.30,"02/17/2016 03:22 AM","SnowPlus Staff","Mike Jungles"
"Sec 33 - University Park","Matteson Retail Center",713,4,0,2,2h,"02/17/2016 02:07 AM","SnowPlus Staff","Scott Senne"
"Sec 33 - University Park","UTI Michelin",713,2,0,2,1h,"02/17/2016 02:06 AM","SnowPlus Staff","Scott Senne"
"Sec 33 - University Park","DSC Logistics",713,4,0,2,1h,"02/17/2016 02:05 AM","SnowPlus Staff","Scott Senne"
"Sec 27 - Joliet","1695 Crossroads",713,2,0,2,1h,"02/17/2016 02:04 AM","SnowPlus Staff","Bob Inabnit"
"Sec 27 - Joliet","1695 Crossroads",713,2,0,2,1h,"02/17/2016 02:04 AM","SnowPlus Staff","Bob Inabnit"
"Sec 27 - Joliet","4001 Rock Creek",713,2,0,2,30m,"02/17/2016 02:03 AM","SnowPlus Staff","Bob Inabnit"
"Sec 27 - Joliet","3311 & 3325 Corporate",713,3,0,2,1h,"02/17/2016 02:03 AM","SnowPlus Staff","Bob Inabnit"
"Sec 17 - Lombard / Oakbrook","Oak brook International","461 ",14,No,5,2,"02/16/2016 08:32 AM","SnowPlus Staff","Jim Rose"
"Sec 29 - Naperville West",Kellogg,762,9,0,4,7,"02/15/2016 02:04 PM","SnowPlus Staff","Scott Erickson"
"Sec 29 - Naperville West","International Paper",762,9,0,4,7,"02/15/2016 02:04 PM","SnowPlus Staff","Scott Erickson"
"Sec 28 - Naperville East","Canterra Commons",762,14,0,4,8,"02/15/2016 02:04 PM","SnowPlus Staff","Scott Erickson"
"Sec 28 - Naperville East","2012 Corporate",762,12,0,4,8,"02/15/2016 02:04 PM","SnowPlus Staff","Scott Erickson"
"Sec 10 - Bolingbrook West","901 Carlow",638,16,0,4,9,"02/15/2016 02:03 PM","SnowPlus Staff","Donato Garcia"
"Sec 10 - Bolingbrook West","1375 Weber",638,12,0,4,7,"02/15/2016 02:03 PM","SnowPlus Staff","Donato Garcia"
"Sec 10 - Bolingbrook West","1601 Remington",638,114,0,4,9,"02/15/2016 02:02 PM","SnowPlus Staff","Donato Garcia"
"Sec 10 - Bolingbrook West","1501 Remington",638,114,0,4,9,"02/15/2016 02:02 PM","SnowPlus Staff","Donato Garcia"
"Sec 10 - Bolingbrook West","1290 Remington",638,11,0,4,8,"02/15/2016 02:02 PM","SnowPlus Staff","Donato Garcia"
"Sec 10 - Bolingbrook West","1101-1109 Windham  2 bldgs",638,10,0,4,7,"02/15/2016 02:02 PM","SnowPlus Staff","Donato Garcia"
"Sec 10 - Bolingbrook West","RR Donnelly",638,16,0,4,8,"02/15/2016 02:01 PM","SnowPlus Staff","Donato Garcia"
"Sec 13 - Romeoville","160 South Creek",594,11,0,4,7,"02/15/2016 02:00 PM","SnowPlus Staff","Mike Jungles"
"Sec 13 - Romeoville","Buffalo Wild Wings and Retail",594,18,0,4,8.5,"02/15/2016 02:00 PM","SnowPlus Staff","Mike Jungles"
"Sec 13 - Romeoville","160 South Creek",594,18,0,4,8.5,"02/15/2016 01:59 PM","SnowPlus Staff","Mike Jungles"
"Sec 12 - Bolingbrook Southwest","710 Theodore",594,7,0,4,6,"02/15/2016 01:59 PM","SnowPlus Staff","Adam Halm"
"Sec 12 - Bolingbrook Southwest","1001 Crossroads",594,13,0,4,8,"02/15/2016 01:59 PM","SnowPlus Staff","Adam Halm"
"Sec 12 - Bolingbrook Southwest","1001 Crossroads",594,13,0,4,8,"02/15/2016 01:58 PM","SnowPlus Staff","Adam Halm"
"Sec 12 - Bolingbrook Southwest","860 Crossroads",431,11,0,4,7,"02/15/2016 01:57 PM","SnowPlus Staff","Adam Halm"
"Sec 12 - Bolingbrook Southwest","775 Prologis",431,13,0,4,8.5,"02/15/2016 01:57 PM","SnowPlus Staff","Adam Halm"
"Sec 12 - Bolingbrook Southwest","760 Crossroads",431,9,0,4,8,"02/15/2016 01:57 PM","SnowPlus Staff","Adam Halm"
"Sec 12 - Bolingbrook Southwest","969 Veterans",431,9,0,4,8,"02/15/2016 01:57 PM","SnowPlus Staff","Adam Halm"
"Sec 14 - Bolingbrook East","555 St James Gate",431,8,0,4,7,"02/15/2016 01:56 PM","SnowPlus Staff","Mike Esposito"
"Sec 14 - Bolingbrook East","333 Gilbralter",431,8,0,4,6,"02/15/2016 01:56 PM","SnowPlus Staff","Mike Esposito"
"Sec 11 - Bolingbrook South","505 Crossroads",837,8,0,4,6.5,"02/15/2016 01:55 PM","SnowPlus Staff","Tom Ustaszewski"
"Sec 11 - Bolingbrook South","400 Crossroads",837,10,0,4,8,"02/15/2016 01:54 PM","SnowPlus Staff","Tom Ustaszewski"
"Sec 11 - Bolingbrook South","1000 Veterans",837,4,0,4,3,"02/15/2016 01:54 PM","SnowPlus Staff","Tom Ustaszewski"
"Sec 11 - Bolingbrook South","1287 Naperville",837,6,0,4,4,"02/15/2016 01:54 PM","SnowPlus Staff","Tom Ustaszewski"
"Sec 09 - Bolingbrook North","850 Veterans",837,12,0,4,7,"02/15/2016 01:53 PM","SnowPlus Staff","Bill Gabris"
"Sec 09 - Bolingbrook North","750 Veterans",837,11,0,4,7,"02/15/2016 01:53 PM","SnowPlus Staff","Tom Ustaszewski"
"Sec 09 - Bolingbrook North","605 Territorial",512,13,0,4,6,"02/15/2016 01:52 PM","SnowPlus Staff","Bill Gabris"
"Sec 09 - Bolingbrook North","655 Remington",512,6,0,4,4,"02/15/2016 01:52 PM","SnowPlus Staff","Bill Gabris"
"Sec 09 - Bolingbrook North","1055 Remington",512,6,0,4,4,"02/15/2016 01:51 PM","SnowPlus Staff","Bill Gabris"
"Sec 09 - Bolingbrook North","500 & 510 Territorial & 1 Northpointe Ct",512,16,0,4,9,"02/15/2016 01:50 PM","SnowPlus Staff","Tom Ustaszewski"
"Sec 09 - Bolingbrook North","595 Territorial",483," 6",0,4,4,"02/15/2016 01:49 PM","SnowPlus Staff","Bill Gabris"
"Sec 09 - Bolingbrook North","606-612 Territorial",483," 12",0,4,6,"02/15/2016 01:49 PM","SnowPlus Staff","Tom Ustaszewski"
"Sec 09 - Bolingbrook North","850 Remington",483," 8",0,4,5,"02/15/2016 01:49 PM","SnowPlus Staff","Tom Ustaszewski"
"Sec 09 - Bolingbrook North","581 Territorial",483," 12",0,4,6,"02/15/2016 01:48 PM","SnowPlus Staff","Tom Ustaszewski"
"Sec 09 - Bolingbrook North","550 West North Frontage Rd",483," 3",0,4,1.5,"02/15/2016 01:47 PM","SnowPlus Staff","Tom Ustaszewski"
"Sec 09 - Bolingbrook North","340 Remington",483," 5",0,4,4,"02/15/2016 01:47 PM","SnowPlus Staff","Tom Ustaszewski"
"Sec 27 - Joliet","3311 & 3325 Corporate",582,11,0,3,"6.5o horas ","02/15/2016 08:28 AM","SnowPlus Staff","Bob Inabnit"
"Sec 27 - Joliet","3311 & 3325 Corporate",582,11,0,3,"6.5o horas ","02/15/2016 08:27 AM","SnowPlus Staff","Bob Inabnit"
"Sec 17 - Lombard / Oakbrook","Oak brook International","461 ",14,No,5,2,"02/15/2016 08:25 AM","SnowPlus Staff","Jim Rose"
"Sec 17 - Lombard / Oakbrook","Oak brook International","461 ",14,No,5,2,"02/15/2016 08:25 AM","SnowPlus Staff","Jim Rose"
"Sec 27 - Joliet","4001 Rock Creek",582,4,0,3,4,"02/15/2016 08:25 AM","SnowPlus Staff","Bob Inabnit"
"Sec 17 - Lombard / Oakbrook","Art Van - Butterfield","461 ",8,No,5,1,"02/15/2016 08:22 AM","SnowPlus Staff","Greg Skonie"
"Sec 27 - Joliet","1695 Crossroads",582,11,0,3,"7.5o horas ","02/15/2016 08:22 AM","SnowPlus Staff","Bob Inabnit"
"Sec 17 - Lombard / Oakbrook","601 Oakmont","461 ",8,No,5,1,"02/15/2016 08:21 AM","SnowPlus Staff","Greg Skonie"
"Sec 17 - Lombard / Oakbrook","1 S 450 Summit","461 ",7,No,5,1,"02/15/2016 08:19 AM","SnowPlus Staff","Greg Skonie"
"Sec 17 - Lombard / Oakbrook","2301-2311 22nd St","461 ",8,No,5,1,"02/15/2016 08:18 AM","SnowPlus Staff","Greg Skonie"
"Sec 27 - Joliet","4001 Rock Creek",582,4,0,2,2,"02/15/2016 08:18 AM","SnowPlus Staff","Bob Inabnit"
"Sec 17 - Lombard / Oakbrook","The Crossings","461 ",10,No,5,1,"02/15/2016 08:17 AM","SnowPlus Staff","Jim Rose"
"Sec 17 - Lombard / Oakbrook","The Crossings","461 ",12,No,3,2,"02/15/2016 08:15 AM","SnowPlus Staff","Jim Rose"
"Sec 17 - Lombard / Oakbrook","601 Oakmont","461 ",No,No,3,1,"02/15/2016 08:15 AM","SnowPlus Staff","Greg Skonie"
"Sec 17 - Lombard / Oakbrook","601 Oakmont","461 ",No,No,3,1,"02/15/2016 08:15 AM","SnowPlus Staff","Greg Skonie"
"Sec 17 - Lombard / Oakbrook","The Crossings",461,12,No,3,2,"02/15/2016 08:15 AM","SnowPlus Staff","Jim Rose"
"Sec 05 - Bedford Park","7301 - 7361 Meade","784# ",9,0,3,3hrs,"02/15/2016 08:14 AM","SnowPlus Staff","Enick Morris"
"Sec 05 - Bedford Park","Art Van - Cicero","784# ",7,0,3,3hrs,"02/15/2016 08:13 AM","SnowPlus Staff","Enick Morris"
"Sec 08 - Berkeley","Melrose Park Center",575,8,3,4,4,"02/15/2016 07:46 AM","SnowPlus Staff","Jim Jungles"
"Sec 08 - Berkeley","4700 Proviso",575,4,2,4,4,"02/15/2016 07:45 AM","SnowPlus Staff","Jim Jungles"
"Sec 08 - Berkeley","5000 Proviso",575,4,2,4,"4,5","02/15/2016 07:44 AM","SnowPlus Staff","Jim Jungles"
"Sec 33 - University Park","Matteson Retail Center",713,5,0,2,2h.15m,"02/15/2016 07:44 AM","SnowPlus Staff","Scott Senne"
"Sec 08 - Berkeley","5200 Proviso",575,3,1,4,2,"02/15/2016 07:43 AM","SnowPlus Staff","Jim Jungles"
"Sec 33 - University Park","UTI Michelin",713,5,0,2,1h.30m,"02/15/2016 07:43 AM","SnowPlus Staff","Scott Senne"
"Sec 33 - University Park","DSC Logistics",713,4,0,2,2h.15m.,"02/15/2016 07:41 AM","SnowPlus Staff","Scott Senne"
"Sec 08 - Berkeley","5300 Proviso",575,4,2,4,4,"02/15/2016 07:40 AM","SnowPlus Staff","Jim Jungles"
"Sec 08 - Berkeley","250 Manhiem",575,4,2,4,2,"02/15/2016 07:39 AM","SnowPlus Staff","Jim Jungles"
"Sec 08 - Berkeley","Melrose Park Center",575,12,4,4,5,"02/15/2016 07:37 AM","SnowPlus Staff","Jim Jungles"
"Sec 08 - Berkeley","250 Manhiem",575,12,4,4,5,"02/15/2016 07:37 AM","SnowPlus Staff","Jim Jungles"
"Sec 08 - Berkeley","4700 Proviso",575,4,1,4,4,"02/15/2016 06:16 AM","SnowPlus Staff","Jim Jungles"
"Sec 09 - Bolingbrook North","1055 Remington",594,3,0,4,.40,"02/15/2016 05:06 AM","SnowPlus Staff","Bill Gabris"
"Sec 12 - Bolingbrook Southwest","710 Theodore",594,3,0,4,.30,"02/15/2016 05:03 AM","SnowPlus Staff","Adam Halm"
"Sec 12 - Bolingbrook Southwest","1001 Crossroads",594,4,0,4,.40,"02/15/2016 05:03 AM","SnowPlus Staff","Adam Halm"
"Sec 12 - Bolingbrook Southwest","775 Prologis",594,5,0,4,.45,"02/15/2016 05:00 AM","SnowPlus Staff","Adam Halm"
"Sec 13 - Romeoville","Buffalo Wild Wings and Retail",594,5,0,4,.40,"02/15/2016 04:57 AM","SnowPlus Staff","Mike Jungles"
"Sec 13 - Romeoville","160 South Creek",594,3,0,4,.30,"02/15/2016 04:54 AM","SnowPlus Staff","Mike Jungles"
"Sec 17 - Lombard / Oakbrook","601 Oakmont",461,No,No,3,1,"02/15/2016 12:24 AM","SnowPlus Staff","Greg Skonie"
"Sec 17 - Lombard / Oakbrook","601 Oakmont","461 ",No,No,3,1,"02/14/2016 11:19 PM","SnowPlus Staff","Greg Skonie"
"Sec 17 - Lombard / Oakbrook","601 Oakmont","461 ",No,No,3,1,"02/14/2016 11:19 PM","SnowPlus Staff","Greg Skonie"
"Sec 17 - Lombard / Oakbrook","The Crossings","461 ",12,No,3,2,"02/14/2016 11:17 PM","SnowPlus Staff","Jim Rose"
"Sec 17 - Lombard / Oakbrook","The Crossings",461,12,No,3,2,"02/14/2016 11:02 PM","SnowPlus Staff","Jim Rose"
"Sec 17 - Lombard / Oakbrook","The Crossings","461 ",12,No,3,2,"02/14/2016 11:01 PM","SnowPlus Staff","Jim Rose"
"Sec 17 - Lombard / Oakbrook","The Crossings","461 ",12,No,3,2,"02/14/2016 11:01 PM","SnowPlus Staff","Jim Rose"
"Sec 17 - Lombard / Oakbrook","The Crossings","461 ",12,No,3,2,"02/14/2016 10:56 PM","SnowPlus Staff","Jim Rose"
"Sec 17 - Lombard / Oakbrook","The Crossings","461 ",12,No,3,2,"02/14/2016 10:56 PM","SnowPlus Staff","Jim Rose"
"Sec 17 - Lombard / Oakbrook","The Crossings","461 ",12,No,3,2,"02/14/2016 10:55 PM","SnowPlus Staff","Jim Rose"
"Sec 17 - Lombard / Oakbrook","The Crossings","461 ",12,No,3,2,"02/14/2016 10:55 PM","SnowPlus Staff","Jim Rose"
"Sec 17 - Lombard / Oakbrook","2301-2311 22nd St","461 ",4,No,3,1,"02/14/2016 10:53 PM","SnowPlus Staff","Greg Skonie"
"Sec 17 - Lombard / Oakbrook","Art Van - Butterfield","461 ",12,No,3,2,"02/14/2016 10:50 PM","SnowPlus Staff","Greg Skonie"
"Sec 33 - University Park","DSC Logistics",713,2,0,2,1h.15m,"02/14/2016 09:33 PM","SnowPlus Staff","Scott Senne"
"Sec 33 - University Park","UTI Michelin",713,1,0,2,1h.15m,"02/14/2016 09:32 PM","SnowPlus Staff","Scott Senne"
"Sec 33 - University Park","Matteson Retail Center",713,8,0,2,2.h45.m,"02/14/2016 09:31 PM","SnowPlus Staff","Scott Senne"
"Sec 13 - Romeoville","Buffalo Wild Wings and Retail",594,2,7,0,.40,"02/14/2016 09:21 PM","SnowPlus Staff","Mike Jungles"
"Sec 13 - Romeoville","160 South Creek",594,2,0,4,.30,"02/14/2016 09:21 PM","SnowPlus Staff","Mike Jungles"
"Sec 13 - Romeoville","Buffalo Wild Wings and Retail",594,2,0,4,.40,"02/14/2016 09:20 PM","SnowPlus Staff","Mike Jungles"
"Sec 13 - Romeoville","160 South Creek",594,2,0,4,.30,"02/14/2016 09:19 PM","SnowPlus Staff","Mike Jungles"
"Sec 12 - Bolingbrook Southwest","710 Theodore",594,2,0,4,.40,"02/14/2016 09:18 PM","SnowPlus Staff","Adam Halm"
"Sec 12 - Bolingbrook Southwest","1001 Crossroads",594,2,0,4,.40,"02/14/2016 09:17 PM","SnowPlus Staff","Adam Halm"
"Sec 12 - Bolingbrook Southwest","860 Crossroads",594,3,0,4,.30,"02/14/2016 09:15 PM","SnowPlus Staff","Adam Halm"
"Sec 12 - Bolingbrook Southwest","775 Prologis",594,2,0,4,.3,"02/14/2016 09:14 PM","SnowPlus Staff","Adam Halm"
"Sec 12 - Bolingbrook Southwest","775 Prologis",594,2,0,4,.3,"02/14/2016 09:12 PM","SnowPlus Staff","Adam Halm"
"Sec 12 - Bolingbrook Southwest","775 Prologis",594,2,0,4,.3,"02/14/2016 09:11 PM","SnowPlus Staff","Adam Halm"
"Sec 12 - Bolingbrook Southwest","775 Prologis",594,2,0,4,.30,"02/14/2016 09:11 PM","SnowPlus Staff","Adam Halm"
"Sec 12 - Bolingbrook Southwest","775 Prologis",594,2,0,4,.30,"02/14/2016 09:11 PM","SnowPlus Staff","Adam Halm"
"Sec 12 - Bolingbrook Southwest","775 Prologis",594,2,0,4,.30,"02/14/2016 09:11 PM","SnowPlus Staff","Adam Halm"
"Sec 12 - Bolingbrook Southwest","775 Prologis",594,2,0,4,.30,"02/14/2016 09:10 PM","SnowPlus Staff","Adam Halm"
"Sec 12 - Bolingbrook Southwest","775 Prologis",594,2,0,4,.30,"02/14/2016 09:10 PM","SnowPlus Staff","Adam Halm"
"Sec 12 - Bolingbrook Southwest","775 Prologis",594,2,0,4,.30,"02/14/2016 09:10 PM","SnowPlus Staff","Adam Halm"
"Sec 12 - Bolingbrook Southwest","775 Prologis",594,2,0,4,.30,"02/14/2016 09:10 PM","SnowPlus Staff","Adam Halm"
"Sec 12 - Bolingbrook Southwest","775 Prologis",594,2,0,4,.30,"02/14/2016 09:10 PM","SnowPlus Staff","Adam Halm"
"Sec 12 - Bolingbrook Southwest","775 Prologis",594,2,0,4,.30,"02/14/2016 09:09 PM","SnowPlus Staff","Adam Halm"
"Sec 12 - Bolingbrook Southwest","775 Prologis",594,2,0,4,.30,"02/14/2016 09:09 PM","SnowPlus Staff","Adam Halm"
"Sec 12 - Bolingbrook Southwest","775 Prologis",594,2,0,4,.30,"02/14/2016 09:09 PM","SnowPlus Staff","Adam Halm"
"Sec 12 - Bolingbrook Southwest","775 Prologis",594,2,0,4,.30,"02/14/2016 09:09 PM","SnowPlus Staff","Adam Halm"
"Sec 12 - Bolingbrook Southwest","775 Prologis",594,2,0,4,.30,"02/14/2016 09:09 PM","SnowPlus Staff","Adam Halm"
"Sec 12 - Bolingbrook Southwest","775 Prologis",594,2,0,4,.30,"02/14/2016 09:08 PM","SnowPlus Staff","Adam Halm"
"Sec 12 - Bolingbrook Southwest","775 Prologis",594,2,0,4,.30,"02/14/2016 09:08 PM","SnowPlus Staff","Adam Halm"
"Sec 12 - Bolingbrook Southwest","775 Prologis",594,2,0,4,.30,"02/14/2016 09:07 PM","SnowPlus Staff","Adam Halm"
"Sec 12 - Bolingbrook Southwest","775 Prologis",594,2,0,4,.30,"02/14/2016 09:07 PM","SnowPlus Staff","Adam Halm"
"Sec 12 - Bolingbrook Southwest","775 Prologis",594,2,0,4,.30,"02/14/2016 09:07 PM","SnowPlus Staff","Adam Halm"
"Sec 12 - Bolingbrook Southwest","775 Prologis",594,2,0,4,.30,"02/14/2016 09:07 PM","SnowPlus Staff","Adam Halm"
"Sec 12 - Bolingbrook Southwest","775 Prologis",594,2,0,4,.30,"02/14/2016 09:07 PM","SnowPlus Staff","Adam Halm"
"Sec 12 - Bolingbrook Southwest","775 Prologis",594,2,0,4,.30,"02/14/2016 09:06 PM","SnowPlus Staff","Adam Halm"
"Sec 12 - Bolingbrook Southwest","775 Prologis",594,2,0,4,.30,"02/14/2016 09:04 PM","SnowPlus Staff","Adam Halm"
"Sec 12 - Bolingbrook Southwest","775 Prologis",594,2,0,4,.30,"02/14/2016 09:04 PM","SnowPlus Staff","Adam Halm"
"Sec 12 - Bolingbrook Southwest","775 Prologis",594,2,0,4,.30,"02/14/2016 09:04 PM","SnowPlus Staff","Adam Halm"
"Sec 12 - Bolingbrook Southwest","775 Prologis",594,2,0,4,.30,"02/14/2016 09:04 PM","SnowPlus Staff","Adam Halm"
"Sec 12 - Bolingbrook Southwest","775 Prologis",594,2,0,4,.30,"02/14/2016 09:03 PM","SnowPlus Staff","Adam Halm"
"Sec 12 - Bolingbrook Southwest","775 Prologis",594,2,0,4,.30,"02/14/2016 09:02 PM","SnowPlus Staff","Adam Halm"
"Sec 12 - Bolingbrook Southwest","775 Prologis",594,2,0,4,.30,"02/14/2016 09:02 PM","SnowPlus Staff","Adam Halm"
"Sec 12 - Bolingbrook Southwest","775 Prologis",594,2,0,4,.30,"02/14/2016 09:02 PM","SnowPlus Staff","Adam Halm"
"Sec 12 - Bolingbrook Southwest","775 Prologis",594,4,0,4,.60,"02/14/2016 08:59 PM","SnowPlus Staff","Adam Halm"
"Sec 13 - Romeoville","Buffalo Wild Wings and Retail",594,5,0,4,1:30,"02/14/2016 08:58 PM","SnowPlus Staff","Mike Jungles"
"Sec 13 - Romeoville","160 South Creek",594,2,0,4,.30,"02/14/2016 08:52 PM","SnowPlus Staff","Mike Jungles"
"Sec 14 - Bolingbrook East","333 Gilbralter",594,2,0,3,.20,"02/14/2016 08:50 PM","SnowPlus Staff","Mike Esposito"
"Sec 14 - Bolingbrook East","333 Gilbralter",594,2,0,3,.20,"02/14/2016 08:50 PM","SnowPlus Staff","Mike Esposito"
"Sec 14 - Bolingbrook East","333 Gilbralter",594,2,0,3,.20,"02/14/2016 08:50 PM","SnowPlus Staff","Mike Esposito"
"Sec 14 - Bolingbrook East","333 Gilbralter",594,2,0,3,.20,"02/14/2016 08:50 PM","SnowPlus Staff","Mike Esposito"
"Sec 14 - Bolingbrook East","333 Gilbralter",594,2,0,3,.20,"02/14/2016 08:50 PM","SnowPlus Staff","Mike Esposito"
"Sec 14 - Bolingbrook East","333 Gilbralter",594,2,0,3,.20,"02/14/2016 08:50 PM","SnowPlus Staff","Mike Esposito"
"Sec 14 - Bolingbrook East","333 Gilbralter",594,2,0,3,.20,"02/14/2016 08:50 PM","SnowPlus Staff","Mike Esposito"
"Sec 14 - Bolingbrook East","333 Gilbralter",594,2,0,3,.20,"02/14/2016 08:50 PM","SnowPlus Staff","Mike Esposito"
"Sec 14 - Bolingbrook East","333 Gilbralter",594,2,0,3,.20,"02/14/2016 08:50 PM","SnowPlus Staff","Mike Esposito"
"Sec 27 - Joliet","3311 & 3325 Corporate",13,1,0,2,30,"02/10/2016 12:02 PM","SnowPlus Staff","Bob Inabnit"
"Sec 27 - Joliet","4001 Rock Creek",713,0,0,2,30,"02/10/2016 12:01 PM","SnowPlus Staff","Bob Inabnit"
"Sec 27 - Joliet","1695 Crossroads",713,0,0,2,30m,"02/10/2016 12:00 PM","SnowPlus Staff","Bob Inabnit"
"Sec 33 - University Park","DSC Logistics",713,1,0,2,1,"02/10/2016 11:59 AM","SnowPlus Staff","Scott Senne"
"Sec 33 - University Park","UTI Michelin",713,1,0,2,1h,"02/10/2016 11:59 AM","SnowPlus Staff","Scott Senne"
"Sec 33 - University Park","Matteson Retail Center",713,1,0,2,30m,"02/10/2016 11:58 AM","SnowPlus Staff","Scott Senne"
"Sec 14 - Bolingbrook East","555 St James Gate",594,3,0,2,".45 minutes ","02/10/2016 11:47 AM","SnowPlus Staff","Mike Esposito"
"Sec 14 - Bolingbrook East","254 Internationale",594,9,0,2,"3 hours ","02/10/2016 11:47 AM","SnowPlus Staff","Mike Esposito"
"Sec 14 - Bolingbrook East","333 Gilbralter",594,7,0,2,"2.30 minutes ","02/10/2016 11:46 AM","SnowPlus Staff","Mike Esposito"
"Sec 13 - Romeoville","Buffalo Wild Wings and Retail",594,14,0,2,"4 hours ","02/10/2016 11:46 AM","SnowPlus Staff","Mike Jungles"
"Sec 13 - Romeoville","160 South Creek",594,9,0,2,"3 hours ","02/10/2016 11:45 AM","SnowPlus Staff","Mike Jungles"
"Sec 12 - Bolingbrook Southwest","710 Theodore",594,6,0,2,"2 hours ","02/10/2016 11:45 AM","SnowPlus Staff","Adam Halm"
"Sec 12 - Bolingbrook Southwest","1001 Crossroads",594,9,0,2,"3 hours ","02/10/2016 11:45 AM","SnowPlus Staff","Adam Halm"
"Sec 12 - Bolingbrook Southwest","860 Crossroads",594,7,0,2,"2 hours ","02/10/2016 11:45 AM","SnowPlus Staff","Adam Halm"
"Sec 12 - Bolingbrook Southwest","775 Prologis",594,9,0,2,"3 hours ","02/10/2016 11:44 AM","SnowPlus Staff","Adam Halm"
"Sec 12 - Bolingbrook Southwest","760 Crossroads",837,7,0,2,"2 hours ","02/10/2016 11:44 AM","SnowPlus Staff","Adam Halm"
"Sec 12 - Bolingbrook Southwest","969 Veterans",837,7,0,2,"2 hours ","02/10/2016 11:43 AM","SnowPlus Staff","Adam Halm"
"Sec 11 - Bolingbrook South","1287 Naperville",837,4,0,2,"1.30 minutes ","02/10/2016 11:43 AM","SnowPlus Staff","Tom Ustaszewski"
"Sec 11 - Bolingbrook South","1000 Veterans",837,2,0,2,1,"02/10/2016 11:43 AM","SnowPlus Staff","Tom Ustaszewski"
"Sec 11 - Bolingbrook South","505 Crossroads",837,7,0,2,"2.30 minutes ","02/10/2016 11:42 AM","SnowPlus Staff","Tom Ustaszewski"
"Sec 11 - Bolingbrook South","400 Crossroads",837,9,0,2,3,"02/10/2016 11:42 AM","SnowPlus Staff","Tom Ustaszewski"
"Sec 10 - Bolingbrook West","901 Carlow",638,14,0,2,"4 hour ","02/10/2016 11:42 AM","SnowPlus Staff","Donato Garcia"
"Sec 10 - Bolingbrook West","1375 Weber",638,9,0,2,"3 hours ","02/10/2016 11:41 AM","SnowPlus Staff","Donato Garcia"
"Sec 10 - Bolingbrook West","1601 Remington",638,11,0,2,"3.30 minutes ","02/10/2016 11:41 AM","SnowPlus Staff","Donato Garcia"
"Sec 10 - Bolingbrook West","1501 Remington",638,11,0,2,"3.30 minutes ","02/10/2016 11:41 AM","SnowPlus Staff","Donato Garcia"
"Sec 10 - Bolingbrook West","1290 Remington",638,9,0,2,3,"02/10/2016 11:40 AM","SnowPlus Staff","Donato Garcia"
"Sec 10 - Bolingbrook West","1101-1109 Windham  2 bldgs",638,7,0,2,3,"02/10/2016 11:40 AM","SnowPlus Staff","Donato Garcia"
"Sec 10 - Bolingbrook West","RR Donnelly",638,9,0,2,"3.30 minutes ","02/10/2016 11:40 AM","SnowPlus Staff","Donato Garcia"
"Sec 10 - Bolingbrook West","RR Donnelly",638,9,0,2,"3.30 mo","02/10/2016 11:40 AM","SnowPlus Staff","Donato Garcia"
"Sec 09 - Bolingbrook North","1055 Remington",512,1,0,2,1,"02/10/2016 11:39 AM","SnowPlus Staff","Bill Gabris"
"Sec 09 - Bolingbrook North","850 Veterans",512,7,0,2,3,"02/10/2016 11:38 AM","SnowPlus Staff","Bill Gabris"
"Sec 09 - Bolingbrook North","605 Territorial",512,8,0,2,3,"02/10/2016 11:38 AM","SnowPlus Staff","Bill Gabris"
"Sec 09 - Bolingbrook North","595 Territorial",512,3,0,2,"1.30 minutes ","02/10/2016 11:38 AM","SnowPlus Staff","Bill Gabris"
"Sec 09 - Bolingbrook North","655 Remington",483,2,0,2,1,"02/10/2016 11:37 AM","SnowPlus Staff","Bill Gabris"
"Sec 09 - Bolingbrook North","750 Veterans",512,6,0,2,"3 hours","02/10/2016 11:36 AM","SnowPlus Staff","Tom Ustaszewski"
"Sec 09 - Bolingbrook North","500 & 510 Territorial & 1 Northpointe Ct",483,12,0,2,"3hours ","02/10/2016 11:36 AM","SnowPlus Staff","Tom Ustaszewski"
"Sec 09 - Bolingbrook North","606-612 Territorial",483,9,0,2,"2.30 minutes ","02/10/2016 11:35 AM","SnowPlus Staff","Tom Ustaszewski"
"Sec 09 - Bolingbrook North","850 Remington",483,6,0,2,"2 hours","02/10/2016 11:35 AM","SnowPlus Staff","Tom Ustaszewski"
"Sec 09 - Bolingbrook North","581 Territorial",483,6,0,2,"2.30 minutes ","02/10/2016 11:34 AM","SnowPlus Staff","Tom Ustaszewski"
"Sec 09 - Bolingbrook North","340 Remington",483,3,0,2,1,"02/10/2016 11:34 AM","SnowPlus Staff","Tom Ustaszewski"
"Sec 09 - Bolingbrook North","Bolingbrook North Overview",483,2,0,2,"30 minutes ","02/10/2016 11:33 AM","SnowPlus Staff","Bill Gabris"
"Sec 17 - Lombard / Oakbrook","601 Oakmont","461 ",No,No,3,"20 minutos ","02/10/2016 05:10 AM","SnowPlus Staff","Greg Skonie"
"Sec 17 - Lombard / Oakbrook","The Crossings","461 ",1,"No ",3,"20 minutos ","02/10/2016 05:08 AM","SnowPlus Staff","Jim Rose"
"Sec 17 - Lombard / Oakbrook","2301-2311 22nd St",461,1,No,3,"20 minutos ","02/10/2016 05:06 AM","SnowPlus Staff","Greg Skonie"
"Sec 17 - Lombard / Oakbrook","1 S 450 Summit","461 ",1,No,3,"20 minutos ","02/10/2016 05:04 AM","SnowPlus Staff","Greg Skonie"
"Sec 17 - Lombard / Oakbrook","Oak brook International","461 ",1,No,3,"20 minutos ","02/10/2016 05:00 AM","SnowPlus Staff","Jim Rose"
"Sec 17 - Lombard / Oakbrook","Art Van - Butterfield","461 ",1,No,3,"20 minutos","02/10/2016 04:56 AM","SnowPlus Staff","Greg Skonie"
"Sec 17 - Lombard / Oakbrook","Art Van - Butterfield","461 ",8,No,4,1,"02/10/2016 04:51 AM","SnowPlus Staff","Greg Skonie"
"Sec 10 - Bolingbrook West","901 Carlow",2005,16,0,3,6,"02/09/2016 08:42 PM","SnowPlus Staff","Donato Garcia"
"Sec 10 - Bolingbrook West","1375 Weber",2005,9,0,3,5,"02/09/2016 08:42 PM","SnowPlus Staff","Donato Garcia"
"Sec 10 - Bolingbrook West","1601 Remington",2005,12,0,3,6,"02/09/2016 08:42 PM","SnowPlus Staff","Donato Garcia"
"Sec 10 - Bolingbrook West","1501 Remington",2005,12,0,3,6,"02/09/2016 08:41 PM","SnowPlus Staff","Donato Garcia"
"Sec 10 - Bolingbrook West","1501 Remington",2005,12,0,3,4.6,"02/09/2016 08:41 PM","SnowPlus Staff","Donato Garcia"
"Sec 10 - Bolingbrook West","1290 Remington",2005,9,0,3,4.5,"02/09/2016 08:41 PM","SnowPlus Staff","Donato Garcia"
"Sec 10 - Bolingbrook West","1101-1109 Windham  2 bldgs",2005,8,0,3,4.5,"02/09/2016 08:41 PM","SnowPlus Staff","Donato Garcia"
"Sec 10 - Bolingbrook West","RR Donnelly",2005,13,0,3,6,"02/09/2016 08:40 PM","SnowPlus Staff","Donato Garcia"
