Location,Property,"Numero de empleado","Bolsas de sal que se usado?","Bolsas de calcio usado?","Total de personas en propiedad?","Total de Horas de trabajo?","Submission Date","Submitted By","Assigned To"
"Sec 17 - Lombard / Oakbrook","Art Van - Butterfield",461,4,1,4,6,"2015-12-23 10:58:52","SnowPlus Staff","Greg Skonie"
"Sec 17 - Lombard / Oakbrook","Oak brook International",461,4,2,4,6,"2015-12-23 10:59:44","SnowPlus Staff","Jim Rose"
"Sec 17 - Lombard / Oakbrook","601 Oakmont",461,4,2,4,5,"2015-12-23 11:01:00","SnowPlus Staff","Greg Skonie"
"Sec 17 - Lombard / Oakbrook","Eisenhower Buildings",2,3,2,1,1,"2015-12-23 11:02:54","SnowPlus Staff","Greg Skonie"
"Sec 17 - Lombard / Oakbrook","Art Van - Butterfield",7,6,5,4,3,"2015-12-23 11:03:39","SnowPlus Staff","Greg Skonie"
"Sec 17 - Lombard / Oakbrook","1 S 450 Summit",5,4,5,3,2,"2015-12-23 11:04:26","SnowPlus Staff","Greg Skonie"
"Sec 05 - Bedford Park","Northstar Aerospace",215,4,6,4,2,"2015-12-25 17:59:03","SnowPlus Staff","Enick Morris"
"Sec 05 - Bedford Park","Art Van - Cicero",215,3,5,4,4,"2015-12-25 17:59:46","SnowPlus Staff","Enick Morris"
"Sec 12 - Bolingbrook Southwest","775 Prologis",594,3,1,4,4,"2015-12-26 12:51:53","SnowPlus Staff","Adam Halm"
"Sec 05 - Bedford Park","7301 - 7361 Meade",215,43,0,4,2hrs,"2015-12-26 13:44:14","SnowPlus Staff","Enick Morris"
"Sec 27 - Joliet","3311 & 3325 Corporate",454,9,2,3,8,"2015-12-26 17:15:26","SnowPlus Staff","Bob Inabnit"
"Sec 27 - Joliet","4001 Rock Creek",454,6,1,3,6,"2015-12-26 17:17:33","SnowPlus Staff","Bob Inabnit"
"Sec 10 - Bolingbrook West","RR Donnelly",638,10,3,4,2,"2015-12-26 22:37:28","SnowPlus Staff","Donato Garcia"
"Sec 09 - Bolingbrook North","850 Veterans",215,9,0,4,4,"2015-12-27 12:24:53","SnowPlus Staff","Bill Gabris"
"Sec 28 - Naperville East","Canterra Commons",686,6,0,4,4,"2015-12-27 12:43:35","SnowPlus Staff","Scott Erickson"
"Sec 29 - Naperville West","220 Frontenac",678,9,0,4,5,"2015-12-27 17:28:29","SnowPlus Staff","Mito Sopko"
"Sec 33 - University Park","DSC Logistics",430,9,1,3,5,"2015-12-27 17:56:34","SnowPlus Staff","Scott Senne"
"Sec 33 - University Park","UTI Michelin",430,4,1,3,6,"2015-12-27 17:57:55","SnowPlus Staff","Scott Senne"
"Sec 01 - Addison","350 Rohlwing - Vanport Warehousing",419,9,0,3,4.5,"2015-12-27 20:53:29","SnowPlus Staff","Wally Sternberg"
"Sec 01 - Addison","Devry University",419,7,0,3,4,"2015-12-27 20:54:39","SnowPlus Staff","Wally Sternberg"
"Sec 25 - Glendale Heights","1601 & 1625 Fullerton",419,5,0,3,6,"2015-12-27 20:56:58","SnowPlus Staff","Paul Steinhauer"
"Sec 13 - Romeoville","160 South Creek",594,4,0,3,.25,"2015-12-28 06:23:36","SnowPlus Staff","Mike Jungles"
"Sec 13 - Romeoville","Buffalo Wild Wings and Retail",594,4,0,3,.30,"2015-12-28 06:25:35","SnowPlus Staff","Mike Jungles"
"Sec 12 - Bolingbrook Southwest","1001 Crossroads",594,3,0,3,.20,"2015-12-28 06:27:33","SnowPlus Staff","Adam Halm"
"Sec 12 - Bolingbrook Southwest","710 Theodore",594,2,0,3,.20,"2015-12-28 06:28:32","SnowPlus Staff","Adam Halm"
"Sec 12 - Bolingbrook Southwest","1115 Hosler Dr",594,1,0,3,.15,"2015-12-28 06:30:00","SnowPlus Staff","Adam Halm"
"Sec 12 - Bolingbrook Southwest","860 Crossroads",594,3,0,3,.20,"2015-12-28 06:31:05","SnowPlus Staff","Adam Halm"
"Sec 12 - Bolingbrook Southwest","775 Prologis",594,3,0,3,.30,"2015-12-28 06:31:50","SnowPlus Staff","Adam Halm"
"Sec 13 - Romeoville","160 South Creek",594,2,0,4,.20,"2015-12-28 06:35:44","SnowPlus Staff","Mike Jungles"
"Sec 13 - Romeoville","160 South Creek",594,2,0,4,.20,"2015-12-28 06:37:57","SnowPlus Staff","Mike Jungles"
"Sec 13 - Romeoville","Buffalo Wild Wings and Retail",594,2,0,4,.20,"2015-12-28 06:40:49","SnowPlus Staff","Mike Jungles"
"Sec 12 - Bolingbrook Southwest","1001 Crossroads",594,4,0,4,.30,"2015-12-28 06:44:20","SnowPlus Staff","Adam Halm"
"Sec 12 - Bolingbrook Southwest","710 Theodore",594,2,0,4,.20,"2015-12-28 07:25:05","SnowPlus Staff","Adam Halm"
"Sec 12 - Bolingbrook Southwest","1115 Hosler Dr",594,2,0,4,.20,"2015-12-28 07:28:51","SnowPlus Staff","Adam Halm"
"Sec 12 - Bolingbrook Southwest","860 Crossroads",594,3,0,4,.30,"2015-12-28 07:30:28","SnowPlus Staff","Adam Halm"
"Sec 09 - Bolingbrook North","550 West North Frontage Rd",512,3,0,3,1,"2015-12-28 07:50:50","SnowPlus Staff","Bill Gabris"
"Sec 09 - Bolingbrook North","340 Remington",512,5,0,3,1,"2015-12-28 07:51:32","SnowPlus Staff","Bill Gabris"
"Sec 09 - Bolingbrook North","581 Territorial",512,8,0,3,2,"2015-12-28 07:52:20","SnowPlus Staff","Bill Gabris"
"Sec 09 - Bolingbrook North","850 Remington",512,7,0,3,2,"2015-12-28 07:53:17","SnowPlus Staff","Bill Gabris"
"Sec 09 - Bolingbrook North","606-612 Territorial",512,8,0,3,2,"2015-12-28 07:54:42","SnowPlus Staff","Bill Gabris"
"Sec 12 - Bolingbrook Southwest","775 Prologis",594,4,0,4,.45,"2015-12-28 07:55:16","SnowPlus Staff","Adam Halm"
"Sec 09 - Bolingbrook North","500 & 510 Territorial & 1 Northpointe Ct",512,16,0,3,2,"2015-12-28 07:56:46","SnowPlus Staff","Bill Gabris"
"Sec 09 - Bolingbrook North","655 Remington",512,3,0,3,1,"2015-12-28 07:57:52","SnowPlus Staff","Bill Gabris"
"Sec 09 - Bolingbrook North","595 Territorial",512,6,0,3,1.5,"2015-12-28 07:58:45","SnowPlus Staff","Bill Gabris"
"Sec 09 - Bolingbrook North","605 Territorial",512,12,0,3,2.5,"2015-12-28 07:59:48","SnowPlus Staff","Bill Gabris"
"Sec 09 - Bolingbrook North","1055 Remington",512,4,0,3,1.5,"2015-12-28 08:00:31","SnowPlus Staff","Bill Gabris"
"Sec 11 - Bolingbrook South","400 Crossroads",837,7,0,3,1.5,"2015-12-28 08:19:37","SnowPlus Staff","Tom Ustaszewski"
"Sec 10 - Bolingbrook West","RR Donnelly",638,6,0,3,2.15,"2015-12-28 08:20:38","SnowPlus Staff","Donato Garcia"
"Sec 11 - Bolingbrook South","505 Crossroads",837,6,0,3,1.5,"2015-12-28 08:21:12","SnowPlus Staff","Tom Ustaszewski"
"Sec 11 - Bolingbrook South","1000 Veterans",837,3,0,3,1,"2015-12-28 08:24:29","SnowPlus Staff","Tom Ustaszewski"
"Sec 10 - Bolingbrook West","1101-1109 Windham  2 bldgs",638,6,0,2,1,"2015-12-28 08:26:54","SnowPlus Staff","Donato Garcia"
"Sec 11 - Bolingbrook South","1287 Naperville",837,6,0,0,1,"2015-12-28 08:27:01","SnowPlus Staff","Tom Ustaszewski"
"Sec 10 - Bolingbrook West","1101-1109 Windham  2 bldgs",638,6,0,3,1.5,"2015-12-28 08:28:56","SnowPlus Staff","Donato Garcia"
"Sec 14 - Bolingbrook East","333 Gilbralter",837,8,0,3,1.5,"2015-12-28 08:29:35","SnowPlus Staff","Mike Esposito"
"Sec 14 - Bolingbrook East","555 St James Gate",837,4,0,3,.45,"2015-12-28 08:31:48","SnowPlus Staff","Mike Esposito"
"Sec 14 - Bolingbrook East","254 Internationale",837,8,0,3,2,"2015-12-28 08:32:28","SnowPlus Staff","Mike Esposito"
"Sec 10 - Bolingbrook West","1375 Weber",638,7,0,3,1.5,"2015-12-28 08:33:42","SnowPlus Staff","Donato Garcia"
"Sec 12 - Bolingbrook Southwest","969 Veterans",675,9,0,3,2,"2015-12-28 08:34:23","SnowPlus Staff","Adam Halm"
"Sec 12 - Bolingbrook Southwest","760 Crossroads",675,9,0,3,2.30,"2015-12-28 08:35:34","SnowPlus Staff","Adam Halm"
"Sec 12 - Bolingbrook Southwest","760 Crossroads",675,9,0,3,2,"2015-12-28 08:36:45","SnowPlus Staff","Adam Halm"
"Sec 10 - Bolingbrook West","1290 Remington",638,5,0,3,1.5,"2015-12-28 08:37:01","SnowPlus Staff","Donato Garcia"
"Sec 28 - Naperville East","Canterra Commons",762#,4,O,4,6,"2015-12-28 08:39:29","SnowPlus Staff","Scott Erickson"
"Sec 09 - Bolingbrook North","750 Veterans",675,9,0,3,2,"2015-12-28 08:40:17","SnowPlus Staff","Bill Gabris"
"Sec 28 - Naperville East","2012 Corporate",762#,4,O,4,6,"2015-12-28 08:41:05","SnowPlus Staff","Scott Erickson"
"Sec 28 - Naperville East","2012 Corporate",762#,4,O,4,6,"2015-12-28 08:42:05","SnowPlus Staff","Scott Erickson"
"Sec 09 - Bolingbrook North","850 Veterans",675,9,0,3,2.5,"2015-12-28 08:42:20","SnowPlus Staff","Bill Gabris"
"Sec 10 - Bolingbrook West","1501 Remington",638,6,0,3,1,"2015-12-28 08:46:20","SnowPlus Staff","Donato Garcia"
"Sec 28 - Naperville East","2012 Corporate","762# ",6,O,4,6,"2015-12-28 08:46:54","SnowPlus Staff","Scott Erickson"
"Sec 10 - Bolingbrook West","1601 Remington",638,6,0,3,2.15,"2015-12-28 08:49:23","SnowPlus Staff","Donato Garcia"
"Sec 29 - Naperville West",Kellogg,"762# ",4,O,4,5,"2015-12-28 08:53:27","SnowPlus Staff","Scott Erickson"
"Sec 29 - Naperville West","International Paper","762# ",4,O,4,6,"2015-12-28 08:56:00","SnowPlus Staff","Scott Erickson"
"Sec 08 - Berkley","250 Manhiem",575,10,0,4,8,"2015-12-28 08:58:29","SnowPlus Staff","Jim Jungles"
"Sec 08 - Berkley","4700 Proviso","575 ",12,0,4,8,"2015-12-28 09:35:42","SnowPlus Staff","Jim Jungles"
