Location,Property,"Employee Number","Submission Date","Submitted By","Assigned To"
"Sec 22 - Elgin",Chase,772,"2015-12-28 13:32:00","SnowPlus Staff","Freddy Martin"
"Sec 29 - Naperville West","International Paper",806,"2015-12-28 13:28:46","SnowPlus Staff","Scott Erickson"
"Sec 29 - Naperville West",Kellogg,806,"2015-12-28 13:28:15","SnowPlus Staff","Scott Erickson"
"Sec 18 - Mt. Prospect-Glenview","1471 Business Center",51,"2015-12-28 13:26:36","SnowPlus Staff","Bobby Gomez"
"Sec 08 - Berkley","5300 Proviso",381,"2015-12-28 13:25:15","SnowPlus Staff","Jim Jungles"
"Sec 22 - Elgin","2700 Alft",772,"2015-12-28 13:21:15","SnowPlus Staff","Freddy Martin"
"Sec 25 - Glendale Heights","1620 & 1640 Fullerton Ct",181,"2015-12-28 13:20:57","SnowPlus Staff","Paul Steinhauer"
"Sec 22 - Elgin","2700 Alft",772,"2015-12-28 13:20:49","SnowPlus Staff","Freddy Martin"
"Sec 20 - Elk Grove Village North","Regent O'Hare Building Industrial Center",107,"2015-12-28 13:16:29","SnowPlus Staff","Ernie Vargas"
"Sec 20 - Elk Grove Village North","Regent O'Hare Building E & F",107,"2015-12-28 13:15:52","SnowPlus Staff","Ernie Vargas"
"Sec 20 - Elk Grove Village North","Regent O'Hare Building E & F",107,"2015-12-28 13:15:08","SnowPlus Staff","Ernie Vargas"
"Sec 20 - Elk Grove Village North","Regent O'Hare Building A",107,"2015-12-28 13:14:42","SnowPlus Staff","Ernie Vargas"
"Sec 20 - Elk Grove Village North","Regent O'Hare Building B",107,"2015-12-28 13:14:14","SnowPlus Staff","Ernie Vargas"
"Sec 20 - Elk Grove Village North","Tech Center I",107,"2015-12-28 13:13:45","SnowPlus Staff","Ernie Vargas"
"Sec 27 - Joliet","3311 & 3325 Corporate",515,"2015-12-28 13:13:12","SnowPlus Staff","Bob Inabnit"
"Sec 20 - Elk Grove Village North","1800 Landmeier",107,"2015-12-28 13:12:59","SnowPlus Staff","Ernie Vargas"
"Sec 20 - Elk Grove Village North","Tech Center II",107,"2015-12-28 13:12:19","SnowPlus Staff","Ernie Vargas"
"Sec 20 - Elk Grove Village North","Tech Center II",107,"2015-12-28 13:11:38","SnowPlus Staff","Ernie Vargas"
"Sec 20 - Elk Grove Village North","951 Fargo",107,"2015-12-28 13:10:48","SnowPlus Staff","Ernie Vargas"
"Sec 20 - Elk Grove Village North","951 Fargo",107,"2015-12-28 13:09:40","SnowPlus Staff","Ernie Vargas"
"Sec 19 - Elk Grove Village","2781 Katherine",879,"2015-12-28 13:08:46","SnowPlus Staff","Ernie Vargas"
"Sec 19 - Elk Grove Village","1350 Kirk",773,"2015-12-28 13:07:07","SnowPlus Staff","Ernie Vargas"
"Sec 19 - Elk Grove Village","1201 Kirk",773,"2015-12-28 13:06:43","SnowPlus Staff","Ernie Vargas"
"Sec 19 - Elk Grove Village","2901 Lively",773,"2015-12-28 13:05:55","SnowPlus Staff","Ernie Vargas"
"Sec 03 - Aurora","3901 Liberty",329,"2015-12-28 12:59:16","SnowPlus Staff","Mito Sopko"
"Sec 03 - Aurora","4394 Liberty",329,"2015-12-28 12:58:49","SnowPlus Staff","Mito Sopko"
"Sec 03 - Aurora","4394 Liberty",329,"2015-12-28 12:58:39","SnowPlus Staff","Mito Sopko"
"Sec 19 - Elk Grove Village","1201 Kirk",879,"2015-12-28 12:52:43","SnowPlus Staff","Ernie Vargas"
"Sec 19 - Elk Grove Village","2901 Lively",773,"2015-12-28 12:52:15","SnowPlus Staff","Ernie Vargas"
"Sec 22 - Elgin","901 Weseman",772,"2015-12-28 12:49:54","SnowPlus Staff","Freddy Martin"
"Sec 14 - Bolingbrook East","254 Internationale",844,"2015-12-28 12:49:39","SnowPlus Staff","Mike Esposito"
"Sec 16 - Carol Stream West","Wheaton Sports Center",723,"2015-12-28 12:43:23","SnowPlus Staff","Leo Vargas"
"Sec 27 - Joliet","4001 Rock Creek",515,"2015-12-28 12:40:39","SnowPlus Staff","Bob Inabnit"
"Sec 25 - Glendale Heights","699 Regency",181,"2015-12-28 12:33:16","SnowPlus Staff","Paul Steinhauer"
"Sec 29 - Naperville West","220 Frontenac",806,"2015-12-28 12:31:09","SnowPlus Staff","Mito Sopko"
"Sec 29 - Naperville West",Kellogg,806,"2015-12-28 12:30:30","SnowPlus Staff","Scott Erickson"
"Sec 29 - Naperville West","International Paper",806,"2015-12-28 12:29:39","SnowPlus Staff","Scott Erickson"
"Sec 19 - Elk Grove Village","1100 Thorndale",773,"2015-12-28 12:29:34","SnowPlus Staff","Ernie Vargas"
"Sec 19 - Elk Grove Village","1100 Thorndale",773,"2015-12-28 12:29:29","SnowPlus Staff","Ernie Vargas"
"Sec 19 - Elk Grove Village","1100 Thorndale",879,"2015-12-28 12:29:17","SnowPlus Staff","Ernie Vargas"
"Sec 19 - Elk Grove Village","900 Thorndale",773,"2015-12-28 12:29:03","SnowPlus Staff","Ernie Vargas"
"Sec 19 - Elk Grove Village","2700 Carl",773,"2015-12-28 12:28:41","SnowPlus Staff","Ernie Vargas"
"Sec 19 - Elk Grove Village","2800 Carl",879,"2015-12-28 12:28:29","SnowPlus Staff","Ernie Vargas"
"Sec 19 - Elk Grove Village","2800 Carl",773,"2015-12-28 12:28:21","SnowPlus Staff","Ernie Vargas"
"Sec 19 - Elk Grove Village","2521 Lively",773,"2015-12-28 12:28:08","SnowPlus Staff","Ernie Vargas"
"Sec 19 - Elk Grove Village","1601 Pratt",879,"2015-12-28 12:27:37","SnowPlus Staff","Ernie Vargas"
"Sec 19 - Elk Grove Village","1501 Pratt",773,"2015-12-28 12:27:16","SnowPlus Staff","Ernie Vargas"
"Sec 07 - Bensenville","1141 Ellis",773,"2015-12-28 12:26:07","SnowPlus Staff","Ernie Vargas"
"Sec 07 - Bensenville","1141 Ellis",773,"2015-12-28 12:25:23","SnowPlus Staff","Ernie Vargas"
"Sec 07 - Bensenville","1141 Ellis",773,"2015-12-28 12:24:44","SnowPlus Staff","Ernie Vargas"
"Sec 07 - Bensenville","1141 Ellis",773,"2015-12-28 12:24:44","SnowPlus Staff","Ernie Vargas"
"Sec 07 - Bensenville","1141 Ellis",773,"2015-12-28 12:23:23","SnowPlus Staff","Ernie Vargas"
"Sec 08 - Berkley","Melrose Park Center",894,"2015-12-28 12:23:04","SnowPlus Staff","Jim Jungles"
"Sec 07 - Bensenville","1141 Ellis",773,"2015-12-28 12:22:58","SnowPlus Staff","Ernie Vargas"
"Sec 07 - Bensenville","1141 Ellis",773,"2015-12-28 12:22:15","SnowPlus Staff","Ernie Vargas"
"Sec 07 - Bensenville","1141 Ellis",773,"2015-12-28 12:20:46","SnowPlus Staff","Ernie Vargas"
"Sec 30 - Lisle / Warrenville","Univ. Tech Institute",501,"2015-12-28 12:11:00","SnowPlus Staff","Jose Legaspi"
"Sec 07 - Bensenville","1141 Ellis",773,"2015-12-28 12:03:02","SnowPlus Staff","Ernie Vargas"
"Sec 07 - Bensenville","1141 Ellis",773,"2015-12-28 12:03:01","SnowPlus Staff","Ernie Vargas"
"Sec 18 - Mt. Prospect-Glenview","1000 Milwaukee",51,"2015-12-28 12:01:25","SnowPlus Staff","Bobby Gomez"
"Sec 27 - Joliet","1695 Crossroads",515,"2015-12-28 11:58:34","SnowPlus Staff","Bob Inabnit"
"Sec 14 - Bolingbrook East","333 Gilbralter",844,"2015-12-28 11:55:50","SnowPlus Staff","Mike Esposito"
"Sec 07 - Bensenville","1141 Ellis",773,"2015-12-28 11:53:24","SnowPlus Staff","Ernie Vargas"
"Sec 07 - Bensenville","1141 Ellis",773,"2015-12-28 11:53:07","SnowPlus Staff","Ernie Vargas"
"Sec 22 - Elgin","1111 Davis",772,"2015-12-28 11:52:55","SnowPlus Staff","Freddy Martin"
"Sec 30 - Lisle / Warrenville","Univ. Tech Institute",501,"2015-12-28 11:50:19","SnowPlus Staff","Jose Legaspi"
"Sec 03 - Aurora","3505 Thayer",329,"2015-12-28 11:43:21","SnowPlus Staff","Mito Sopko"
"Sec 08 - Berkley","250 Manhiem",89,"2015-12-28 11:41:50","SnowPlus Staff","Jim Jungles"
"Sec 22 - Elgin","1675 Holmes",772,"2015-12-28 11:33:28","SnowPlus Staff","Freddy Martin"
"Sec 07 - Bensenville","201 Hansen",773,"2015-12-28 11:33:10","SnowPlus Staff","Ernie Vargas"
"Sec 07 - Bensenville","201 Hansen",773,"2015-12-28 11:33:10","SnowPlus Staff","Ernie Vargas"
"Sec 07 - Bensenville","1141 Ellis",773,"2015-12-28 11:33:10","SnowPlus Staff","Ernie Vargas"
"Sec 07 - Bensenville","1141 Ellis",773,"2015-12-28 11:33:09","SnowPlus Staff","Ernie Vargas"
"Sec 07 - Bensenville","1141 Ellis",773,"2015-12-28 11:33:04","SnowPlus Staff","Ernie Vargas"
"Sec 07 - Bensenville","1141 Ellis",773,"2015-12-28 11:32:31","SnowPlus Staff","Ernie Vargas"
"Sec 07 - Bensenville","1141 Ellis",773,"2015-12-28 11:31:52","SnowPlus Staff","Ernie Vargas"
"Sec 07 - Bensenville","1141 Ellis",773,"2015-12-28 11:31:47","SnowPlus Staff","Ernie Vargas"
"Sec 07 - Bensenville","201 Hansen",773,"2015-12-28 11:29:59","SnowPlus Staff","Ernie Vargas"
"Sec 07 - Bensenville","201 Hansen",773,"2015-12-28 11:29:52","SnowPlus Staff","Ernie Vargas"
"Sec 03 - Aurora","4151 McCoy",329,"2015-12-28 11:28:00","SnowPlus Staff","Mito Sopko"
"Sec 03 - Aurora","3901 Liberty",329,"2015-12-28 11:27:10","SnowPlus Staff","Mito Sopko"
"Sec 04 - Aurora West / Batavia","2401 Kaneville Rd",961,"2015-12-28 11:25:44","SnowPlus Staff",
"Sec 16 - Carol Stream West","Fresh Markets",723,"2015-12-28 11:20:53","SnowPlus Staff","Leo Vargas"
"Sec 24 - Elmhurst","777 Church",466,"2015-12-28 11:20:11","SnowPlus Staff","Jim Jungles"
"Sec 24 - Elmhurst","949 - 853 Larch",466,"2015-12-28 11:19:56","SnowPlus Staff","Jim Jungles"
"Sec 22 - Elgin","2700 Alft",772,"2015-12-28 11:09:27","SnowPlus Staff","Freddy Martin"
"Sec 09 - Bolingbrook North","1055 Remington",361,"2015-12-28 11:03:08","SnowPlus Staff","Bill Gabris"
"Sec 09 - Bolingbrook North","850 Veterans",361,"2015-12-28 11:02:57","SnowPlus Staff","Bill Gabris"
"Sec 09 - Bolingbrook North","605 Territorial",361,"2015-12-28 11:02:49","SnowPlus Staff","Bill Gabris"
"Sec 09 - Bolingbrook North","595 Territorial",361,"2015-12-28 11:02:40","SnowPlus Staff","Bill Gabris"
"Sec 09 - Bolingbrook North","655 Remington",361,"2015-12-28 11:02:25","SnowPlus Staff","Bill Gabris"
"Sec 09 - Bolingbrook North","750 Veterans",361,"2015-12-28 11:02:16","SnowPlus Staff","Bill Gabris"
"Sec 09 - Bolingbrook North","500 & 510 Territorial & 1 Northpointe Ct",361,"2015-12-28 11:02:06","SnowPlus Staff","Bill Gabris"
"Sec 09 - Bolingbrook North","606-612 Territorial",361,"2015-12-28 11:01:54","SnowPlus Staff","Bill Gabris"
"Sec 09 - Bolingbrook North","850 Remington",361,"2015-12-28 11:01:37","SnowPlus Staff","Bill Gabris"
"Sec 09 - Bolingbrook North","581 Territorial",361,"2015-12-28 11:01:27","SnowPlus Staff","Bill Gabris"
"Sec 22 - Elgin",Chase,772,"2015-12-28 11:01:13","SnowPlus Staff","Freddy Martin"
"Sec 09 - Bolingbrook North","340 Remington",361,"2015-12-28 11:01:13","SnowPlus Staff","Bill Gabris"
"Sec 25 - Glendale Heights","139 Army Trail",181,"2015-12-28 10:56:47","SnowPlus Staff","Paul Steinhauer"
"Sec 30 - Lisle / Warrenville","Univ. Tech Institute",501,"2015-12-28 10:52:32","SnowPlus Staff","Jose Legaspi"
"Sec 07 - Bensenville","659-699 Supreme",478,"2015-12-28 10:50:50","SnowPlus Staff","Ernie Vargas"
"Sec 07 - Bensenville","645-651 Supreme",478,"2015-12-28 10:48:25","SnowPlus Staff","Ernie Vargas"
"Sec 07 - Bensenville","1010 Foster",478,"2015-12-28 10:46:20","SnowPlus Staff","Ernie Vargas"
"Sec 22 - Elgin","1360 Madeline",772,"2015-12-28 10:45:10","SnowPlus Staff","Freddy Martin"
"Sec 20 - Elk Grove Village North","1500 Higgins Rd",478,"2015-12-28 10:45:05","SnowPlus Staff","Ernie Vargas"
"Sec 20 - Elk Grove Village North","Regent O'Hare Building Industrial Center",478,"2015-12-28 10:44:20","SnowPlus Staff","Ernie Vargas"
"Sec 19 - Elk Grove Village","1301-1401 Mark",879,"2015-12-28 10:43:48","SnowPlus Staff","Ernie Vargas"
"Sec 20 - Elk Grove Village North","1723 Marshall",478,"2015-12-28 10:43:23","SnowPlus Staff","Ernie Vargas"
"Sec 24 - Elmhurst","11700 Grand",466,"2015-12-28 10:37:21","SnowPlus Staff","Jim Jungles"
"Sec 24 - Elmhurst","11700 Grand",466,"2015-12-28 10:37:00","SnowPlus Staff","Jim Jungles"
"Sec 25 - Glendale Heights","180 Exchange",181,"2015-12-28 10:34:29","SnowPlus Staff","Paul Steinhauer"
"Sec 25 - Glendale Heights","110 International",181,"2015-12-28 10:33:34","SnowPlus Staff","Paul Steinhauer"
"Sec 25 - Glendale Heights","80 International",181,"2015-12-28 10:32:48","SnowPlus Staff","Paul Steinhauer"
"Sec 19 - Elk Grove Village","1301-1401 Mark",879,"2015-12-28 10:21:25","SnowPlus Staff","Ernie Vargas"
"Sec 34 - Woodridge Retail","Art Van - Woodridge",309,"2015-12-28 10:21:10","SnowPlus Staff","Dan Castro"
"Sec 07 - Bensenville","975-1001 Bryn Mawr",107,"2015-12-28 10:16:31","SnowPlus Staff","Ernie Vargas"
"Sec 16 - Carol Stream West","Wheaton Sports Center",723,"2015-12-28 10:11:40","SnowPlus Staff","Leo Vargas"
"Sec 22 - Elgin","1385 Madeline",772,"2015-12-28 10:09:03","SnowPlus Staff","Freddy Martin"
"Sec 25 - Glendale Heights","110 International",181,"2015-12-28 10:02:42","SnowPlus Staff","Paul Steinhauer"
"Sec 07 - Bensenville","1141 Ellis",107,"2015-12-28 10:02:16","SnowPlus Staff","Ernie Vargas"
"Sec 25 - Glendale Heights","80 International",181,"2015-12-28 10:00:51","SnowPlus Staff","Paul Steinhauer"
"Sec 22 - Elgin","2700 Alft",772,"2015-12-28 09:59:56","SnowPlus Staff","Freddy Martin"
"Sec 18 - Mt. Prospect-Glenview","1471 Business Center",51,"2015-12-28 09:53:38","SnowPlus Staff","Bobby Gomez"
"Sec 30 - Lisle / Warrenville","Univ. Tech Institute",501,"2015-12-28 09:52:41","SnowPlus Staff","Jose Legaspi"
"Sec 14 - Bolingbrook East","254 Internationale",844,"2015-12-28 09:45:45","SnowPlus Staff","Mike Esposito"
"Sec 25 - Glendale Heights","139 Army Trail",181,"2015-12-28 09:43:07","SnowPlus Staff","Paul Steinhauer"
"Sec 03 - Aurora","4394 Liberty",329,"2015-12-28 09:38:39","SnowPlus Staff","Mito Sopko"
"Sec 27 - Joliet","3311 & 3325 Corporate",515,"2015-12-28 09:38:18","SnowPlus Staff","Bob Inabnit"
"Sec 03 - Aurora","858 Meridian",329,"2015-12-28 09:37:30","SnowPlus Staff","Mito Sopko"
"Sec 03 - Aurora","4222 Meridian Pkwy",329,"2015-12-28 09:36:36","SnowPlus Staff","Mito Sopko"
"Sec 03 - Aurora","4394 Liberty",329,"2015-12-28 09:35:52","SnowPlus Staff","Mito Sopko"
"Sec 10 - Bolingbrook West","1601 Remington",985,"2015-12-28 09:29:59","SnowPlus Staff","Donato Garcia"
"Sec 25 - Glendale Heights","80 International",181,"2015-12-28 09:26:13","SnowPlus Staff","Paul Steinhauer"
"Sec 04 - Aurora West / Batavia","2401 Kaneville Rd",961,"2015-12-28 09:18:13","SnowPlus Staff",
"Sec 27 - Joliet","4001 Rock Creek",515,"2015-12-28 09:17:10","SnowPlus Staff","Bob Inabnit"
"Sec 30 - Lisle / Warrenville","Univ. Tech Institute",501,"2015-12-28 09:14:27","SnowPlus Staff","Jose Legaspi"
"Sec 22 - Elgin","901 Weseman",772,"2015-12-28 09:14:00","SnowPlus Staff","Freddy Martin"
"Sec 13 - Romeoville","160 South Creek",899,"2015-12-28 09:12:20","SnowPlus Staff","Mike Jungles"
"Sec 19 - Elk Grove Village","1601 Pratt",879,"2015-12-28 09:10:20","SnowPlus Staff","Ernie Vargas"
"Sec 19 - Elk Grove Village","1501 Pratt",773,"2015-12-28 09:03:56","SnowPlus Staff","Ernie Vargas"
"Sec 19 - Elk Grove Village","1601 Pratt",879,"2015-12-28 09:03:35","SnowPlus Staff","Ernie Vargas"
"Sec 19 - Elk Grove Village","1209 Thorndale",773,"2015-12-28 09:03:20","SnowPlus Staff","Ernie Vargas"
"Sec 19 - Elk Grove Village","1501 Pratt",773,"2015-12-28 09:02:46","SnowPlus Staff","Ernie Vargas"
"Sec 34 - Woodridge Retail","Art Van - Woodridge",309,"2015-12-28 09:01:36","SnowPlus Staff","Dan Castro"
"Sec 14 - Bolingbrook East","555 St James Gate",844,"2015-12-28 08:58:51","SnowPlus Staff","Mike Esposito"
"Sec 04 - Aurora West / Batavia","Art Van - Batavia",961,"2015-12-28 08:57:25","SnowPlus Staff",
"Sec 19 - Elk Grove Village","1501 Pratt",879,"2015-12-28 08:56:00","SnowPlus Staff","Ernie Vargas"
"Sec 19 - Elk Grove Village","2700 Carl",773,"2015-12-28 08:48:46","SnowPlus Staff","Ernie Vargas"
"Sec 19 - Elk Grove Village","2800 Carl",879,"2015-12-28 08:48:22","SnowPlus Staff","Ernie Vargas"
"Sec 19 - Elk Grove Village","1601 Pratt",107,"2015-12-28 08:47:35","SnowPlus Staff","Ernie Vargas"
"Sec 13 - Romeoville","Buffalo Wild Wings and Retail",899,"2015-12-28 08:46:52","SnowPlus Staff","Mike Jungles"
"Sec 19 - Elk Grove Village","1501 Pratt",107,"2015-12-28 08:46:49","SnowPlus Staff","Ernie Vargas"
"Sec 25 - Glendale Heights","110 International",181,"2015-12-28 08:46:18","SnowPlus Staff","Paul Steinhauer"
"Sec 27 - Joliet","1695 Crossroads",515,"2015-12-28 08:45:59","SnowPlus Staff","Bob Inabnit"
"Sec 22 - Elgin","1111 Davis",772,"2015-12-28 08:43:35","SnowPlus Staff","Freddy Martin"
"Sec 07 - Bensenville","860-888 Thomas",823,"2015-12-28 08:38:50","SnowPlus Staff","Ernie Vargas"
"Sec 07 - Bensenville","860-888 Thomas",823,"2015-12-28 08:38:33","SnowPlus Staff","Ernie Vargas"
"Sec 07 - Bensenville","860-888 Thomas",823,"2015-12-28 08:38:13","SnowPlus Staff","Ernie Vargas"
"Sec 25 - Glendale Heights","80 International",181,"2015-12-28 08:37:18","SnowPlus Staff","Paul Steinhauer"
"Sec 23 - Rosemount","Columbia Center I & II",466,"2015-12-28 08:36:05","SnowPlus Staff","Jim Jungles"
"Sec 09 - Bolingbrook North","1055 Remington",361,"2015-12-28 08:31:42","SnowPlus Staff","Bill Gabris"
"Sec 09 - Bolingbrook North","850 Veterans",361,"2015-12-28 08:31:32","SnowPlus Staff","Bill Gabris"
"Sec 19 - Elk Grove Village","1100 Thorndale",879,"2015-12-28 08:31:29","SnowPlus Staff","Ernie Vargas"
"Sec 09 - Bolingbrook North","605 Territorial",361,"2015-12-28 08:31:23","SnowPlus Staff","Bill Gabris"
"Sec 09 - Bolingbrook North","595 Territorial",361,"2015-12-28 08:31:14","SnowPlus Staff","Bill Gabris"
"Sec 09 - Bolingbrook North","655 Remington",361,"2015-12-28 08:31:02","SnowPlus Staff","Bill Gabris"
"Sec 09 - Bolingbrook North","750 Veterans",361,"2015-12-28 08:30:52","SnowPlus Staff","Bill Gabris"
"Sec 09 - Bolingbrook North","500 & 510 Territorial & 1 Northpointe Ct",361,"2015-12-28 08:30:38","SnowPlus Staff","Bill Gabris"
"Sec 22 - Elgin","1675 Holmes",772,"2015-12-28 08:30:37","SnowPlus Staff","Freddy Martin"
"Sec 09 - Bolingbrook North","606-612 Territorial",361,"2015-12-28 08:30:26","SnowPlus Staff","Bill Gabris"
"Sec 16 - Carol Stream West","Fresh Markets",723,"2015-12-28 08:30:25","SnowPlus Staff","Leo Vargas"
"Sec 09 - Bolingbrook North","850 Remington",361,"2015-12-28 08:30:08","SnowPlus Staff","Bill Gabris"
"Sec 01 - Addison","350 Rohlwing - Vanport Warehousing",419,"2015-12-28 08:29:58","SnowPlus Staff","Wally Sternberg"
"Sec 09 - Bolingbrook North","581 Territorial",361,"2015-12-28 08:29:51","SnowPlus Staff","Bill Gabris"
"Sec 09 - Bolingbrook North","340 Remington",361,"2015-12-28 08:29:37","SnowPlus Staff","Bill Gabris"
"Sec 25 - Glendale Heights","180 Exchange",181,"2015-12-28 08:26:25","SnowPlus Staff","Paul Steinhauer"
"Sec 18 - Mt. Prospect-Glenview","1000 Milwaukee",51,"2015-12-28 08:25:08","SnowPlus Staff","Bobby Gomez"
"Sec 20 - Elk Grove Village North","Regent O'Hare Building E & F",107,"2015-12-28 08:24:24","SnowPlus Staff","Ernie Vargas"
"Sec 18 - Mt. Prospect-Glenview","1471 Business Center",51,"2015-12-28 08:24:19","SnowPlus Staff","Bobby Gomez"
"Sec 19 - Elk Grove Village","900 Thorndale",773,"2015-12-28 08:24:12","SnowPlus Staff","Ernie Vargas"
"Sec 20 - Elk Grove Village North","Regent O'Hare Building A",875,"2015-12-28 08:23:49","SnowPlus Staff","Ernie Vargas"
"Sec 34 - Woodridge Retail","Centerpointe Retail Centre",309,"2015-12-28 08:23:47","SnowPlus Staff","Dan Castro"
"Sec 20 - Elk Grove Village North","Regent O'Hare Building B",107,"2015-12-28 08:23:12","SnowPlus Staff","Ernie Vargas"
"Sec 20 - Elk Grove Village North","Tech Center I",107,"2015-12-28 08:22:26","SnowPlus Staff","Ernie Vargas"
"Sec 20 - Elk Grove Village North","1800 Landmeier",107,"2015-12-28 08:21:48","SnowPlus Staff","Ernie Vargas"
"Sec 20 - Elk Grove Village North","Tech Center II",107,"2015-12-28 08:20:49","SnowPlus Staff","Ernie Vargas"
"Sec 07 - Bensenville","860-888 Thomas",823,"2015-12-28 08:15:47","SnowPlus Staff","Ernie Vargas"
"Sec 25 - Glendale Heights","139 Army Trail",181,"2015-12-28 08:14:25","SnowPlus Staff","Paul Steinhauer"
"Sec 19 - Elk Grove Village","1201 Kirk",773,"2015-12-28 08:13:21","SnowPlus Staff","Ernie Vargas"
"Sec 19 - Elk Grove Village","2901 Lively",879,"2015-12-28 08:12:20","SnowPlus Staff","Ernie Vargas"
"Sec 31 - Roselle","50 Gary",547,"2015-12-28 08:10:33","SnowPlus Staff","Chad Meyer"
"Sec 31 - Roselle","50 Gary",547,"2015-12-28 08:08:17","SnowPlus Staff","Chad Meyer"
"Sec 07 - Bensenville","860-888 Thomas",823,"2015-12-28 08:08:14","SnowPlus Staff","Ernie Vargas"
"Sec 19 - Elk Grove Village","2781 Katherine",879,"2015-12-28 08:08:07","SnowPlus Staff","Ernie Vargas"
"Sec 30 - Lisle / Warrenville","Univ. Tech Institute",501,"2015-12-28 08:07:58","SnowPlus Staff","Jose Legaspi"
"Sec 19 - Elk Grove Village","1350 Kirk",773,"2015-12-28 08:07:44","SnowPlus Staff","Ernie Vargas"
"Sec 31 - Roselle","100 Gary",547,"2015-12-28 08:07:28","SnowPlus Staff","Chad Meyer"
"Sec 31 - Roselle","200 Gary",547,"2015-12-28 08:07:01","SnowPlus Staff","Chad Meyer"
"Sec 31 - Roselle","1600 Central",547,"2015-12-28 08:06:40","SnowPlus Staff","Chad Meyer"
"Sec 23 - Rosemount","Ohare Schillar Park",466,"2015-12-28 08:06:39","SnowPlus Staff","Jim Jungles"
"Sec 31 - Roselle","Maines Foods",547,"2015-12-28 08:06:19","SnowPlus Staff","Chad Meyer"
"Sec 31 - Roselle","5700 Turnberry",547,"2015-12-28 08:04:58","SnowPlus Staff","Chad Meyer"
"Sec 07 - Bensenville","860-888 Thomas",823,"2015-12-28 08:02:54","SnowPlus Staff","Ernie Vargas"
"Sec 07 - Bensenville","860-888 Thomas",823,"2015-12-28 08:02:54","SnowPlus Staff","Ernie Vargas"
"Sec 07 - Bensenville","860-888 Thomas",823,"2015-12-28 08:02:53","SnowPlus Staff","Ernie Vargas"
"Sec 16 - Carol Stream West","Fresh Markets",723,"2015-12-28 08:02:22","SnowPlus Staff","Leo Vargas"
"Sec 31 - Roselle","200 Gary Service Road",547,"2015-12-28 08:02:22","SnowPlus Staff","Chad Meyer"
"Sec 07 - Bensenville","860-888 Thomas",823,"2015-12-28 08:02:03","SnowPlus Staff","Ernie Vargas"
"Sec 22 - Elgin","1675 Holmes",772,"2015-12-28 08:01:50","SnowPlus Staff","Freddy Martin"
"Sec 31 - Roselle","200 Gary Service Road",547,"2015-12-28 08:01:46","SnowPlus Staff","Chad Meyer"
"Sec 07 - Bensenville","860-888 Thomas",823,"2015-12-28 08:01:43","SnowPlus Staff","Ernie Vargas"
"Sec 31 - Roselle","200 Gary Service Road",547,"2015-12-28 08:01:21","SnowPlus Staff","Chad Meyer"
"Sec 07 - Bensenville","860-888 Thomas",823,"2015-12-28 07:58:50","SnowPlus Staff","Ernie Vargas"
"Sec 19 - Elk Grove Village","2901 Lively",773,"2015-12-28 07:58:13","SnowPlus Staff","Ernie Vargas"
"Sec 14 - Bolingbrook East","Road Runner Truck Lots",844,"2015-12-28 07:56:51","SnowPlus Staff","Mike Esposito"
"Sec 30 - Lisle / Warrenville","Univ. Tech Institute",501,"2015-12-28 07:56:18","SnowPlus Staff","Jose Legaspi"
"Sec 03 - Aurora","4394 Liberty",329,"2015-12-28 07:53:39","SnowPlus Staff","Mito Sopko"
"Sec 22 - Elgin","1111 Davis",772,"2015-12-28 07:51:46","SnowPlus Staff","Freddy Martin"
"Sec 19 - Elk Grove Village","1300 Mark",773,"2015-12-28 07:50:30","SnowPlus Staff","Ernie Vargas"
"Sec 19 - Elk Grove Village","1400 Mark",879,"2015-12-28 07:48:18","SnowPlus Staff","Ernie Vargas"
"Sec 08 - Berkley","5300 Proviso",894,"2015-12-28 07:45:22","SnowPlus Staff","Jim Jungles"
"Sec 03 - Aurora","3901 Liberty",329,"2015-12-28 07:42:36","SnowPlus Staff","Mito Sopko"
"Sec 22 - Elgin","1111 Davis",772,"2015-12-28 07:41:24","SnowPlus Staff","Freddy Martin"
"Sec 17 - Lombard / Oakbrook","Avery School",358,"2015-12-28 07:41:06","SnowPlus Staff","Jose Legaspi"
"Sec 19 - Elk Grove Village","1301-1401 Mark",773,"2015-12-28 07:39:17","SnowPlus Staff","Ernie Vargas"
"Sec 19 - Elk Grove Village","1239-1251 Mark",879,"2015-12-28 07:38:23","SnowPlus Staff","Ernie Vargas"
"Sec 16 - Carol Stream West","Wheaton Sports Center",723,"2015-12-28 07:36:57","SnowPlus Staff","Leo Vargas"
"Sec 14 - Bolingbrook East","333 Gilbralter",844,"2015-12-28 07:33:49","SnowPlus Staff","Mike Esposito"
"Sec 20 - Elk Grove Village North","951 Fargo",107,"2015-12-28 07:33:48","SnowPlus Staff","Ernie Vargas"
"Sec 19 - Elk Grove Village","2521 Lively",773,"2015-12-28 07:33:00","SnowPlus Staff","Ernie Vargas"
"Sec 19 - Elk Grove Village","2521 Lively",773,"2015-12-28 07:32:51","SnowPlus Staff","Ernie Vargas"
"Sec 03 - Aurora","3505 Thayer",329,"2015-12-28 07:25:40","SnowPlus Staff","Mito Sopko"
"Sec 23 - Rosemount","3708 River",466,"2015-12-28 07:21:32","SnowPlus Staff","Jim Jungles"
"Sec 22 - Elgin","1360 Madeline",772,"2015-12-28 07:19:39","SnowPlus Staff","Freddy Martin"
"Sec 16 - Carol Stream West","235 Tubeway",723,"2015-12-28 07:18:54","SnowPlus Staff","Leo Vargas"
"Sec 34 - Woodridge Retail","Art Van - Woodridge",309,"2015-12-28 07:18:01","SnowPlus Staff","Dan Castro"
"Sec 22 - Elgin","1385 Madeline",772,"2015-12-28 07:17:17","SnowPlus Staff","Freddy Martin"
"Sec 16 - Carol Stream West","235 Tubeway",723,"2015-12-28 07:17:07","SnowPlus Staff","Leo Vargas"
"Sec 25 - Glendale Heights","110 International",181,"2015-12-28 07:16:23","SnowPlus Staff","Paul Steinhauer"
"Sec 23 - Rosemount","Columbia Center III",498,"2015-12-28 07:15:56","SnowPlus Staff","Jim Jungles"
"Sec 25 - Glendale Heights","80 International",181,"2015-12-28 07:15:23","SnowPlus Staff","Paul Steinhauer"
"Sec 23 - Rosemount","Columbia Center I & II",498,"2015-12-28 07:13:32","SnowPlus Staff","Jim Jungles"
"Sec 22 - Elgin","1385 Madeline",772,"2015-12-28 07:11:23","SnowPlus Staff","Freddy Martin"
"Sec 03 - Aurora","4151 McCoy",329,"2015-12-28 07:07:22","SnowPlus Staff","Mito Sopko"
"Sec 25 - Glendale Heights","180 Exchange",181,"2015-12-28 07:04:15","SnowPlus Staff","Paul Steinhauer"
"Sec 22 - Elgin","2700 Alft",772,"2015-12-28 07:03:48","SnowPlus Staff","Freddy Martin"
"Sec 16 - Carol Stream West","235 Tubeway",723,"2015-12-28 07:03:08","SnowPlus Staff","Leo Vargas"
"Sec 21 - Bartlett","Stearns Crossing (Retail)",547,"2015-12-28 07:00:44","SnowPlus Staff","Chad Meyer"
"Sec 14 - Bolingbrook East","254 Internationale",844,"2015-12-28 07:00:02","SnowPlus Staff","Mike Esposito"
"Sec 08 - Berkley","250 Manhiem",894,"2015-12-28 06:58:29","SnowPlus Staff","Jim Jungles"
"Sec 22 - Elgin",Chase,653,"2015-12-28 06:54:19","SnowPlus Staff","Freddy Martin"
"Sec 03 - Aurora","858 Meridian",329,"2015-12-28 06:50:58","SnowPlus Staff","Mito Sopko"
"Sec 24 - Elmhurst","11700 Grand",466,"2015-12-28 06:47:53","SnowPlus Staff","Jim Jungles"
"Sec 24 - Elmhurst","949 - 853 Larch",466,"2015-12-28 06:47:39","SnowPlus Staff","Jim Jungles"
"Sec 24 - Elmhurst","949 - 853 Larch",466,"2015-12-28 06:47:27","SnowPlus Staff","Jim Jungles"
"Sec 24 - Elmhurst","11700 Grand",466,"2015-12-28 06:47:15","SnowPlus Staff","Jim Jungles"
"Sec 25 - Glendale Heights","180 Exchange",181,"2015-12-28 06:43:32","SnowPlus Staff","Paul Steinhauer"
"Sec 25 - Glendale Heights","80 International",181,"2015-12-28 06:42:40","SnowPlus Staff","Paul Steinhauer"
"Sec 34 - Woodridge Retail","Centerpointe Retail Centre",309,"2015-12-28 06:42:40","SnowPlus Staff","Dan Castro"
"Sec 25 - Glendale Heights","139 Army Trail",181,"2015-12-28 06:41:33","SnowPlus Staff","Paul Steinhauer"
"Sec 25 - Glendale Heights","1620 & 1640 Fullerton Ct",865,"2015-12-28 06:41:33","SnowPlus Staff","Paul Steinhauer"
"Sec 08 - Berkley","Melrose Park Center",894,"2015-12-28 06:41:05","SnowPlus Staff","Jim Jungles"
"Sec 25 - Glendale Heights","1601 & 1625 Fullerton",865,"2015-12-28 06:40:51","SnowPlus Staff","Paul Steinhauer"
"Sec 03 - Aurora","4222 Meridian Pkwy",329,"2015-12-28 06:40:25","SnowPlus Staff","Mito Sopko"
"Sec 25 - Glendale Heights","699 Regency",181,"2015-12-28 06:40:18","SnowPlus Staff","Paul Steinhauer"
"Sec 25 - Glendale Heights","699 Regency",865,"2015-12-28 06:39:25","SnowPlus Staff","Paul Steinhauer"
"Sec 25 - Glendale Heights","110 International",181,"2015-12-28 06:39:19","SnowPlus Staff","Paul Steinhauer"
"Sec 16 - Carol Stream West","225 Westgate",723,"2015-12-28 06:39:03","SnowPlus Staff","Leo Vargas"
"Sec 27 - Joliet","1695 Crossroads",515,"2015-12-28 06:31:14","SnowPlus Staff","Bob Inabnit"
"Sec 30 - Lisle / Warrenville","Univ. Tech Institute",501,"2015-12-28 06:30:51","SnowPlus Staff","Jose Legaspi"
"Sec 07 - Bensenville","626-630 Thomas",478,"2015-12-28 06:16:18","SnowPlus Staff","Ernie Vargas"
"Sec 07 - Bensenville","626-630 Thomas",478,"2015-12-28 06:15:29","SnowPlus Staff","Ernie Vargas"
"Sec 20 - Elk Grove Village North","1500 Higgins Rd",478,"2015-12-28 06:14:08","SnowPlus Staff","Ernie Vargas"
"Sec 20 - Elk Grove Village North","Regent O'Hare Building E & F",478,"2015-12-28 06:13:25","SnowPlus Staff","Ernie Vargas"
"Sec 20 - Elk Grove Village North","Regent O'Hare Building B",478,"2015-12-28 06:12:49","SnowPlus Staff","Ernie Vargas"
"Sec 20 - Elk Grove Village North","1800 Landmeier",478,"2015-12-28 06:11:34","SnowPlus Staff","Ernie Vargas"
"Sec 20 - Elk Grove Village North","Tech Center II",478,"2015-12-28 06:10:49","SnowPlus Staff","Ernie Vargas"
"Sec 20 - Elk Grove Village North","Tech Center II",478,"2015-12-28 06:09:59","SnowPlus Staff","Ernie Vargas"
"Sec 19 - Elk Grove Village","1201 Kirk",879,"2015-12-28 06:09:12","SnowPlus Staff","Ernie Vargas"
"Sec 30 - Lisle / Warrenville","Univ. Tech Institute",501,"2015-12-28 06:02:44","SnowPlus Staff","Jose Legaspi"
"Sec 07 - Bensenville","1141 Ellis",823,"2015-12-28 06:01:49","SnowPlus Staff","Ernie Vargas"
"Sec 07 - Bensenville","1141 Ellis",773,"2015-12-28 06:01:39","SnowPlus Staff","Ernie Vargas"
"Sec 19 - Elk Grove Village","2901 Lively",879,"2015-12-28 06:00:42","SnowPlus Staff","Ernie Vargas"
"Sec 19 - Elk Grove Village","2901 Lively",879,"2015-12-28 06:00:32","SnowPlus Staff","Ernie Vargas"
"Sec 10 - Bolingbrook West","1601 Remington",985,"2015-12-28 05:57:44","SnowPlus Staff","Donato Garcia"
"Sec 27 - Joliet","3311 & 3325 Corporate",515,"2015-12-28 05:49:15","SnowPlus Staff","Bob Inabnit"
"Sec 07 - Bensenville","975-1001 Bryn Mawr",107,"2015-12-28 05:46:05","SnowPlus Staff","Ernie Vargas"
"Sec 19 - Elk Grove Village","2521 Lively",879,"2015-12-28 05:44:49","SnowPlus Staff","Ernie Vargas"
"Sec 07 - Bensenville","201 Hansen",823,"2015-12-28 05:44:33","SnowPlus Staff","Ernie Vargas"
"Sec 07 - Bensenville","201 Hansen",823,"2015-12-28 05:44:24","SnowPlus Staff","Ernie Vargas"
"Sec 07 - Bensenville","201 Hansen",773,"2015-12-28 05:44:07","SnowPlus Staff","Ernie Vargas"
"Sec 07 - Bensenville","201 Hansen",773,"2015-12-28 05:43:55","SnowPlus Staff","Ernie Vargas"
"Sec 19 - Elk Grove Village","2521 Lively",879,"2015-12-28 05:43:37","SnowPlus Staff","Ernie Vargas"
"Sec 10 - Bolingbrook West","1101-1109 Windham  2 bldgs",985,"2015-12-28 05:39:28","SnowPlus Staff","Donato Garcia"
"Sec 31 - Roselle","200 Gary Service Road",547,"2015-12-28 05:36:56","SnowPlus Staff","Chad Meyer"
"Sec 19 - Elk Grove Village","1107 Mark",879,"2015-12-28 05:33:54","SnowPlus Staff","Ernie Vargas"
"Sec 19 - Elk Grove Village","1239-1251 Mark",879,"2015-12-28 05:33:19","SnowPlus Staff","Ernie Vargas"
"Sec 09 - Bolingbrook North","1055 Remington",361,"2015-12-28 05:30:45","SnowPlus Staff","Bill Gabris"
"Sec 09 - Bolingbrook North","850 Veterans",361,"2015-12-28 05:30:34","SnowPlus Staff","Bill Gabris"
"Sec 09 - Bolingbrook North","605 Territorial",361,"2015-12-28 05:30:22","SnowPlus Staff","Bill Gabris"
"Sec 19 - Elk Grove Village","1239-1251 Mark",879,"2015-12-28 05:30:14","SnowPlus Staff","Ernie Vargas"
"Sec 09 - Bolingbrook North","595 Territorial",361,"2015-12-28 05:30:12","SnowPlus Staff","Bill Gabris"
"Sec 09 - Bolingbrook North","655 Remington",361,"2015-12-28 05:30:00","SnowPlus Staff","Bill Gabris"
"Sec 14 - Bolingbrook East","333 Gilbralter",899,"2015-12-28 05:29:56","SnowPlus Staff","Mike Esposito"
"Sec 09 - Bolingbrook North","750 Veterans",361,"2015-12-28 05:29:47","SnowPlus Staff","Bill Gabris"
"Sec 09 - Bolingbrook North","606-612 Territorial",361,"2015-12-28 05:29:34","SnowPlus Staff","Bill Gabris"
"Sec 14 - Bolingbrook East","333 Gilbralter",899,"2015-12-28 05:29:20","SnowPlus Staff","Mike Esposito"
"Sec 09 - Bolingbrook North","850 Remington",361,"2015-12-28 05:29:16","SnowPlus Staff","Bill Gabris"
"Sec 14 - Bolingbrook East","333 Gilbralter",899,"2015-12-28 05:29:08","SnowPlus Staff","Mike Esposito"
"Sec 09 - Bolingbrook North","581 Territorial",361,"2015-12-28 05:29:05","SnowPlus Staff","Bill Gabris"
"Sec 09 - Bolingbrook North","340 Remington",361,"2015-12-28 05:28:50","SnowPlus Staff","Bill Gabris"
"Sec 07 - Bensenville","311 Richert",107,"2015-12-28 05:28:35","SnowPlus Staff","Ernie Vargas"
"Sec 07 - Bensenville","877 Supreme",823,"2015-12-28 05:21:54","SnowPlus Staff","Ernie Vargas"
"Sec 07 - Bensenville","877 Supreme",823,"2015-12-28 05:21:33","SnowPlus Staff","Ernie Vargas"
"Sec 07 - Bensenville","571-599 Edgewood",107,"2015-12-28 05:21:32","SnowPlus Staff","Ernie Vargas"
"Sec 08 - Berkley","5200 Proviso",381,"2015-12-28 05:18:47","SnowPlus Staff","Jim Jungles"
"Sec 30 - Lisle / Warrenville","1000 & 1100 Warrenville",358,"2015-12-28 05:18:31","SnowPlus Staff","Scott Erickson"
"Sec 19 - Elk Grove Village","1300 Mark",879,"2015-12-28 05:16:15","SnowPlus Staff","Ernie Vargas"
"Sec 15 - Carol Stream East","700 Kimberly",730,"2015-12-28 05:16:02","SnowPlus Staff","Cody Moutvic"
"Sec 27 - Joliet","4001 Rock Creek",515,"2015-12-28 05:15:06","SnowPlus Staff","Bob Inabnit"
"Sec 17 - Lombard / Oakbrook","Art Van - Butterfield",819,"2015-12-28 05:12:30","SnowPlus Staff","Greg Skonie"
"Sec 10 - Bolingbrook West","RR Donnelly",985,"2015-12-28 05:11:56","SnowPlus Staff","Donato Garcia"
"Sec 19 - Elk Grove Village","1400 Mark",879,"2015-12-28 05:10:39","SnowPlus Staff","Ernie Vargas"
"Sec 14 - Bolingbrook East","Road Runner Truck Lots",899,"2015-12-28 05:10:00","SnowPlus Staff","Mike Esposito"
"Sec 07 - Bensenville","860-888 Thomas",773,"2015-12-28 05:08:53","SnowPlus Staff","Ernie Vargas"
"Sec 19 - Elk Grove Village","1601 Pratt",107,"2015-12-28 05:07:08","SnowPlus Staff","Ernie Vargas"
"Sec 14 - Bolingbrook East","Road Runner Truck Lots",899,"2015-12-28 05:06:25","SnowPlus Staff","Mike Esposito"
"Sec 14 - Bolingbrook East","Road Runner Truck Lots",899,"2015-12-28 05:06:14","SnowPlus Staff","Mike Esposito"
"Sec 19 - Elk Grove Village","1501 Pratt",107,"2015-12-28 04:59:33","SnowPlus Staff","Ernie Vargas"
"Sec 19 - Elk Grove Village","1301-1401 Mark",879,"2015-12-28 04:58:38","SnowPlus Staff","Ernie Vargas"
"Sec 17 - Lombard / Oakbrook","Avery School",819,"2015-12-28 04:51:40","SnowPlus Staff","Jose Legaspi"
"Sec 25 - Glendale Heights","1620 & 1640 Fullerton Ct",181,"2015-12-28 04:48:28","SnowPlus Staff","Paul Steinhauer"
"Sec 07 - Bensenville","950-990 Supreme",823,"2015-12-28 04:48:13","SnowPlus Staff","Ernie Vargas"
"Sec 20 - Elk Grove Village North","951 Fargo",107,"2015-12-28 04:48:03","SnowPlus Staff","Ernie Vargas"
"Sec 07 - Bensenville","560-590 Supreme",773,"2015-12-28 04:47:39","SnowPlus Staff","Ernie Vargas"
"Sec 15 - Carol Stream East","125 Army Trail",730,"2015-12-28 04:46:11","SnowPlus Staff","Cody Moutvic"
"Sec 19 - Elk Grove Village","2781 Katherine",879,"2015-12-28 04:41:38","SnowPlus Staff","Ernie Vargas"
"Sec 11 - Bolingbrook South","1287 Naperville",523,"2015-12-28 04:34:53","SnowPlus Staff","Tom Ustaszewski"
"Sec 17 - Lombard / Oakbrook","Eisenhower Buildings",819,"2015-12-28 04:33:32","SnowPlus Staff","Greg Skonie"
"Sec 14 - Bolingbrook East","254 Internationale",899,"2015-12-28 04:30:45","SnowPlus Staff","Mike Esposito"
"Sec 19 - Elk Grove Village","1350 Kirk",879,"2015-12-28 04:29:39","SnowPlus Staff","Ernie Vargas"
"Sec 14 - Bolingbrook East","254 Internationale",899,"2015-12-28 04:29:24","SnowPlus Staff","Mike Esposito"
"Sec 08 - Berkley","4700 Proviso",894,"2015-12-28 04:28:32","SnowPlus Staff","Jim Jungles"
"Sec 04 - Aurora West / Batavia","2401 Kaneville Rd",699,"2015-12-28 04:27:04","SnowPlus Staff",
"Sec 07 - Bensenville","600-608 & 610-620 Supreme ( 2 bdgs)",773,"2015-12-28 04:26:15","SnowPlus Staff","Ernie Vargas"
"Sec 18 - Mt. Prospect-Glenview","1471 Business Center",51,"2015-12-28 04:26:13","SnowPlus Staff","Bobby Gomez"
"Sec 34 - Woodridge Retail","Darien Towne Center",309,"2015-12-28 04:25:19","SnowPlus Staff","Dan Castro"
"Sec 30 - Lisle / Warrenville","535 Diehl",358,"2015-12-28 04:25:07","SnowPlus Staff","Scott Erickson"
"Sec 32 - Schaumburg","930 National",726,"2015-12-28 04:23:08","SnowPlus Staff","Brandon Temesuary"
"Sec 15 - Carol Stream East","175 Wall St",730,"2015-12-28 04:21:23","SnowPlus Staff","Cody Moutvic"
"Sec 04 - Aurora West / Batavia","Art Van - Batavia",699,"2015-12-28 04:20:13","SnowPlus Staff",
"Sec 15 - Carol Stream East","437 Tower",730,"2015-12-28 04:19:45","SnowPlus Staff","Cody Moutvic"
"Sec 33 - University Park","Matteson Retail Center",102,"2015-12-28 04:19:11","SnowPlus Staff","Scott Senne"
"Sec 19 - Elk Grove Village","1209 Thorndale",879,"2015-12-28 04:15:19","SnowPlus Staff","Ernie Vargas"
"Sec 07 - Bensenville","630-650 Supreme",773,"2015-12-28 04:12:07","SnowPlus Staff","Ernie Vargas"
"Sec 30 - Lisle / Warrenville","Univ. Tech Institute",358,"2015-12-28 04:09:06","SnowPlus Staff","Jose Legaspi"
"Sec 10 - Bolingbrook West","901 Carlow",985,"2015-12-28 04:08:35","SnowPlus Staff","Donato Garcia"
"Sec 32 - Schaumburg","1300 Plum Grove",115,"2015-12-28 04:06:57","SnowPlus Staff","Brandon Temesuary"
"Sec 31 - Roselle","50 Gary",547,"2015-12-28 04:06:01","SnowPlus Staff","Chad Meyer"
"Sec 19 - Elk Grove Village","1100 Thorndale",879,"2015-12-28 04:05:30","SnowPlus Staff","Ernie Vargas"
"Sec 31 - Roselle","100 Gary",547,"2015-12-28 04:05:09","SnowPlus Staff","Chad Meyer"
"Sec 31 - Roselle","200 Gary",547,"2015-12-28 04:04:24","SnowPlus Staff","Chad Meyer"
"Sec 23 - Rosemount","Columbia Center III",466,"2015-12-28 04:04:09","SnowPlus Staff","Jim Jungles"
"Sec 23 - Rosemount","Columbia Center I & II",466,"2015-12-28 04:03:46","SnowPlus Staff","Jim Jungles"
"Sec 32 - Schaumburg","1201 Wiley",115,"2015-12-28 04:03:39","SnowPlus Staff","Brandon Temesuary"
"Sec 31 - Roselle","1600 Central",547,"2015-12-28 04:03:34","SnowPlus Staff","Chad Meyer"
"Sec 31 - Roselle","Maines Foods",547,"2015-12-28 04:03:03","SnowPlus Staff","Chad Meyer"
"Sec 31 - Roselle","5700 Turnberry",547,"2015-12-28 04:02:19","SnowPlus Staff","Chad Meyer"
"Sec 32 - Schaumburg","1051 Perimeter",115,"2015-12-28 04:02:18","SnowPlus Staff","Brandon Temesuary"
"Sec 04 - Aurora West / Batavia","West Aurora Plaza",699,"2015-12-28 04:01:48","SnowPlus Staff",
"Sec 18 - Mt. Prospect-Glenview","1000 Milwaukee",51,"2015-12-28 04:00:55","SnowPlus Staff","Bobby Gomez"
"Sec 11 - Bolingbrook South","505 Crossroads",523,"2015-12-28 04:00:52","SnowPlus Staff","Tom Ustaszewski"
"Sec 12 - Bolingbrook Southwest","760 Crossroads",648,"2015-12-28 03:55:13","Admin Admin","Adam Halm"
"Sec 07 - Bensenville","595-601 Supreme",773,"2015-12-28 03:54:38","SnowPlus Staff","Ernie Vargas"
"Sec 12 - Bolingbrook Southwest","969 Veterans",648,"2015-12-28 03:54:22","Admin Admin","Adam Halm"
"Sec 20 - Elk Grove Village North","Regent O'Hare Building A",107,"2015-12-28 03:51:31","SnowPlus Staff","Ernie Vargas"
"Sec 19 - Elk Grove Village","2700 Carl",879,"2015-12-28 03:50:43","SnowPlus Staff","Ernie Vargas"
"Sec 19 - Elk Grove Village","2700 Carl",879,"2015-12-28 03:50:04","SnowPlus Staff","Ernie Vargas"
"Sec 34 - Woodridge Retail","Centerpointe Retail Centre",309,"2015-12-28 03:47:55","SnowPlus Staff","Dan Castro"
"Sec 16 - Carol Stream West","Fresh Markets",864,"2015-12-28 03:47:52","SnowPlus Staff","Leo Vargas"
"Sec 08 - Berkley","5300 Proviso",894,"2015-12-28 03:46:47","SnowPlus Staff","Jim Jungles"
"Sec 17 - Lombard / Oakbrook","Avery School",358,"2015-12-28 03:45:42","SnowPlus Staff","Jose Legaspi"
"Sec 19 - Elk Grove Village","2800 Carl",879,"2015-12-28 03:44:35","SnowPlus Staff","Ernie Vargas"
"Sec 07 - Bensenville","645-651 Supreme",773,"2015-12-28 03:42:37","SnowPlus Staff","Ernie Vargas"
"Sec 11 - Bolingbrook South","400 Crossroads",523,"2015-12-28 03:41:47","SnowPlus Staff","Tom Ustaszewski"
"Sec 32 - Schaumburg",Sunstar,726,"2015-12-28 03:40:38","SnowPlus Staff","Brandon Temesuary"
"Sec 23 - Rosemount","Ohare Schillar Park",466,"2015-12-28 03:38:06","SnowPlus Staff","Jim Jungles"
"Sec 23 - Rosemount","3708 River",466,"2015-12-28 03:37:53","SnowPlus Staff","Jim Jungles"
"Sec 24 - Elmhurst","949 - 853 Larch",466,"2015-12-28 03:37:32","SnowPlus Staff","Jim Jungles"
"Sec 24 - Elmhurst","949 - 853 Larch",466,"2015-12-28 03:37:24","SnowPlus Staff","Jim Jungles"
"Sec 24 - Elmhurst","777 Church",466,"2015-12-28 03:37:13","SnowPlus Staff","Jim Jungles"
"Sec 23 - Rosemount","Ohare Schillar Park",466,"2015-12-28 03:36:30","SnowPlus Staff","Jim Jungles"
"Sec 25 - Glendale Heights","699 Regency",181,"2015-12-28 03:36:29","SnowPlus Staff","Paul Steinhauer"
"Sec 12 - Bolingbrook Southwest","775 Prologis",648,"2015-12-28 03:36:11","Admin Admin","Adam Halm"
"Sec 12 - Bolingbrook Southwest","1115 Hosler Dr",648,"2015-12-28 03:35:32","Admin Admin","Adam Halm"
"Sec 12 - Bolingbrook Southwest","860 Crossroads",648,"2015-12-28 03:34:54","Admin Admin","Adam Halm"
"Sec 33 - University Park","UTI Michelin",102,"2015-12-28 03:33:05","SnowPlus Staff","Scott Senne"
"Sec 19 - Elk Grove Village","2800 Carl",879,"2015-12-28 03:32:56","SnowPlus Staff","Ernie Vargas"
"Sec 03 - Aurora","858 Meridian",699,"2015-12-28 03:32:38","SnowPlus Staff","Mito Sopko"
"Sec 33 - University Park","DSC Logistics",102,"2015-12-28 03:32:18","SnowPlus Staff","Scott Senne"
"Sec 03 - Aurora","4222 Meridian Pkwy",699,"2015-12-28 03:32:16","SnowPlus Staff","Mito Sopko"
"Sec 29 - Naperville West","International Paper",806,"2015-12-28 03:29:58","SnowPlus Staff","Scott Erickson"
"Sec 29 - Naperville West",Kellogg,806,"2015-12-28 03:29:21","SnowPlus Staff","Scott Erickson"
"Sec 07 - Bensenville","659-699 Supreme",773,"2015-12-28 03:29:09","SnowPlus Staff","Ernie Vargas"
"Sec 07 - Bensenville","659-699 Supreme",773,"2015-12-28 03:29:04","SnowPlus Staff","Ernie Vargas"
"Sec 10 - Bolingbrook West","1290 Remington",985,"2015-12-28 03:29:04","SnowPlus Staff","Donato Garcia"
"Sec 13 - Romeoville","Buffalo Wild Wings and Retail",899,"2015-12-28 03:28:52","SnowPlus Staff","Mike Jungles"
"Sec 29 - Naperville West","220 Frontenac",806,"2015-12-28 03:28:34","SnowPlus Staff","Mito Sopko"
"Sec 16 - Carol Stream West","Wheaton Sports Center",864,"2015-12-28 03:28:07","SnowPlus Staff","Leo Vargas"
"Sec 20 - Elk Grove Village North","1723 Marshall",107,"2015-12-28 03:27:50","SnowPlus Staff","Ernie Vargas"
"Sec 08 - Berkley","Melrose Park Center",894,"2015-12-28 03:26:48","SnowPlus Staff","Jim Jungles"
"Sec 10 - Bolingbrook West","1375 Weber",985,"2015-12-28 03:26:04","SnowPlus Staff","Donato Garcia"
"Sec 03 - Aurora","4394 Liberty",699,"2015-12-28 03:25:58","SnowPlus Staff","Mito Sopko"
"Sec 15 - Carol Stream East","545 Fullerton",730,"2015-12-28 03:25:25","SnowPlus Staff","Cody Moutvic"
"Sec 25 - Glendale Heights","139 Army Trail",181,"2015-12-28 03:23:02","SnowPlus Staff","Paul Steinhauer"
"Sec 19 - Elk Grove Village","900 Thorndale",879,"2015-12-28 03:22:17","SnowPlus Staff","Ernie Vargas"
"Sec 03 - Aurora","3901 Liberty",699,"2015-12-28 03:20:53","SnowPlus Staff","Mito Sopko"
"Sec 13 - Romeoville","160 South Creek",899,"2015-12-28 03:20:11","SnowPlus Staff","Mike Jungles"
"Sec 07 - Bensenville","971-991 Supreme",773,"2015-12-28 03:18:22","SnowPlus Staff","Ernie Vargas"
"Sec 07 - Bensenville","971-991 Supreme",773,"2015-12-28 03:18:04","SnowPlus Staff","Ernie Vargas"
"Sec 20 - Elk Grove Village North","1500 Higgins Rd",107,"2015-12-28 03:16:28","SnowPlus Staff","Ernie Vargas"
"Sec 16 - Carol Stream West","235 Tubeway",864,"2015-12-28 03:14:03","SnowPlus Staff","Leo Vargas"
"Sec 03 - Aurora","4151 McCoy",699,"2015-12-28 03:12:28","SnowPlus Staff","Mito Sopko"
"Sec 34 - Woodridge Retail","Art Van - Woodridge",309,"2015-12-28 03:09:16","SnowPlus Staff","Dan Castro"
"Sec 12 - Bolingbrook Southwest","1001 Crossroads",648,"2015-12-28 03:07:57","Admin Admin","Adam Halm"
"Sec 12 - Bolingbrook Southwest","710 Theodore",648,"2015-12-28 03:07:24","Admin Admin","Adam Halm"
"Sec 25 - Glendale Heights","110 International",181,"2015-12-28 03:03:50","SnowPlus Staff","Paul Steinhauer"
"Sec 15 - Carol Stream East","90 West Lake",730,"2015-12-28 03:03:41","SnowPlus Staff","Cody Moutvic"
"Sec 03 - Aurora","3505 Thayer",699,"2015-12-28 03:02:56","SnowPlus Staff","Mito Sopko"
"Sec 20 - Elk Grove Village North","Regent O'Hare Building Industrial Center",107,"2015-12-28 03:02:20","SnowPlus Staff","Ernie Vargas"
"Sec 25 - Glendale Heights","80 International",181,"2015-12-28 02:58:01","SnowPlus Staff","Paul Steinhauer"
"Sec 08 - Berkley","250 Manhiem",894,"2015-12-28 02:53:54","SnowPlus Staff","Jim Jungles"
"Sec 28 - Naperville East","2012 Corporate",806,"2015-12-28 02:53:23","SnowPlus Staff","Scott Erickson"
"Sec 28 - Naperville East","Canterra Commons",806,"2015-12-28 02:52:51","SnowPlus Staff","Scott Erickson"
"Sec 16 - Carol Stream West","225 Westgate",864,"2015-12-28 02:51:55","SnowPlus Staff","Leo Vargas"
"Sec 25 - Glendale Heights","180 Exchange",181,"2015-12-28 02:43:20","SnowPlus Staff","Paul Steinhauer"
"Sec 21 - Bartlett","Stearns Crossing (Retail)",547,"2015-12-28 02:43:06","SnowPlus Staff","Chad Meyer"
"Sec 16 - Carol Stream West","189 Easy",864,"2015-12-28 02:40:21","SnowPlus Staff","Leo Vargas"
"Sec 13 - Romeoville","160 South Creek",899,"2015-12-28 02:40:05","SnowPlus Staff","Mike Jungles"
"Sec 19 - Elk Grove Village","900 Thorndale",879,"2015-12-28 02:39:56","SnowPlus Staff","Ernie Vargas"
"Sec 08 - Berkley","250 Manhiem",894,"2015-12-28 02:38:20","SnowPlus Staff","Jim Jungles"
"Sec 16 - Carol Stream West","138-158 Alexandra Way",864,"2015-12-28 02:33:35","SnowPlus Staff","Leo Vargas"
"Sec 16 - Carol Stream West","365 North Ave",864,"2015-12-28 02:16:43","SnowPlus Staff","Leo Vargas"
