Location,Property,"Staff & Location - Employee Number","Submission Date","Submitted By","Assigned To"
"Sec 17 - Lombard / Oakbrook","Eisenhower Buildings",328,"01/10/2016 04:05 AM","SnowPlus Staff","Greg Skonie"
"Sec 30 - Lisle / Warrenville","Univ. Tech Institute",358,"01/10/2016 03:40 AM","SnowPlus Staff","Jose Legaspi"
"Sec 22 - Elgin",Chase,653,"01/10/2016 03:23 AM","SnowPlus Staff","Freddy Martin"
"Sec 31 - Roselle","Maines Foods",547,"01/10/2016 02:21 AM","SnowPlus Staff","Chad Meyer"
"Sec 17 - Lombard / Oakbrook","Avery School",358,"01/10/2016 02:14 AM","SnowPlus Staff","Jose Legaspi"
"Sec 13 - Romeoville","Buffalo Wild Wings and Retail",328,"01/10/2016 02:01 AM","SnowPlus Staff","Mike Jungles"
"Sec 17 - Lombard / Oakbrook","Eisenhower Buildings",819,"01/10/2016 01:47 AM","SnowPlus Staff","Greg Skonie"
"Sec 13 - Romeoville","160 South Creek",328,"01/10/2016 01:44 AM","SnowPlus Staff","Mike Jungles"
"Sec 23 - Rosemont","Ohare Schillar Park",51,"01/10/2016 01:43 AM","SnowPlus Staff","Jim Jungles"
"Sec 07 - Bensenville","1010 Foster",773,"01/10/2016 01:40 AM","SnowPlus Staff","Ernie Vargas"
"Sec 07 - Bensenville","975-1001 Bryn Mawr",773,"01/10/2016 01:40 AM","SnowPlus Staff","Ernie Vargas"
"Sec 21 - Bartlett","Stearns Crossing (Retail)",547,"01/10/2016 01:32 AM","SnowPlus Staff","Chad Meyer"
"Sec 35 - Woodridge Industrial","2401 Internationale",328,"01/10/2016 01:14 AM","SnowPlus Staff","Doug Hendon"
"Sec 35 - Woodridge Industrial","2300 Internationale",328,"01/10/2016 01:13 AM","SnowPlus Staff","Doug Hendon"
"Sec 30 - Lisle / Warrenville","1000 & 1100 Warrenville",358,"01/10/2016 01:11 AM","SnowPlus Staff","Scott Erickson"
"Sec 35 - Woodridge Industrial","2500 Internationale",328,"01/10/2016 01:10 AM","SnowPlus Staff","Doug Hendon"
"Sec 34 - Woodridge Retail","Darien Towne Center",328,"01/10/2016 01:09 AM","SnowPlus Staff","Dan Castro"
"Sec 07 - Bensenville","971-991 Supreme",773,"01/10/2016 01:04 AM","SnowPlus Staff","Ernie Vargas"
"Sec 07 - Bensenville","971-991 Supreme",773,"01/10/2016 01:03 AM","SnowPlus Staff","Ernie Vargas"
"Sec 07 - Bensenville","950-990 Supreme",773,"01/10/2016 01:03 AM","SnowPlus Staff","Ernie Vargas"
"Sec 18 - Mt. Prospect-Glenview","1471 Business Center",51,"01/10/2016 12:45 AM","SnowPlus Staff","Bobby Gomez"
"Sec 18 - Mt. Prospect-Glenview","1471 Business Center",107,"01/10/2016 12:33 AM","SnowPlus Staff","Bobby Gomez"
"Sec 18 - Mt. Prospect-Glenview","1471 Business Center",107,"01/10/2016 12:33 AM","SnowPlus Staff","Bobby Gomez"
"Sec 18 - Mt. Prospect-Glenview","1000 Milwaukee",107,"01/10/2016 12:31 AM","SnowPlus Staff","Bobby Gomez"
"Sec 18 - Mt. Prospect-Glenview","1000 Milwaukee",51,"01/10/2016 12:30 AM","SnowPlus Staff","Bobby Gomez"
"Sec 19 - Elk Grove Village","900 Thorndale",773,"01/10/2016 12:30 AM","SnowPlus Staff","Ernie Vargas"
"Sec 19 - Elk Grove Village","2700 Carl",773,"01/10/2016 12:30 AM","SnowPlus Staff","Ernie Vargas"
"Sec 19 - Elk Grove Village","1100 Thorndale",879,"01/10/2016 12:30 AM","SnowPlus Staff","Ernie Vargas"
"Sec 19 - Elk Grove Village","1100 Thorndale",846,"01/10/2016 12:30 AM","SnowPlus Staff","Ernie Vargas"
"Sec 19 - Elk Grove Village","2700 Carl",773,"01/10/2016 12:29 AM","SnowPlus Staff","Ernie Vargas"
"Sec 25 - Glendale Heights","139 Army Trail",547,"01/10/2016 12:27 AM","SnowPlus Staff","Paul Steinhauer"
"Sec 15 - Carol Stream East","355 Long View",547,"01/10/2016 12:27 AM","SnowPlus Staff","Cody Moutvic"
"Sec 19 - Elk Grove Village","2700 Carl",773,"01/10/2016 12:27 AM","SnowPlus Staff","Ernie Vargas"
"Sec 19 - Elk Grove Village","2800 Carl",773,"01/10/2016 12:27 AM","SnowPlus Staff","Ernie Vargas"
"Sec 17 - Lombard / Oakbrook","Art Van - Butterfield",819,"01/10/2016 12:11 AM","SnowPlus Staff","Greg Skonie"
"Sec 19 - Elk Grove Village","1201 Kirk",879,"01/10/2016 12:09 AM","SnowPlus Staff","Ernie Vargas"
"Sec 19 - Elk Grove Village","1601 Pratt",773,"01/10/2016 12:04 AM","SnowPlus Staff","Ernie Vargas"
"Sec 19 - Elk Grove Village","1501 Pratt",773,"01/10/2016 12:04 AM","SnowPlus Staff","Ernie Vargas"
"Sec 19 - Elk Grove Village","1501 Pratt",773,"01/10/2016 12:04 AM","SnowPlus Staff","Ernie Vargas"
"Sec 34 - Woodridge Retail","Darien Towne Center",361,"01/09/2016 11:58 PM","SnowPlus Staff","Dan Castro"
"Sec 34 - Woodridge Retail","Centerpointe Retail Centre",361,"01/09/2016 11:57 PM","SnowPlus Staff","Dan Castro"
"Sec 14 - Bolingbrook East","Road Runner Truck Lots",361,"01/09/2016 11:56 PM","SnowPlus Staff","Mike Esposito"
"Sec 14 - Bolingbrook East","555 St James Gate",361,"01/09/2016 11:56 PM","SnowPlus Staff","Mike Esposito"
"Sec 07 - Bensenville","201 Hansen",773,"01/09/2016 11:54 PM","SnowPlus Staff","Ernie Vargas"
"Sec 07 - Bensenville","855 Woodale",773,"01/09/2016 11:54 PM","SnowPlus Staff","Ernie Vargas"
"Sec 17 - Lombard / Oakbrook","Oak brook International",819,"01/09/2016 11:43 PM","SnowPlus Staff","Jim Rose"
"Sec 16 - Carol Stream West","138-158 Alexandra Way",864,"01/09/2016 11:41 PM","SnowPlus Staff","Leo Vargas"
"Sec 19 - Elk Grove Village","1300 Mark",879,"01/09/2016 11:21 PM","SnowPlus Staff","Ernie Vargas"
"Sec 19 - Elk Grove Village","1300 Mark",879,"01/09/2016 11:21 PM","SnowPlus Staff","Ernie Vargas"
"Sec 19 - Elk Grove Village","1400 Mark",879,"01/09/2016 11:20 PM","SnowPlus Staff","Ernie Vargas"
"Sec 15 - Carol Stream East","125 Army Trail",547,"01/09/2016 11:09 PM","SnowPlus Staff","Cody Moutvic"
"Sec 19 - Elk Grove Village","2521 Lively",879,"01/09/2016 11:01 PM","SnowPlus Staff","Ernie Vargas"
"Sec 19 - Elk Grove Village","2521 Lively",879,"01/09/2016 11:00 PM","SnowPlus Staff","Ernie Vargas"
"Sec 34 - Woodridge Retail","Art Van - Woodridge",328,"01/09/2016 10:50 PM","SnowPlus Staff","Dan Castro"
"Sec 19 - Elk Grove Village","2901 Lively",879,"01/09/2016 10:50 PM","SnowPlus Staff","Ernie Vargas"
"Sec 19 - Elk Grove Village","2901 Lively",879,"01/09/2016 10:49 PM","SnowPlus Staff","Ernie Vargas"
"Sec 17 - Lombard / Oakbrook","The Crossings",819,"01/09/2016 10:40 PM","SnowPlus Staff","Jim Rose"
"Sec 07 - Bensenville","1141 Ellis",107,"01/09/2016 10:31 PM","SnowPlus Staff","Ernie Vargas"
"Sec 19 - Elk Grove Village","1107 Mark",879,"01/09/2016 10:30 PM","SnowPlus Staff","Ernie Vargas"
"Sec 19 - Elk Grove Village","1201-1251 Mark",879,"01/09/2016 10:29 PM","SnowPlus Staff","Ernie Vargas"
"Sec 19 - Elk Grove Village","1301-1401 Mark",879,"01/09/2016 10:28 PM","SnowPlus Staff","Ernie Vargas"
"Sec 19 - Elk Grove Village","2781 Katherine",879,"01/09/2016 10:27 PM","SnowPlus Staff","Ernie Vargas"
"Sec 19 - Elk Grove Village","1380-1410 Kirk",879,"01/09/2016 10:27 PM","SnowPlus Staff","Ernie Vargas"
"Sec 19 - Elk Grove Village","2800 - 2900 Lively",879,"01/09/2016 10:26 PM","SnowPlus Staff","Ernie Vargas"
"Sec 25 - Glendale Heights","1620 & 1640 Fullerton Ct",547,"01/09/2016 10:09 PM","SnowPlus Staff","Paul Steinhauer"
"Sec 25 - Glendale Heights","1601 & 1625 Fullerton",547,"01/09/2016 10:09 PM","SnowPlus Staff","Paul Steinhauer"
"Sec 07 - Bensenville","311 Richert",773,"01/09/2016 10:07 PM","SnowPlus Staff","Ernie Vargas"
"Sec 05 - Bedford Park","Northstar Aerospace",980,"01/09/2016 10:06 PM","SnowPlus Staff","Enick Morris"
"Sec 05 - Bedford Park","7301 - 7361 Meade",980,"01/09/2016 10:06 PM","SnowPlus Staff","Enick Morris"
"Sec 05 - Bedford Park","Art Van - Cicero",980,"01/09/2016 10:05 PM","SnowPlus Staff","Enick Morris"
"Sec 09 - Bolingbrook North","1055 Remington",980,"01/09/2016 10:05 PM","SnowPlus Staff","Bill Gabris"
"Sec 09 - Bolingbrook North","850 Veterans",980,"01/09/2016 10:05 PM","SnowPlus Staff","Bill Gabris"
"Sec 09 - Bolingbrook North","605 Territorial",980,"01/09/2016 10:05 PM","SnowPlus Staff","Bill Gabris"
"Sec 09 - Bolingbrook North","595 Territorial",980,"01/09/2016 10:05 PM","SnowPlus Staff","Bill Gabris"
"Sec 09 - Bolingbrook North","655 Remington",980,"01/09/2016 10:05 PM","SnowPlus Staff","Bill Gabris"
"Sec 09 - Bolingbrook North","750 Veterans",980,"01/09/2016 10:05 PM","SnowPlus Staff","Bill Gabris"
"Sec 09 - Bolingbrook North","500 & 510 Territorial & 1 Northpointe Ct",980,"01/09/2016 10:04 PM","SnowPlus Staff","Bill Gabris"
"Sec 09 - Bolingbrook North","606-612 Territorial",980,"01/09/2016 10:04 PM","SnowPlus Staff","Bill Gabris"
"Sec 07 - Bensenville","1001 Foster",107,"01/09/2016 10:04 PM","SnowPlus Staff","Ernie Vargas"
"Sec 09 - Bolingbrook North","850 Remington",980,"01/09/2016 10:04 PM","SnowPlus Staff","Bill Gabris"
"Sec 09 - Bolingbrook North","581 Territorial",980,"01/09/2016 10:04 PM","SnowPlus Staff","Bill Gabris"
"Sec 09 - Bolingbrook North","340 Remington",980,"01/09/2016 10:04 PM","SnowPlus Staff","Bill Gabris"
"Sec 09 - Bolingbrook North","550 West North Frontage Rd",980,"01/09/2016 10:04 PM","SnowPlus Staff","Bill Gabris"
"Sec 07 - Bensenville","571-599 Edgewood",773,"01/09/2016 10:01 PM","SnowPlus Staff","Ernie Vargas"
"Sec 35 - Woodridge Industrial","2300 Internationale",328,"01/09/2016 09:53 PM","SnowPlus Staff","Doug Hendon"
"Sec 13 - Romeoville","Buffalo Wild Wings and Retail",899,"01/09/2016 09:39 PM","SnowPlus Staff","Mike Jungles"
"Sec 35 - Woodridge Industrial","2401 Internationale",328,"01/09/2016 09:30 PM","SnowPlus Staff","Doug Hendon"
"Sec 35 - Woodridge Industrial","Graham Packaging",328,"01/09/2016 09:30 PM","SnowPlus Staff","Doug Hendon"
"Sec 07 - Bensenville","860-888 Thomas",773,"01/09/2016 09:24 PM","SnowPlus Staff","Ernie Vargas"
"Sec 07 - Bensenville","560-590 Supreme",773,"01/09/2016 09:23 PM","SnowPlus Staff","Ernie Vargas"
"Sec 07 - Bensenville","595-601 Supreme",773,"01/09/2016 09:23 PM","SnowPlus Staff","Ernie Vargas"
"Sec 07 - Bensenville","595-601 Supreme",773,"01/09/2016 09:23 PM","SnowPlus Staff","Ernie Vargas"
"Sec 17 - Lombard / Oakbrook","601 Oakmont",819,"01/09/2016 09:19 PM","SnowPlus Staff","Greg Skonie"
"Sec 19 - Elk Grove Village","1501 Pratt",107,"01/09/2016 09:18 PM","SnowPlus Staff","Ernie Vargas"
"Sec 19 - Elk Grove Village","1601 Pratt",107,"01/09/2016 09:17 PM","SnowPlus Staff","Ernie Vargas"
"Sec 19 - Elk Grove Village","1501 Pratt",107,"01/09/2016 09:16 PM","SnowPlus Staff","Ernie Vargas"
"Sec 33 - University Park","DSC Logistics",102,"01/09/2016 09:14 PM","SnowPlus Staff","Scott Senne"
"Sec 26 - Itasca",Canon,314,"01/09/2016 09:10 PM","SnowPlus Staff","Don Down"
"Sec 30 - Lisle / Warrenville","Univ. Tech Institute",358,"01/09/2016 09:10 PM","SnowPlus Staff","Jose Legaspi"
"Sec 26 - Itasca","1376 Industrial",314,"01/09/2016 09:09 PM","SnowPlus Staff","Don Down"
"Sec 26 - Itasca","225 Windsor",314,"01/09/2016 09:09 PM","SnowPlus Staff","Don Down"
"Sec 10 - Bolingbrook West","1101-1109 Windham  2 bldgs",899,"01/09/2016 09:07 PM","SnowPlus Staff","Donato Garcia"
"Sec 19 - Elk Grove Village","1380-1410 Kirk",879,"01/09/2016 09:07 PM","SnowPlus Staff","Ernie Vargas"
"Sec 19 - Elk Grove Village","1380-1410 Kirk",879,"01/09/2016 09:05 PM","SnowPlus Staff","Ernie Vargas"
"Sec 35 - Woodridge Industrial","2500 Internationale",328,"01/09/2016 08:49 PM","SnowPlus Staff","Doug Hendon"
"Sec 25 - Glendale Heights","699 Regency",547,"01/09/2016 08:46 PM","SnowPlus Staff","Paul Steinhauer"
"Sec 07 - Bensenville","600-608 & 610-620 Supreme ( 2 bdgs)",773,"01/09/2016 08:45 PM","SnowPlus Staff","Ernie Vargas"
"Sec 07 - Bensenville","600-608 & 610-620 Supreme ( 2 bdgs)",773,"01/09/2016 08:45 PM","SnowPlus Staff","Ernie Vargas"
"Sec 19 - Elk Grove Village","1301-1401 Mark",879,"01/09/2016 08:43 PM","SnowPlus Staff","Ernie Vargas"
"Sec 20 - Elk Grove Village North","1723 Marshall",107,"01/09/2016 08:39 PM","SnowPlus Staff","Ernie Vargas"
"Sec 13 - Romeoville","Buffalo Wild Wings and Retail",899,"01/09/2016 08:38 PM","SnowPlus Staff","Mike Jungles"
"Sec 33 - University Park","Matteson Retail Center",102,"01/09/2016 08:37 PM","SnowPlus Staff","Scott Senne"
"Sec 33 - University Park","UTI Michelin",102,"01/09/2016 08:37 PM","SnowPlus Staff","Scott Senne"
"Sec 17 - Lombard / Oakbrook","1 S 450 Summit",819,"01/09/2016 08:34 PM","SnowPlus Staff","Greg Skonie"
"Sec 26 - Itasca","909 Irving Park",314,"01/09/2016 08:30 PM","SnowPlus Staff","Don Down"
"Sec 26 - Itasca","690 Hilltop",314,"01/09/2016 08:30 PM","SnowPlus Staff","Don Down"
"Sec 10 - Bolingbrook West","1501 Remington",361,"01/09/2016 08:27 PM","SnowPlus Staff","Donato Garcia"
"Sec 10 - Bolingbrook West","1601 Remington",361,"01/09/2016 08:27 PM","SnowPlus Staff","Donato Garcia"
"Sec 20 - Elk Grove Village North","951 Fargo",107,"01/09/2016 08:22 PM","SnowPlus Staff","Ernie Vargas"
"Sec 07 - Bensenville","630-650 Supreme",773,"01/09/2016 08:20 PM","SnowPlus Staff","Ernie Vargas"
"Sec 07 - Bensenville","630-650 Supreme",773,"01/09/2016 08:20 PM","SnowPlus Staff","Ernie Vargas"
"Sec 19 - Elk Grove Village","1107 Mark",879,"01/09/2016 08:18 PM","SnowPlus Staff","Ernie Vargas"
"Sec 19 - Elk Grove Village","1201-1251 Mark",879,"01/09/2016 08:17 PM","SnowPlus Staff","Ernie Vargas"
"Sec 25 - Glendale Heights","80 International",547,"01/09/2016 08:15 PM","SnowPlus Staff","Paul Steinhauer"
"Sec 17 - Lombard / Oakbrook","2301-2311 22nd St",819,"01/09/2016 08:13 PM","SnowPlus Staff","Greg Skonie"
"Sec 07 - Bensenville","645-651 Supreme",773,"01/09/2016 08:08 PM","SnowPlus Staff","Ernie Vargas"
"Sec 20 - Elk Grove Village North","1500 Higgins Rd",107,"01/09/2016 08:03 PM","SnowPlus Staff","Ernie Vargas"
"Sec 19 - Elk Grove Village","900 Thorndale",879,"01/09/2016 07:58 PM","SnowPlus Staff","Ernie Vargas"
"Sec 25 - Glendale Heights","111 International",547,"01/09/2016 07:57 PM","SnowPlus Staff","Paul Steinhauer"
"Sec 07 - Bensenville","659-699 Supreme",773,"01/09/2016 07:57 PM","SnowPlus Staff","Ernie Vargas"
"Sec 08 - Berkeley","Melrose Park Center",894,"01/09/2016 07:56 PM","SnowPlus Staff","Jim Jungles"
"Sec 35 - Woodridge Industrial","10350 Beaudin",328,"01/09/2016 07:56 PM","SnowPlus Staff","Doug Hendon"
"Sec 01 - Addison","Devry University",314,"01/09/2016 07:54 PM","SnowPlus Staff","Wally Sternberg"
"Sec 07 - Bensenville","971-991 Supreme",773,"01/09/2016 07:50 PM","SnowPlus Staff","Ernie Vargas"
"Sec 25 - Glendale Heights","110 International",547,"01/09/2016 07:48 PM","SnowPlus Staff","Paul Steinhauer"
"Sec 19 - Elk Grove Village","2700 Carl",879,"01/09/2016 07:46 PM","SnowPlus Staff","Ernie Vargas"
"Sec 20 - Elk Grove Village North","Regent O'Hare Building Industrial Center",107,"01/09/2016 07:45 PM","SnowPlus Staff","Ernie Vargas"
"Sec 08 - Berkeley","250 Manhiem",894,"01/09/2016 07:44 PM","SnowPlus Staff","Jim Jungles"
"Sec 10 - Bolingbrook West","1375 Weber",361,"01/09/2016 07:43 PM","SnowPlus Staff","Donato Garcia"
"Sec 10 - Bolingbrook West","1290 Remington",361,"01/09/2016 07:43 PM","SnowPlus Staff","Donato Garcia"
"Sec 28 - Naperville East","Canterra Commons",806,"01/09/2016 07:43 PM","SnowPlus Staff","Scott Erickson"
"Sec 10 - Bolingbrook West","901 Carlow",361,"01/09/2016 07:43 PM","SnowPlus Staff","Donato Garcia"
"Sec 17 - Lombard / Oakbrook","Art Van - Butterfield",819,"01/09/2016 07:42 PM","SnowPlus Staff","Greg Skonie"
"Sec 17 - Lombard / Oakbrook","Art Van - Butterfield",819,"01/09/2016 07:42 PM","SnowPlus Staff","Greg Skonie"
"Sec 01 - Addison","2171 Executive",314,"01/09/2016 07:39 PM","SnowPlus Staff","Wally Sternberg"
"Sec 07 - Bensenville","950-990 Supreme",773,"01/09/2016 07:39 PM","SnowPlus Staff","Ernie Vargas"
"Sec 07 - Bensenville","950-990 Supreme",773,"01/09/2016 07:39 PM","SnowPlus Staff","Ernie Vargas"
"Sec 25 - Glendale Heights","180 Exchange",547,"01/09/2016 07:38 PM","SnowPlus Staff","Paul Steinhauer"
"Sec 19 - Elk Grove Village","2800 Carl",879,"01/09/2016 07:37 PM","SnowPlus Staff","Ernie Vargas"
"Sec 35 - Woodridge Industrial","10220 Werch",328,"01/09/2016 07:35 PM","SnowPlus Staff","Doug Hendon"
"Sec 18 - Mt. Prospect-Glenview","1471 Business Center",51,"01/09/2016 07:28 PM","SnowPlus Staff","Bobby Gomez"
"Sec 27 - Joliet","1695 Crossroads",899,"01/09/2016 07:28 PM","SnowPlus Staff","Bob Inabnit"
"Sec 25 - Glendale Heights","139 Army Trail",547,"01/09/2016 07:24 PM","SnowPlus Staff","Paul Steinhauer"
"Sec 12 - Bolingbrook Southwest","1115 Hosler Dr",648,"01/09/2016 07:22 PM","Admin Admin","Adam Halm"
"Sec 12 - Bolingbrook Southwest","710 Theodore",648,"01/09/2016 07:21 PM","Admin Admin","Adam Halm"
"Sec 12 - Bolingbrook Southwest","1001 Crossroads",648,"01/09/2016 07:20 PM","Admin Admin","Adam Halm"
"Sec 12 - Bolingbrook Southwest","860 Crossroads",648,"01/09/2016 07:20 PM","Admin Admin","Adam Halm"
"Sec 12 - Bolingbrook Southwest","775 Prologis",648,"01/09/2016 07:19 PM","Admin Admin","Adam Halm"
"Sec 08 - Berkeley","4700 Proviso",894,"01/09/2016 07:19 PM","SnowPlus Staff","Jim Jungles"
"Sec 12 - Bolingbrook Southwest","760 Crossroads",648,"01/09/2016 07:19 PM","Admin Admin","Adam Halm"
"Sec 12 - Bolingbrook Southwest","969 Veterans",648,"01/09/2016 07:18 PM","Admin Admin","Adam Halm"
"Sec 35 - Woodridge Industrial",Xcell,328,"01/09/2016 07:17 PM","SnowPlus Staff","Doug Hendon"
"Sec 16 - Carol Stream West","235 Tubeway",864,"01/09/2016 07:07 PM","SnowPlus Staff","Leo Vargas"
"Sec 20 - Elk Grove Village North","Regent O'Hare Building E & F",107,"01/09/2016 07:06 PM","SnowPlus Staff","Ernie Vargas"
"Sec 20 - Elk Grove Village North","Regent O'Hare Building A",107,"01/09/2016 07:05 PM","SnowPlus Staff","Ernie Vargas"
"Sec 20 - Elk Grove Village North","Regent O'Hare Building B",107,"01/09/2016 07:04 PM","SnowPlus Staff","Ernie Vargas"
"Sec 27 - Joliet","4001 Rock Creek",899,"01/09/2016 07:01 PM","SnowPlus Staff","Bob Inabnit"
"Sec 27 - Joliet","4001 Rock Creek",899,"01/09/2016 07:01 PM","SnowPlus Staff","Bob Inabnit"
"Sec 28 - Naperville East","2012 Corporate",906,"01/09/2016 07:00 PM","SnowPlus Staff","Scott Erickson"
"Sec 20 - Elk Grove Village North","Tech Center I",107,"01/09/2016 07:00 PM","SnowPlus Staff","Ernie Vargas"
"Sec 20 - Elk Grove Village North","Tech Center I",107,"01/09/2016 06:59 PM","SnowPlus Staff","Ernie Vargas"
"Sec 20 - Elk Grove Village North","Tech Center I",107,"01/09/2016 06:59 PM","SnowPlus Staff","Ernie Vargas"
"Sec 20 - Elk Grove Village North","1800 Landmeier",107,"01/09/2016 06:58 PM","SnowPlus Staff","Ernie Vargas"
"Sec 20 - Elk Grove Village North","Tech Center II",107,"01/09/2016 06:57 PM","SnowPlus Staff","Ernie Vargas"
"Sec 03 - Aurora","3505 Thayer",699,"01/09/2016 06:56 PM","SnowPlus Staff","Mito Sopko"
"Sec 09 - Bolingbrook North","655 Remington",361,"01/09/2016 06:52 PM","SnowPlus Staff","Bill Gabris"
"Sec 09 - Bolingbrook North","340 Remington",361,"01/09/2016 06:52 PM","SnowPlus Staff","Bill Gabris"
"Sec 27 - Joliet","3311 & 3325 Corporate",899,"01/09/2016 06:48 PM","SnowPlus Staff","Bob Inabnit"
"Sec 03 - Aurora","4151 McCoy",699,"01/09/2016 06:46 PM","SnowPlus Staff","Mito Sopko"
"Sec 16 - Carol Stream West","225 Westgate",864,"01/09/2016 06:40 PM","SnowPlus Staff","Leo Vargas"
"Sec 32 - Schaumburg","Art Van Schaumburg",726,"01/09/2016 06:39 PM","SnowPlus Staff","Brandon Temesuary"
"Sec 34 - Woodridge Retail","Darien Towne Center",328,"01/09/2016 06:39 PM","SnowPlus Staff","Dan Castro"
"Sec 01 - Addison","775 Belden",314,"01/09/2016 06:38 PM","SnowPlus Staff","Wally Sternberg"
"Sec 29 - Naperville West","220 Frontenac",806,"01/09/2016 06:38 PM","SnowPlus Staff","Mito Sopko"
"Sec 01 - Addison","710 Belden",314,"01/09/2016 06:38 PM","SnowPlus Staff","Wally Sternberg"
"Sec 01 - Addison","780 Belden",314,"01/09/2016 06:37 PM","SnowPlus Staff","Wally Sternberg"
"Sec 03 - Aurora","4222 Meridian Pkwy",699,"01/09/2016 06:33 PM","SnowPlus Staff","Mito Sopko"
"Sec 09 - Bolingbrook North","655 Remington",361,"01/09/2016 06:32 PM","SnowPlus Staff","Bill Gabris"
"Sec 03 - Aurora","858 Meridian",699,"01/09/2016 06:27 PM","SnowPlus Staff","Mito Sopko"
"Sec 09 - Bolingbrook North","605 Territorial",361,"01/09/2016 06:23 PM","SnowPlus Staff","Bill Gabris"
"Sec 09 - Bolingbrook North","500 & 510 Territorial & 1 Northpointe Ct",361,"01/09/2016 06:23 PM","SnowPlus Staff","Bill Gabris"
"Sec 09 - Bolingbrook North","606-612 Territorial",361,"01/09/2016 06:22 PM","SnowPlus Staff","Bill Gabris"
"Sec 09 - Bolingbrook North","581 Territorial",361,"01/09/2016 06:22 PM","SnowPlus Staff","Bill Gabris"
"Sec 29 - Naperville West",Kellogg,806,"01/09/2016 06:20 PM","SnowPlus Staff","Scott Erickson"
"Sec 29 - Naperville West","International Paper",806,"01/09/2016 06:20 PM","SnowPlus Staff","Scott Erickson"
"Sec 13 - Romeoville","Buffalo Wild Wings and Retail",899,"01/09/2016 06:19 PM","SnowPlus Staff","Mike Jungles"
"Sec 04 - Aurora West / Batavia","2401 Kaneville Rd",806,"01/09/2016 06:19 PM","SnowPlus Staff",
"Sec 32 - Schaumburg","1051 Perimeter",726,"01/09/2016 06:19 PM","SnowPlus Staff","Brandon Temesuary"
"Sec 03 - Aurora","3901 Liberty",699,"01/09/2016 06:18 PM","SnowPlus Staff","Mito Sopko"
"Sec 16 - Carol Stream West","Wheaton Sports Center",202,"01/09/2016 06:18 PM","SnowPlus Staff","Leo Vargas"
"Sec 03 - Aurora","3901 Liberty",699,"01/09/2016 06:18 PM","SnowPlus Staff","Mito Sopko"
"Sec 04 - Aurora West / Batavia","Art Van - Batavia",806,"01/09/2016 06:18 PM","SnowPlus Staff",
"Sec 03 - Aurora","4394 Liberty",699,"01/09/2016 06:13 PM","SnowPlus Staff","Mito Sopko"
"Sec 16 - Carol Stream West","365 North Ave",864,"01/09/2016 05:58 PM","SnowPlus Staff","Leo Vargas"
"Sec 17 - Lombard / Oakbrook","Art Van - Butterfield",699,"01/09/2016 05:45 PM","SnowPlus Staff","Greg Skonie"
"Sec 16 - Carol Stream West","Fresh Markets",202,"01/09/2016 05:45 PM","SnowPlus Staff","Leo Vargas"
"Sec 09 - Bolingbrook North","1055 Remington",361,"01/09/2016 05:44 PM","SnowPlus Staff","Bill Gabris"
"Sec 09 - Bolingbrook North","850 Veterans",361,"01/09/2016 05:44 PM","SnowPlus Staff","Bill Gabris"
"Sec 09 - Bolingbrook North","750 Veterans",361,"01/09/2016 05:43 PM","SnowPlus Staff","Bill Gabris"
"Sec 09 - Bolingbrook North","850 Remington",361,"01/09/2016 05:43 PM","SnowPlus Staff","Bill Gabris"
"Sec 34 - Woodridge Retail","Centerpointe Retail Centre",648,"01/09/2016 05:39 PM","Admin Admin","Dan Castro"
"Sec 34 - Woodridge Retail","Art Van - Woodridge",328,"01/09/2016 05:38 PM","SnowPlus Staff","Dan Castro"
"Sec 13 - Romeoville","Buffalo Wild Wings and Retail",899,"01/09/2016 05:17 PM","SnowPlus Staff","Mike Jungles"
"Sec 05 - Bedford Park","Art Van - Cicero",24,"01/08/2016 01:59 PM","SnowPlus Staff","Enick Morris"
"Sec 31 - Roselle","5700 Turnberry",547,"01/07/2016 05:49 AM","SnowPlus Staff","Chad Meyer"
"Sec 31 - Roselle","Maines Foods",547,"01/07/2016 05:49 AM","SnowPlus Staff","Chad Meyer"
"Sec 31 - Roselle","1600 Central",547,"01/07/2016 05:49 AM","SnowPlus Staff","Chad Meyer"
"Sec 31 - Roselle","200 Gary Service Road",547,"01/07/2016 05:49 AM","SnowPlus Staff","Chad Meyer"
"Sec 31 - Roselle","200 Gary",547,"01/07/2016 05:49 AM","SnowPlus Staff","Chad Meyer"
"Sec 31 - Roselle","100 Gary",547,"01/07/2016 05:49 AM","SnowPlus Staff","Chad Meyer"
"Sec 31 - Roselle","50 Gary",547,"01/07/2016 05:48 AM","SnowPlus Staff","Chad Meyer"
"Sec 15 - Carol Stream East","417 Village",202,"01/07/2016 04:42 AM","SnowPlus Staff","Cody Moutvic"
"Sec 15 - Carol Stream East","700 Kimberly",202,"01/07/2016 04:41 AM","SnowPlus Staff","Cody Moutvic"
"Sec 15 - Carol Stream East","810 Kimberly",202,"01/07/2016 04:41 AM","SnowPlus Staff","Cody Moutvic"
"Sec 15 - Carol Stream East","810 Kimberly",202,"01/07/2016 04:40 AM","SnowPlus Staff","Cody Moutvic"
"Sec 15 - Carol Stream East","900 Kimberly",202,"01/07/2016 04:40 AM","SnowPlus Staff","Cody Moutvic"
"Sec 15 - Carol Stream East","230 Lies",202,"01/07/2016 04:40 AM","SnowPlus Staff","Cody Moutvic"
"Sec 15 - Carol Stream East","355 Long View",202,"01/07/2016 04:39 AM","SnowPlus Staff","Cody Moutvic"
"Sec 16 - Carol Stream West","365 North Ave",202,"01/07/2016 04:38 AM","SnowPlus Staff","Leo Vargas"
"Sec 16 - Carol Stream West","138-158 Alexandra Way",202,"01/07/2016 04:38 AM","SnowPlus Staff","Leo Vargas"
"Sec 16 - Carol Stream West","189 Easy",202,"01/07/2016 04:38 AM","SnowPlus Staff","Leo Vargas"
"Sec 16 - Carol Stream West","189 Easy",202,"01/07/2016 04:38 AM","SnowPlus Staff","Leo Vargas"
"Sec 16 - Carol Stream West","235 Tubeway",202,"01/07/2016 04:37 AM","SnowPlus Staff","Leo Vargas"
"Sec 16 - Carol Stream West","225 Westgate",202,"01/07/2016 04:37 AM","SnowPlus Staff","Leo Vargas"
"Sec 09 - Bolingbrook North","606-612 Territorial",985,"01/07/2016 04:34 AM","SnowPlus Staff","Bill Gabris"
"Sec 09 - Bolingbrook North","500 & 510 Territorial & 1 Northpointe Ct",648,"01/07/2016 04:30 AM","Admin Admin","Bill Gabris"
"Sec 09 - Bolingbrook North","655 Remington",648,"01/07/2016 04:29 AM","Admin Admin","Bill Gabris"
"Sec 25 - Glendale Heights","80 International",314,"01/07/2016 04:26 AM","SnowPlus Staff","Paul Steinhauer"
"Sec 17 - Lombard / Oakbrook","The Crossings",819,"01/07/2016 04:19 AM","SnowPlus Staff","Jim Rose"
"Sec 17 - Lombard / Oakbrook","601 Oakmont",819,"01/07/2016 04:18 AM","SnowPlus Staff","Greg Skonie"
"Sec 09 - Bolingbrook North","581 Territorial",985,"01/07/2016 04:18 AM","SnowPlus Staff","Bill Gabris"
"Sec 25 - Glendale Heights","111 International",314,"01/07/2016 04:17 AM","SnowPlus Staff","Paul Steinhauer"
"Sec 07 - Bensenville","975-1001 Bryn Mawr",107,"01/07/2016 04:15 AM","SnowPlus Staff","Ernie Vargas"
"Sec 25 - Glendale Heights","139 Army Trail",726,"01/07/2016 04:14 AM","SnowPlus Staff","Paul Steinhauer"
"Sec 07 - Bensenville","855 Woodale",773,"01/07/2016 04:13 AM","SnowPlus Staff","Ernie Vargas"
"Sec 07 - Bensenville","855 Woodale",773,"01/07/2016 04:08 AM","SnowPlus Staff","Ernie Vargas"
"Sec 18 - Mt. Prospect-Glenview","1000 Milwaukee",51,"01/07/2016 04:07 AM","SnowPlus Staff","Bobby Gomez"
"Sec 25 - Glendale Heights","699 Regency",314,"01/07/2016 04:05 AM","SnowPlus Staff","Paul Steinhauer"
"Sec 09 - Bolingbrook North","750 Veterans",648,"01/07/2016 04:04 AM","Admin Admin","Bill Gabris"
"Sec 07 - Bensenville","1010 Foster",107,"01/07/2016 04:04 AM","SnowPlus Staff","Ernie Vargas"
"Sec 09 - Bolingbrook North","850 Remington",985,"01/07/2016 04:04 AM","SnowPlus Staff","Bill Gabris"
"Sec 09 - Bolingbrook North","850 Veterans",648,"01/07/2016 04:04 AM","Admin Admin","Bill Gabris"
"Sec 28 - Naperville East","2012 Corporate",547,"01/07/2016 04:00 AM","SnowPlus Staff","Scott Erickson"
"Sec 28 - Naperville East","Canterra Commons",547,"01/07/2016 04:00 AM","SnowPlus Staff","Scott Erickson"
"Sec 16 - Carol Stream West","Wheaton Sports Center",358,"01/07/2016 03:57 AM","SnowPlus Staff","Leo Vargas"
"Sec 17 - Lombard / Oakbrook","601 Oakmont",819,"01/07/2016 03:57 AM","SnowPlus Staff","Greg Skonie"
"Sec 15 - Carol Stream East","355 Long View",202,"01/07/2016 03:56 AM","SnowPlus Staff","Cody Moutvic"
"Sec 15 - Carol Stream East","355 Long View",202,"01/07/2016 03:56 AM","SnowPlus Staff","Cody Moutvic"
"Sec 27 - Joliet","3311 & 3325 Corporate",899,"01/07/2016 03:55 AM","SnowPlus Staff","Bob Inabnit"
"Sec 25 - Glendale Heights","1620 & 1640 Fullerton Ct",314,"01/07/2016 03:54 AM","SnowPlus Staff","Paul Steinhauer"
"Sec 25 - Glendale Heights","1601 & 1625 Fullerton",314,"01/07/2016 03:54 AM","SnowPlus Staff","Paul Steinhauer"
"Sec 09 - Bolingbrook North","340 Remington",985,"01/07/2016 03:53 AM","SnowPlus Staff","Bill Gabris"
"Sec 07 - Bensenville","626-630 Thomas",107,"01/07/2016 03:53 AM","SnowPlus Staff","Ernie Vargas"
"Sec 14 - Bolingbrook East","254 Internationale",648,"01/07/2016 03:45 AM","Admin Admin","Mike Esposito"
"Sec 14 - Bolingbrook East","333 Gilbralter",648,"01/07/2016 03:44 AM","Admin Admin","Mike Esposito"
"Sec 12 - Bolingbrook Southwest","710 Theodore",648,"01/07/2016 03:43 AM","Admin Admin","Adam Halm"
"Sec 12 - Bolingbrook Southwest","1001 Crossroads",648,"01/07/2016 03:42 AM","Admin Admin","Adam Halm"
"Sec 12 - Bolingbrook Southwest","860 Crossroads",648,"01/07/2016 03:42 AM","Admin Admin","Adam Halm"
"Sec 12 - Bolingbrook Southwest","775 Prologis",648,"01/07/2016 03:41 AM","Admin Admin","Adam Halm"
"Sec 12 - Bolingbrook Southwest","760 Crossroads",648,"01/07/2016 03:41 AM","Admin Admin","Adam Halm"
"Sec 12 - Bolingbrook Southwest","969 Veterans",648,"01/07/2016 03:40 AM","Admin Admin","Adam Halm"
"Sec 11 - Bolingbrook South","1287 Naperville",648,"01/07/2016 03:40 AM","Admin Admin","Tom Ustaszewski"
"Sec 17 - Lombard / Oakbrook","1 S 450 Summit",819,"01/07/2016 03:39 AM","SnowPlus Staff","Greg Skonie"
"Sec 11 - Bolingbrook South","505 Crossroads",648,"01/07/2016 03:39 AM","Admin Admin","Tom Ustaszewski"
"Sec 11 - Bolingbrook South","400 Crossroads",648,"01/07/2016 03:38 AM","Admin Admin","Tom Ustaszewski"
"Sec 07 - Bensenville","877 Supreme",107,"01/07/2016 03:34 AM","SnowPlus Staff","Ernie Vargas"
"Sec 03 - Aurora","3505 Thayer",726,"01/07/2016 03:33 AM","SnowPlus Staff","Mito Sopko"
"Sec 30 - Lisle / Warrenville","535 Diehl",358,"01/07/2016 03:29 AM","SnowPlus Staff","Scott Erickson"
"Sec 17 - Lombard / Oakbrook","2301-2311 22nd St",819,"01/07/2016 03:27 AM","SnowPlus Staff","Greg Skonie"
"Sec 07 - Bensenville","877 Supreme",107,"01/07/2016 03:25 AM","SnowPlus Staff","Ernie Vargas"
"Sec 26 - Itasca",Canon,314,"01/07/2016 03:23 AM","SnowPlus Staff","Don Down"
"Sec 18 - Mt. Prospect-Glenview","1471 Business Center",51,"01/07/2016 03:23 AM","SnowPlus Staff","Bobby Gomez"
"Sec 26 - Itasca","225 Windsor",314,"01/07/2016 03:22 AM","SnowPlus Staff","Don Down"
"Sec 10 - Bolingbrook West","1601 Remington",985,"01/07/2016 03:21 AM","SnowPlus Staff","Donato Garcia"
"Sec 07 - Bensenville","201 Hansen",773,"01/07/2016 03:21 AM","SnowPlus Staff","Ernie Vargas"
"Sec 10 - Bolingbrook West","1501 Remington",985,"01/07/2016 03:20 AM","SnowPlus Staff","Donato Garcia"
"Sec 03 - Aurora","4151 McCoy",726,"01/07/2016 03:20 AM","SnowPlus Staff","Mito Sopko"
"Sec 29 - Naperville West","220 Frontenac",547,"01/07/2016 03:19 AM","SnowPlus Staff","Mito Sopko"
"Sec 30 - Lisle / Warrenville","1000 & 1100 Warrenville",358,"01/07/2016 03:19 AM","SnowPlus Staff","Scott Erickson"
"Sec 17 - Lombard / Oakbrook","Oak brook International",819,"01/07/2016 03:14 AM","SnowPlus Staff","Jim Rose"
"Sec 27 - Joliet","3311 & 3325 Corporate",899,"01/07/2016 03:11 AM","SnowPlus Staff","Bob Inabnit"
"Sec 03 - Aurora","3901 Liberty",726,"01/07/2016 03:11 AM","SnowPlus Staff","Mito Sopko"
"Sec 35 - Woodridge Industrial","2300 Internationale",980,"01/07/2016 03:09 AM","SnowPlus Staff","Doug Hendon"
"Sec 35 - Woodridge Industrial","Graham Packaging",980,"01/07/2016 03:09 AM","SnowPlus Staff","Doug Hendon"
"Sec 35 - Woodridge Industrial","2500 Internationale",980,"01/07/2016 03:08 AM","SnowPlus Staff","Doug Hendon"
"Sec 07 - Bensenville","311 Richert",773,"01/07/2016 03:08 AM","SnowPlus Staff","Ernie Vargas"
"Sec 35 - Woodridge Industrial","2401 Internationale",980,"01/07/2016 03:08 AM","SnowPlus Staff","Doug Hendon"
"Sec 07 - Bensenville","571-599 Edgewood",773,"01/07/2016 03:08 AM","SnowPlus Staff","Ernie Vargas"
"Sec 07 - Bensenville","560-590 Supreme",107,"01/07/2016 03:07 AM","SnowPlus Staff","Ernie Vargas"
"Sec 03 - Aurora","Sec - 3 Aurora Overview",726,"01/07/2016 03:05 AM","SnowPlus Staff","Mito Sopko"
"Sec 26 - Itasca","1376 Industrial",314,"01/07/2016 03:05 AM","SnowPlus Staff","Don Down"
"Sec 07 - Bensenville","311 Richert",773,"01/07/2016 03:02 AM","SnowPlus Staff","Ernie Vargas"
"Sec 10 - Bolingbrook West","901 Carlow",985,"01/07/2016 03:02 AM","SnowPlus Staff","Donato Garcia"
"Sec 17 - Lombard / Oakbrook","Art Van - Butterfield",819,"01/07/2016 03:00 AM","SnowPlus Staff","Greg Skonie"
"Sec 35 - Woodridge Industrial","10350 Beaudin",980,"01/07/2016 02:59 AM","SnowPlus Staff","Doug Hendon"
"Sec 03 - Aurora","4394 Liberty",726,"01/07/2016 02:58 AM","SnowPlus Staff","Mito Sopko"
"Sec 07 - Bensenville","600-608 & 610-620 Supreme ( 2 bdgs)",107,"01/07/2016 02:58 AM","SnowPlus Staff","Ernie Vargas"
"Sec 26 - Itasca","1376 Industrial",314,"01/07/2016 02:57 AM","SnowPlus Staff","Don Down"
"Sec 30 - Lisle / Warrenville","Univ. Tech Institute",358,"01/07/2016 02:56 AM","SnowPlus Staff","Jose Legaspi"
"Sec 20 - Elk Grove Village North","1723 Marshall",51,"01/07/2016 02:56 AM","SnowPlus Staff","Ernie Vargas"
"Sec 19 - Elk Grove Village","2800 - 2900 Lively",773,"01/07/2016 02:54 AM","SnowPlus Staff","Ernie Vargas"
"Sec 17 - Lombard / Oakbrook","Eisenhower Buildings",819,"01/07/2016 02:52 AM","SnowPlus Staff","Greg Skonie"
"Sec 35 - Woodridge Industrial","10220 Werch",980,"01/07/2016 02:51 AM","SnowPlus Staff","Doug Hendon"
"Sec 26 - Itasca","690 Hilltop",314,"01/07/2016 02:50 AM","SnowPlus Staff","Don Down"
"Sec 26 - Itasca","909 Irving Park",314,"01/07/2016 02:50 AM","SnowPlus Staff","Don Down"
"Sec 07 - Bensenville","595-601 Supreme",107,"01/07/2016 02:49 AM","SnowPlus Staff","Ernie Vargas"
"Sec 07 - Bensenville","645-651 Supreme",107,"01/07/2016 02:45 AM","SnowPlus Staff","Ernie Vargas"
"Sec 20 - Elk Grove Village North","1500 Higgins Rd",51,"01/07/2016 02:42 AM","SnowPlus Staff","Ernie Vargas"
"Sec 15 - Carol Stream East","125 Army Trail",202,"01/07/2016 02:42 AM","SnowPlus Staff","Cody Moutvic"
"Sec 15 - Carol Stream East","175 Wall St",202,"01/07/2016 02:42 AM","SnowPlus Staff","Cody Moutvic"
"Sec 15 - Carol Stream East","376 Lies",202,"01/07/2016 02:42 AM","SnowPlus Staff","Cody Moutvic"
"Sec 15 - Carol Stream East","437 Tower",202,"01/07/2016 02:41 AM","SnowPlus Staff","Cody Moutvic"
"Sec 15 - Carol Stream East","545 Fullerton",202,"01/07/2016 02:41 AM","SnowPlus Staff","Cody Moutvic"
"Sec 15 - Carol Stream East","545 Fullerton",202,"01/07/2016 02:41 AM","SnowPlus Staff","Cody Moutvic"
"Sec 35 - Woodridge Industrial",Xcell,980,"01/07/2016 02:41 AM","SnowPlus Staff","Doug Hendon"
"Sec 15 - Carol Stream East","90 West Lake",202,"01/07/2016 02:41 AM","SnowPlus Staff","Cody Moutvic"
"Sec 13 - Romeoville","Buffalo Wild Wings and Retail",899,"01/07/2016 02:40 AM","SnowPlus Staff","Mike Jungles"
"Sec 29 - Naperville West",Kellogg,547,"01/07/2016 02:39 AM","SnowPlus Staff","Scott Erickson"
"Sec 19 - Elk Grove Village","1201-1251 Mark",773,"01/07/2016 02:37 AM","SnowPlus Staff","Ernie Vargas"
"Sec 19 - Elk Grove Village","1107 Mark",773,"01/07/2016 02:37 AM","SnowPlus Staff","Ernie Vargas"
"Sec 20 - Elk Grove Village North","Regent O'Hare Building Industrial Center",51,"01/07/2016 02:35 AM","SnowPlus Staff","Ernie Vargas"
"Sec 01 - Addison","Devry University",314,"01/07/2016 02:35 AM","SnowPlus Staff","Wally Sternberg"
"Sec 07 - Bensenville","630-650 Supreme",107,"01/07/2016 02:33 AM","SnowPlus Staff","Ernie Vargas"
"Sec 10 - Bolingbrook West","1375 Weber",985,"01/07/2016 02:33 AM","SnowPlus Staff","Donato Garcia"
"Sec 34 - Woodridge Retail","Art Van - Woodridge",980,"01/07/2016 02:33 AM","SnowPlus Staff","Dan Castro"
"Sec 10 - Bolingbrook West","1290 Remington",985,"01/07/2016 02:32 AM","SnowPlus Staff","Donato Garcia"
"Sec 19 - Elk Grove Village","1300 Mark",773,"01/07/2016 02:32 AM","SnowPlus Staff","Ernie Vargas"
"Sec 19 - Elk Grove Village","1301-1401 Mark",773,"01/07/2016 02:30 AM","SnowPlus Staff","Ernie Vargas"
"Sec 04 - Aurora West / Batavia","2401 Kaneville Rd",726,"01/07/2016 02:28 AM","SnowPlus Staff",
"Sec 19 - Elk Grove Village","1400 Mark",773,"01/07/2016 02:28 AM","SnowPlus Staff","Ernie Vargas"
"Sec 17 - Lombard / Oakbrook","Avery School",358,"01/07/2016 02:22 AM","SnowPlus Staff","Jose Legaspi"
"Sec 01 - Addison","2171 Executive",314,"01/07/2016 02:22 AM","SnowPlus Staff","Wally Sternberg"
"Sec 16 - Carol Stream West","Fresh Markets",358,"01/07/2016 02:22 AM","SnowPlus Staff","Leo Vargas"
"Sec 01 - Addison","350 Rohlwing - Vanport Warehousing",314,"01/07/2016 02:21 AM","SnowPlus Staff","Wally Sternberg"
"Sec 07 - Bensenville","971-991 Supreme",107,"01/07/2016 02:20 AM","SnowPlus Staff","Ernie Vargas"
"Sec 20 - Elk Grove Village North","1800 Landmeier",51,"01/07/2016 02:19 AM","SnowPlus Staff","Ernie Vargas"
"Sec 19 - Elk Grove Village","1380-1410 Kirk",773,"01/07/2016 02:19 AM","SnowPlus Staff","Ernie Vargas"
"Sec 19 - Elk Grove Village","2781 Katherine",773,"01/07/2016 02:18 AM","SnowPlus Staff","Ernie Vargas"
"Sec 29 - Naperville West","International Paper",547,"01/07/2016 02:17 AM","SnowPlus Staff","Scott Erickson"
"Sec 20 - Elk Grove Village North","Tech Center II",51,"01/07/2016 02:16 AM","SnowPlus Staff","Ernie Vargas"
"Sec 13 - Romeoville","160 South Creek",899,"01/07/2016 02:13 AM","SnowPlus Staff","Mike Jungles"
"Sec 04 - Aurora West / Batavia","Art Van - Batavia",726,"01/07/2016 02:11 AM","SnowPlus Staff",
"Sec 07 - Bensenville","659-699 Supreme",107,"01/07/2016 02:08 AM","SnowPlus Staff","Ernie Vargas"
"Sec 07 - Bensenville","659-699 Supreme",107,"01/07/2016 02:08 AM","SnowPlus Staff","Ernie Vargas"
"Sec 20 - Elk Grove Village North","Tech Center I",51,"01/07/2016 02:08 AM","SnowPlus Staff","Ernie Vargas"
"Sec 06 - McCook",EMD,980,"01/07/2016 02:05 AM","SnowPlus Staff","Richard Groome"
"Sec 19 - Elk Grove Village","1201 Kirk",773,"01/07/2016 02:05 AM","SnowPlus Staff","Ernie Vargas"
"Sec 05 - Bedford Park","Northstar Aerospace",980,"01/07/2016 02:05 AM","SnowPlus Staff","Enick Morris"
"Sec 05 - Bedford Park","7301 - 7361 Meade",980,"01/07/2016 02:04 AM","SnowPlus Staff","Enick Morris"
"Sec 05 - Bedford Park","Art Van - Cicero",980,"01/07/2016 02:04 AM","SnowPlus Staff","Enick Morris"
"Sec 07 - Bensenville","950-990 Supreme",107,"01/07/2016 02:03 AM","SnowPlus Staff","Ernie Vargas"
"Sec 01 - Addison","710 Belden",314,"01/07/2016 02:03 AM","SnowPlus Staff","Wally Sternberg"
"Sec 05 - Bedford Park","7301 - 7361 Meade",980,"01/07/2016 02:03 AM","SnowPlus Staff","Enick Morris"
"Sec 01 - Addison","775 Belden",314,"01/07/2016 02:02 AM","SnowPlus Staff","Wally Sternberg"
"Sec 20 - Elk Grove Village North","Regent O'Hare Building A",51,"01/07/2016 02:02 AM","SnowPlus Staff","Ernie Vargas"
"Sec 05 - Bedford Park","Northstar Aerospace",980,"01/07/2016 02:02 AM","SnowPlus Staff","Enick Morris"
"Sec 01 - Addison","780 Belden",314,"01/07/2016 02:02 AM","SnowPlus Staff","Wally Sternberg"
"Sec 19 - Elk Grove Village","2901 Lively",773,"01/07/2016 02:01 AM","SnowPlus Staff","Ernie Vargas"
"Sec 20 - Elk Grove Village North","Regent O'Hare Building B",51,"01/07/2016 02:01 AM","SnowPlus Staff","Ernie Vargas"
"Sec 04 - Aurora West / Batavia","West Aurora Plaza",726,"01/07/2016 01:55 AM","SnowPlus Staff",
"Sec 20 - Elk Grove Village North","Regent O'Hare Building E & F",51,"01/07/2016 01:54 AM","SnowPlus Staff","Ernie Vargas"
"Sec 19 - Elk Grove Village","1100 Thorndale",773,"01/07/2016 01:53 AM","SnowPlus Staff","Ernie Vargas"
"Sec 20 - Elk Grove Village North","951 Fargo",51,"01/07/2016 01:49 AM","SnowPlus Staff","Ernie Vargas"
"Sec 19 - Elk Grove Village","900 Thorndale",773,"01/07/2016 01:48 AM","SnowPlus Staff","Ernie Vargas"
"Sec 19 - Elk Grove Village","1290 Thorndale",773,"01/07/2016 01:47 AM","SnowPlus Staff","Ernie Vargas"
"Sec 10 - Bolingbrook West","1101-1109 Windham  2 bldgs",985,"01/07/2016 01:45 AM","SnowPlus Staff","Donato Garcia"
"Sec 17 - Lombard / Oakbrook","Avery School",819,"01/07/2016 01:44 AM","SnowPlus Staff","Jose Legaspi"
"Sec 21 - Bartlett","Stearns Crossing (Retail)",547,"01/07/2016 01:39 AM","SnowPlus Staff","Chad Meyer"
"Sec 19 - Elk Grove Village","2800 Carl",773,"01/07/2016 01:39 AM","SnowPlus Staff","Ernie Vargas"
"Sec 19 - Elk Grove Village","2800 Carl",773,"01/07/2016 01:39 AM","SnowPlus Staff","Ernie Vargas"
"Sec 19 - Elk Grove Village","2700 Carl",773,"01/07/2016 01:38 AM","SnowPlus Staff","Ernie Vargas"
"Sec 10 - Bolingbrook West","RR Donnelly",985,"01/07/2016 01:36 AM","SnowPlus Staff","Donato Garcia"
"Sec 19 - Elk Grove Village","2521 Lively",773,"01/07/2016 01:29 AM","SnowPlus Staff","Ernie Vargas"
"Sec 07 - Bensenville","1001 Foster",107,"01/07/2016 01:24 AM","SnowPlus Staff","Ernie Vargas"
"Sec 19 - Elk Grove Village","1601 Pratt",773,"01/07/2016 01:21 AM","SnowPlus Staff","Ernie Vargas"
"Sec 19 - Elk Grove Village","1601 Pratt",773,"01/07/2016 01:20 AM","SnowPlus Staff","Ernie Vargas"
"Sec 19 - Elk Grove Village","1501 Pratt",773,"01/07/2016 01:18 AM","SnowPlus Staff","Ernie Vargas"
"Sec 07 - Bensenville","1141 Ellis",107,"01/07/2016 01:18 AM","SnowPlus Staff","Ernie Vargas"
"Sec 11 - Bolingbrook South","400 Crossroads",25,"01/06/2016 10:46 AM","SnowPlus Staff","Tom Ustaszewski"
"Sec 29 - Naperville West","220 Frontenac",24,"01/05/2016 02:08 PM","SnowPlus Staff","Mito Sopko"
"Sec 08 - Berkeley","4700 Proviso",894,"01/04/2016 02:08 PM","SnowPlus Staff","Jim Jungles"
"Sec 07 - Bensenville","1010 Foster",773,"01/04/2016 02:05 PM","SnowPlus Staff","Ernie Vargas"
"Sec 07 - Bensenville","1010 Foster",773,"01/04/2016 02:04 PM","SnowPlus Staff","Ernie Vargas"
"Sec 23 - Rosemont","Columbia Center III",894,"01/04/2016 01:51 PM","SnowPlus Staff","Jim Jungles"
"Sec 23 - Rosemont","Columbia Center I & II",894,"01/04/2016 01:50 PM","SnowPlus Staff","Jim Jungles"
"Sec 07 - Bensenville","1001 Foster",773,"01/04/2016 01:45 PM","SnowPlus Staff","Ernie Vargas"
"Sec 07 - Bensenville","571-599 Edgewood",773,"01/04/2016 01:40 PM","SnowPlus Staff","Ernie Vargas"
"Sec 07 - Bensenville","311 Richert",773,"01/04/2016 01:40 PM","SnowPlus Staff","Ernie Vargas"
"Sec 07 - Bensenville","311 Richert",773,"01/04/2016 01:31 PM","SnowPlus Staff","Ernie Vargas"
"Sec 07 - Bensenville","855 Woodale",773,"01/04/2016 01:27 PM","SnowPlus Staff","Ernie Vargas"
"Sec 07 - Bensenville","201 Hansen",773,"01/04/2016 01:13 PM","SnowPlus Staff","Ernie Vargas"
"Sec 07 - Bensenville","860-888 Thomas",773,"01/04/2016 01:12 PM","SnowPlus Staff","Ernie Vargas"
"Sec 07 - Bensenville","877 Supreme",773,"01/04/2016 01:11 PM","SnowPlus Staff","Ernie Vargas"
"Sec 19 - Elk Grove Village","1601 Pratt",879,"01/04/2016 12:56 PM","SnowPlus Staff","Ernie Vargas"
"Sec 19 - Elk Grove Village","1501 Pratt",879,"01/04/2016 12:51 PM","SnowPlus Staff","Ernie Vargas"
"Sec 19 - Elk Grove Village","2700 Carl",879,"01/04/2016 12:39 PM","SnowPlus Staff","Ernie Vargas"
"Sec 19 - Elk Grove Village","2800 Carl",879,"01/04/2016 12:39 PM","SnowPlus Staff","Ernie Vargas"
"Sec 19 - Elk Grove Village","1290 Thorndale",879,"01/04/2016 12:34 PM","SnowPlus Staff","Ernie Vargas"
"Sec 19 - Elk Grove Village","1100 Thorndale",879,"01/04/2016 12:34 PM","SnowPlus Staff","Ernie Vargas"
"Sec 19 - Elk Grove Village","900 Thorndale",879,"01/04/2016 12:34 PM","SnowPlus Staff","Ernie Vargas"
"Sec 19 - Elk Grove Village","2901 Lively",879,"01/04/2016 12:33 PM","SnowPlus Staff","Ernie Vargas"
"Sec 07 - Bensenville","877 Supreme",773,"01/04/2016 12:30 PM","SnowPlus Staff","Ernie Vargas"
"Sec 07 - Bensenville","877 Supreme",773,"01/04/2016 12:29 PM","SnowPlus Staff","Ernie Vargas"
"Sec 07 - Bensenville","877 Supreme",773,"01/04/2016 12:29 PM","SnowPlus Staff","Ernie Vargas"
"Sec 19 - Elk Grove Village","2901 Lively",879,"01/04/2016 12:22 PM","SnowPlus Staff","Ernie Vargas"
"Sec 19 - Elk Grove Village","2521 Lively",879,"01/04/2016 12:18 PM","SnowPlus Staff","Ernie Vargas"
"Sec 19 - Elk Grove Village","2521 Lively",879,"01/04/2016 12:18 PM","SnowPlus Staff","Ernie Vargas"
"Sec 19 - Elk Grove Village","1107 Mark",879,"01/04/2016 12:16 PM","SnowPlus Staff","Ernie Vargas"
"Sec 19 - Elk Grove Village","1107 Mark",879,"01/04/2016 12:16 PM","SnowPlus Staff","Ernie Vargas"
"Sec 07 - Bensenville","560-590 Supreme",773,"01/04/2016 12:16 PM","SnowPlus Staff","Ernie Vargas"
"Sec 19 - Elk Grove Village","1201-1251 Mark",879,"01/04/2016 12:15 PM","SnowPlus Staff","Ernie Vargas"
"Sec 07 - Bensenville","600-608 & 610-620 Supreme ( 2 bdgs)",773,"01/04/2016 12:15 PM","SnowPlus Staff","Ernie Vargas"
"Sec 19 - Elk Grove Village","1300 Mark",879,"01/04/2016 12:15 PM","SnowPlus Staff","Ernie Vargas"
"Sec 07 - Bensenville","630-650 Supreme",773,"01/04/2016 12:14 PM","SnowPlus Staff","Ernie Vargas"
"Sec 19 - Elk Grove Village","1400 Mark",879,"01/04/2016 12:14 PM","SnowPlus Staff","Ernie Vargas"
"Sec 19 - Elk Grove Village","1301-1401 Mark",879,"01/04/2016 12:14 PM","SnowPlus Staff","Ernie Vargas"
"Sec 07 - Bensenville","595-601 Supreme",773,"01/04/2016 12:14 PM","SnowPlus Staff","Ernie Vargas"
"Sec 19 - Elk Grove Village","2781 Katherine",879,"01/04/2016 12:13 PM","SnowPlus Staff","Ernie Vargas"
"Sec 07 - Bensenville","645-651 Supreme",773,"01/04/2016 12:13 PM","SnowPlus Staff","Ernie Vargas"
"Sec 19 - Elk Grove Village","1380-1410 Kirk",879,"01/04/2016 12:12 PM","SnowPlus Staff","Ernie Vargas"
"Sec 19 - Elk Grove Village","1301-1401 Mark",879,"01/04/2016 10:50 AM","SnowPlus Staff","Ernie Vargas"
"Sec 19 - Elk Grove Village","1201-1251 Mark",879,"01/04/2016 10:42 AM","SnowPlus Staff","Ernie Vargas"
"Sec 07 - Bensenville","659-699 Supreme",773,"01/04/2016 10:33 AM","SnowPlus Staff","Ernie Vargas"
"Sec 07 - Bensenville","950-990 Supreme",773,"01/04/2016 10:33 AM","SnowPlus Staff","Ernie Vargas"
"Sec 07 - Bensenville","950-990 Supreme",773,"01/04/2016 10:33 AM","SnowPlus Staff","Ernie Vargas"
"Sec 07 - Bensenville","971-991 Supreme",773,"01/04/2016 10:32 AM","SnowPlus Staff","Ernie Vargas"
"Sec 19 - Elk Grove Village","2521 Lively",879,"01/04/2016 10:26 AM","SnowPlus Staff","Ernie Vargas"
"Sec 19 - Elk Grove Village","2700 Carl",879,"01/04/2016 10:22 AM","SnowPlus Staff","Ernie Vargas"
"Sec 19 - Elk Grove Village","2800 Carl",879,"01/04/2016 10:17 AM","SnowPlus Staff","Ernie Vargas"
